Product,Generic,Brand,Form,Strength,On hand,Reserved,Available,Reorder level,Batch no,Expiry,Batch qty
Halothane 250-mL bottle,Halothane,,"inhalation, liquid",250-mL bottle,100,0,100,20,B10000,30/12/2028,100
Ketamine 50mg/ml in 10ml,Ketamine,,injection,50mg/ml in 10ml,100,0,100,20,B10001,30/12/2028,100
Nitrous oxide Medical gas,Nitrous oxide,,inhalation,Medical gas,100,0,100,20,B10002,30/12/2028,100
Oxygen Medical gas,Oxygen,,inhalation,Medical gas,100,0,100,20,B10003,30/12/2028,100
Atropine 1mg/1ml,Atropine,,injection,1mg/1ml,100,0,100,20,B10004,30/12/2028,100
Diazepam 5mg/ml in 2ml,Diazepam,,injection,5mg/ml in 2ml,100,0,100,20,B10005,30/12/2028,100
Hyoscine N-Butylbromide 20mg/ml,Hyoscine N-Butylbromide,,injection,20mg/ml,100,0,100,20,B10006,30/12/2028,100
Midazolam 15mg/3ml,Midazolam,,injection,15mg/3ml,100,0,100,20,B10007,30/12/2028,100
Morphine 10mg/ml,Morphine,,injection,10mg/ml,100,0,100,20,B10008,30/12/2028,100
Promethazine 25mg,Promethazine,,tablet,25mg,100,0,100,20,B10009,30/12/2028,100
Promethazine 5mg/5ml,Promethazine,,syrup,5mg/5ml,100,0,100,20,B10010,30/12/2028,100
Atracurium 10mg/ml,Atracurium,,injection,10mg/ml,100,0,100,20,B10011,30/12/2028,100
Neostigmine 2.5mg/ml,Neostigmine,,injection,2.5mg/ml,100,0,100,20,B10012,30/12/2028,100
Suxamethonium 50mg/ml,Suxamethonium,,injection,50mg/ml,100,0,100,20,B10013,30/12/2028,100
Propofol 10mg/ml,Propofol,,injection,10mg/ml,100,0,100,20,B10014,30/12/2028,100
Lidocaine 2%,Lidocaine,,injection,2%,100,0,100,20,B10015,30/12/2028,100
Bupivacaine 0.5%,Bupivacaine,,injection,0.5%,100,0,100,20,B10016,30/12/2028,100
Pentazocine 30mg/ml,Pentazocine,,injection,30mg/ml,100,0,100,20,B10017,30/12/2028,100
Pethidine 50mg/ml,Pethidine,,injection,50mg/ml,100,0,100,20,B10018,30/12/2028,100
Tramadol 50mg,Tramadol,,capsule,50mg,100,0,100,20,B10019,30/12/2028,100
Acetylsalicylic Acid 300mg,Acetylsalicylic Acid,,tablet,300mg,100,0,100,20,B10020,30/12/2028,100
Paracetamol 500mg,Paracetamol,,tablet,500mg,100,0,100,20,B10021,30/12/2028,100
Paracetamol 125mg/5ml,Paracetamol,,syrup,125mg/5ml,100,0,100,20,B10022,30/12/2028,100
Paracetamol 150mg/ml,Paracetamol,,injection,150mg/ml,100,0,100,20,B10023,30/12/2028,100
Allopurinol 100mg,Allopurinol,,tablet,100mg,100,0,100,20,B10024,30/12/2028,100
Diclofenac Sodium 50mg,Diclofenac Sodium,,tablet,50mg,100,0,100,20,B10025,30/12/2028,100
Diclofenac Sodium 25mg/ml,Diclofenac Sodium,,injection,25mg/ml,100,0,100,20,B10026,30/12/2028,100
Ibuprofen 400mg,Ibuprofen,,tablet,400mg,100,0,100,20,B10027,30/12/2028,100
Ibuprofen 100mg/5ml,Ibuprofen,,suspension,100mg/5ml,100,0,100,20,B10028,30/12/2028,100
Naproxen 250mg,Naproxen,,tablet,250mg,100,0,100,20,B10029,30/12/2028,100
Piroxicam 20mg,Piroxicam,,capsule,20mg,100,0,100,20,B10030,30/12/2028,100
Meloxicam 15mg,Meloxicam,,tablet,15mg,100,0,100,20,B10031,30/12/2028,100
Naloxone 0.4mg/ml,Naloxone,,injection,0.4mg/ml,100,0,100,20,B10032,30/12/2028,100
Chlorpheniramine 4mg,Chlorpheniramine,,tablet,4mg,100,0,100,20,B10033,30/12/2028,100
Hydrocortisone 100mg,Hydrocortisone,,injection,100mg,100,0,100,20,B10034,30/12/2028,100
Prednisolone 5mg,Prednisolone,,tablet,5mg,100,0,100,20,B10035,30/12/2028,100
Phenobarbital 30mg,Phenobarbital,,tablet,30mg,100,0,100,20,B10036,30/12/2028,100
Phenytoin 100mg,Phenytoin,,capsule,100mg,100,0,100,20,B10037,30/12/2028,100
Sodium Valproate 200mg,Sodium Valproate,,tablet,200mg,100,0,100,20,B10038,30/12/2028,100
Carbamazepine 200mg,Carbamazepine,,tablet,200mg,100,0,100,20,B10039,30/12/2028,100
Amoxicillin 500mg,Amoxicillin,,capsule,500mg,100,0,100,20,B10040,30/12/2028,100
Amoxicillin 125mg/5ml,Amoxicillin,,suspension,125mg/5ml,100,0,100,20,B10041,30/12/2028,100
Ampicillin 500mg,Ampicillin,,injection,500mg,100,0,100,20,B10042,30/12/2028,100
Cloxacillin 250mg,Cloxacillin,,capsule,250mg,100,0,100,20,B10043,30/12/2028,100
Ceftriaxone 1g,Ceftriaxone,,injection,1g,100,0,100,20,B10044,30/12/2028,100
Cefuroxime 250mg,Cefuroxime,,tablet,250mg,100,0,100,20,B10045,30/12/2028,100
Azithromycin 500mg,Azithromycin,,tablet,500mg,100,0,100,20,B10046,30/12/2028,100
Erythromycin 250mg,Erythromycin,,tablet,250mg,100,0,100,20,B10047,30/12/2028,100
Ciprofloxacin 500mg,Ciprofloxacin,,tablet,500mg,100,0,100,20,B10048,30/12/2028,100
Metronidazole 200mg,Metronidazole,,tablet,200mg,100,0,100,20,B10049,30/12/2028,100
Metronidazole 5mg/ml,Metronidazole,,infusion,5mg/ml,100,0,100,20,B10050,30/12/2028,100
Gentamicin 40mg/ml,Gentamicin,,injection,40mg/ml,100,0,100,20,B10051,30/12/2028,100
Doxycycline 100mg,Doxycycline,,capsule,100mg,100,0,100,20,B10052,30/12/2028,100
Cotrimoxazole 480mg,Cotrimoxazole,,tablet,480mg,100,0,100,20,B10053,30/12/2028,100
Artemether + Lumefantrine 20mg/120mg,Artemether + Lumefantrine,,tablet,20mg/120mg,100,0,100,20,B10054,30/12/2028,100
Artesunate 60mg,Artesunate,,injection,60mg,100,0,100,20,B10055,30/12/2028,100
Amodiaquine 200mg,Amodiaquine,,tablet,200mg,100,0,100,20,B10056,30/12/2028,100
Quinine 300mg/ml,Quinine,,injection,300mg/ml,100,0,100,20,B10057,30/12/2028,100
Fluconazole 150mg,Fluconazole,,capsule,150mg,100,0,100,20,B10058,30/12/2028,100
"Nystatin 100,000 IU/ml",Nystatin,,oral suspension,"100,000 IU/ml",100,0,100,20,B10059,30/12/2028,100
Amlodipine 5mg,Amlodipine,,tablet,5mg,100,0,100,20,B10060,30/12/2028,100
Amlodipine 10mg,Amlodipine,,tablet,10mg,100,0,100,20,B10061,30/12/2028,100
Lisinopril 10mg,Lisinopril,,tablet,10mg,100,0,100,20,B10062,30/12/2028,100
Lisinopril 20mg,Lisinopril,,tablet,20mg,100,0,100,20,B10063,30/12/2028,100
Atenolol 50mg,Atenolol,,tablet,50mg,100,0,100,20,B10064,30/12/2028,100
Propranolol 40mg,Propranolol,,tablet,40mg,100,0,100,20,B10065,30/12/2028,100
Methyldopa 250mg,Methyldopa,,tablet,250mg,100,0,100,20,B10066,30/12/2028,100
Hydralazine 20mg,Hydralazine,,injection,20mg,100,0,100,20,B10067,30/12/2028,100
Glyceryl Trinitrate 0.5mg,Glyceryl Trinitrate,,tablet,0.5mg,100,0,100,20,B10068,30/12/2028,100
Isosorbide Dinitrate 10mg,Isosorbide Dinitrate,,tablet,10mg,100,0,100,20,B10069,30/12/2028,100
Digoxin 0.25mg,Digoxin,,tablet,0.25mg,100,0,100,20,B10070,30/12/2028,100
Furosemide 40mg,Furosemide,,tablet,40mg,100,0,100,20,B10071,30/12/2028,100
Furosemide 10mg/ml,Furosemide,,injection,10mg/ml,100,0,100,20,B10072,30/12/2028,100
Hydrochlorothiazide 25mg,Hydrochlorothiazide,,tablet,25mg,100,0,100,20,B10073,30/12/2028,100
Spironolactone 25mg,Spironolactone,,tablet,25mg,100,0,100,20,B10074,30/12/2028,100
Atorvastatin 20mg,Atorvastatin,,tablet,20mg,100,0,100,20,B10075,30/12/2028,100
Simvastatin 20mg,Simvastatin,,tablet,20mg,100,0,100,20,B10076,30/12/2028,100
Salbutamol 100mcg,Salbutamol,,inhaler,100mcg,100,0,100,20,B10077,30/12/2028,100
Salbutamol 4mg,Salbutamol,,tablet,4mg,100,0,100,20,B10078,30/12/2028,100
Aminophylline 25mg/ml,Aminophylline,,injection,25mg/ml,100,0,100,20,B10079,30/12/2028,100
Omeprazole 20mg,Omeprazole,,capsule,20mg,100,0,100,20,B10080,30/12/2028,100
Cimetidine 200mg,Cimetidine,,tablet,200mg,100,0,100,20,B10081,30/12/2028,100
Metoclopramide 10mg,Metoclopramide,,tablet,10mg,100,0,100,20,B10082,30/12/2028,100
Zinc Sulfate 20mg,Zinc Sulfate,,tablet,20mg,100,0,100,20,B10083,30/12/2028,100
Bisacodyl 5mg,Bisacodyl,,tablet,5mg,100,0,100,20,B10084,30/12/2028,100
Metformin 500mg,Metformin,,tablet,500mg,100,0,100,20,B10085,30/12/2028,100
Metformin 850mg,Metformin,,tablet,850mg,100,0,100,20,B10086,30/12/2028,100
Glibenclamide 5mg,Glibenclamide,,tablet,5mg,100,0,100,20,B10087,30/12/2028,100
Glimepiride 2mg,Glimepiride,,tablet,2mg,100,0,100,20,B10088,30/12/2028,100
Levothyroxine 50mcg,Levothyroxine,,tablet,50mcg,100,0,100,20,B10089,30/12/2028,100
Carbimazole 5mg,Carbimazole,,tablet,5mg,100,0,100,20,B10090,30/12/2028,100
Folic Acid 5mg,Folic Acid,,tablet,5mg,100,0,100,20,B10091,30/12/2028,100
Oxytocin 10 IU/ml,Oxytocin,,injection,10 IU/ml,100,0,100,20,B10092,30/12/2028,100
Misoprostol 200mcg,Misoprostol,,tablet,200mcg,100,0,100,20,B10093,30/12/2028,100
Magnesium Sulfate 50%,Magnesium Sulfate,,injection,50%,100,0,100,20,B10094,30/12/2028,100
Amitriptyline 25mg,Amitriptyline,,tablet,25mg,100,0,100,20,B10095,30/12/2028,100
Fluoxetine 20mg,Fluoxetine,,capsule,20mg,100,0,100,20,B10096,30/12/2028,100
Haloperidol 5mg,Haloperidol,,tablet,5mg,100,0,100,20,B10097,30/12/2028,100
Chlorpromazine 100mg,Chlorpromazine,,tablet,100mg,100,0,100,20,B10098,30/12/2028,100
Halothane 10mg,Halothane,,tablet,10mg,100,0,100,20,B10099,30/12/2028,100
Ketamine 10mg,Ketamine,,tablet,10mg,100,0,100,20,B10100,30/12/2028,100
Nitrous oxide 10mg,Nitrous oxide,,tablet,10mg,100,0,100,20,B10101,30/12/2028,100
Oxygen 10mg,Oxygen,,tablet,10mg,100,0,100,20,B10102,30/12/2028,100
Atropine 10mg,Atropine,,tablet,10mg,100,0,100,20,B10103,30/12/2028,100
Diazepam 10mg,Diazepam,,tablet,10mg,100,0,100,20,B10104,30/12/2028,100
Hyoscine N-Butylbromide 10mg,Hyoscine N-Butylbromide,,tablet,10mg,100,0,100,20,B10105,30/12/2028,100
Midazolam 10mg,Midazolam,,tablet,10mg,100,0,100,20,B10106,30/12/2028,100
Morphine 10mg,Morphine,,tablet,10mg,100,0,100,20,B10107,30/12/2028,100
Promethazine 10mg,Promethazine,,tablet,10mg,100,0,100,20,B10108,30/12/2028,100
Promethazine 10mg,Promethazine,,tablet,10mg,100,0,100,20,B10109,30/12/2028,100
Atracurium 10mg,Atracurium,,tablet,10mg,100,0,100,20,B10110,30/12/2028,100
Neostigmine 10mg,Neostigmine,,tablet,10mg,100,0,100,20,B10111,30/12/2028,100
Suxamethonium 10mg,Suxamethonium,,tablet,10mg,100,0,100,20,B10112,30/12/2028,100
Propofol 10mg,Propofol,,tablet,10mg,100,0,100,20,B10113,30/12/2028,100
Lidocaine 10mg,Lidocaine,,tablet,10mg,100,0,100,20,B10114,30/12/2028,100
Bupivacaine 10mg,Bupivacaine,,tablet,10mg,100,0,100,20,B10115,30/12/2028,100
Pentazocine 10mg,Pentazocine,,tablet,10mg,100,0,100,20,B10116,30/12/2028,100
Pethidine 10mg,Pethidine,,tablet,10mg,100,0,100,20,B10117,30/12/2028,100
Tramadol 10mg,Tramadol,,tablet,10mg,100,0,100,20,B10118,30/12/2028,100
Acetylsalicylic Acid 10mg,Acetylsalicylic Acid,,tablet,10mg,100,0,100,20,B10119,30/12/2028,100
Paracetamol 10mg,Paracetamol,,tablet,10mg,100,0,100,20,B10120,30/12/2028,100
Paracetamol 10mg,Paracetamol,,tablet,10mg,100,0,100,20,B10121,30/12/2028,100
Paracetamol 10mg,Paracetamol,,tablet,10mg,100,0,100,20,B10122,30/12/2028,100
Allopurinol 10mg,Allopurinol,,tablet,10mg,100,0,100,20,B10123,30/12/2028,100
Diclofenac Sodium 10mg,Diclofenac Sodium,,tablet,10mg,100,0,100,20,B10124,30/12/2028,100
Diclofenac Sodium 10mg,Diclofenac Sodium,,tablet,10mg,100,0,100,20,B10125,30/12/2028,100
Ibuprofen 10mg,Ibuprofen,,tablet,10mg,100,0,100,20,B10126,30/12/2028,100
Ibuprofen 10mg,Ibuprofen,,tablet,10mg,100,0,100,20,B10127,30/12/2028,100
Naproxen 10mg,Naproxen,,tablet,10mg,100,0,100,20,B10128,30/12/2028,100
Piroxicam 10mg,Piroxicam,,tablet,10mg,100,0,100,20,B10129,30/12/2028,100
Meloxicam 10mg,Meloxicam,,tablet,10mg,100,0,100,20,B10130,30/12/2028,100
Naloxone 10mg,Naloxone,,tablet,10mg,100,0,100,20,B10131,30/12/2028,100
Chlorpheniramine 10mg,Chlorpheniramine,,tablet,10mg,100,0,100,20,B10132,30/12/2028,100
Hydrocortisone 10mg,Hydrocortisone,,tablet,10mg,100,0,100,20,B10133,30/12/2028,100
Prednisolone 10mg,Prednisolone,,tablet,10mg,100,0,100,20,B10134,30/12/2028,100
Phenobarbital 10mg,Phenobarbital,,tablet,10mg,100,0,100,20,B10135,30/12/2028,100
Phenytoin 10mg,Phenytoin,,tablet,10mg,100,0,100,20,B10136,30/12/2028,100
Sodium Valproate 10mg,Sodium Valproate,,tablet,10mg,100,0,100,20,B10137,30/12/2028,100
Carbamazepine 10mg,Carbamazepine,,tablet,10mg,100,0,100,20,B10138,30/12/2028,100
Amoxicillin 10mg,Amoxicillin,,tablet,10mg,100,0,100,20,B10139,30/12/2028,100
Amoxicillin 10mg,Amoxicillin,,tablet,10mg,100,0,100,20,B10140,30/12/2028,100
Ampicillin 10mg,Ampicillin,,tablet,10mg,100,0,100,20,B10141,30/12/2028,100
Cloxacillin 10mg,Cloxacillin,,tablet,10mg,100,0,100,20,B10142,30/12/2028,100
Ceftriaxone 10mg,Ceftriaxone,,tablet,10mg,100,0,100,20,B10143,30/12/2028,100
Cefuroxime 10mg,Cefuroxime,,tablet,10mg,100,0,100,20,B10144,30/12/2028,100
Azithromycin 10mg,Azithromycin,,tablet,10mg,100,0,100,20,B10145,30/12/2028,100
Erythromycin 10mg,Erythromycin,,tablet,10mg,100,0,100,20,B10146,30/12/2028,100
Ciprofloxacin 10mg,Ciprofloxacin,,tablet,10mg,100,0,100,20,B10147,30/12/2028,100
Metronidazole 10mg,Metronidazole,,tablet,10mg,100,0,100,20,B10148,30/12/2028,100
Metronidazole 10mg,Metronidazole,,tablet,10mg,100,0,100,20,B10149,30/12/2028,100
Gentamicin 10mg,Gentamicin,,tablet,10mg,100,0,100,20,B10150,30/12/2028,100
Doxycycline 10mg,Doxycycline,,tablet,10mg,100,0,100,20,B10151,30/12/2028,100
Cotrimoxazole 10mg,Cotrimoxazole,,tablet,10mg,100,0,100,20,B10152,30/12/2028,100
Artemether + Lumefantrine 10mg,Artemether + Lumefantrine,,tablet,10mg,100,0,100,20,B10153,30/12/2028,100
Artesunate 10mg,Artesunate,,tablet,10mg,100,0,100,20,B10154,30/12/2028,100
Amodiaquine 10mg,Amodiaquine,,tablet,10mg,100,0,100,20,B10155,30/12/2028,100
Quinine 10mg,Quinine,,tablet,10mg,100,0,100,20,B10156,30/12/2028,100
Fluconazole 10mg,Fluconazole,,tablet,10mg,100,0,100,20,B10157,30/12/2028,100
Nystatin 10mg,Nystatin,,tablet,10mg,100,0,100,20,B10158,30/12/2028,100
Amlodipine 10mg,Amlodipine,,tablet,10mg,100,0,100,20,B10159,30/12/2028,100
Amlodipine 10mg,Amlodipine,,tablet,10mg,100,0,100,20,B10160,30/12/2028,100
Lisinopril 10mg,Lisinopril,,tablet,10mg,100,0,100,20,B10161,30/12/2028,100
Lisinopril 10mg,Lisinopril,,tablet,10mg,100,0,100,20,B10162,30/12/2028,100
Atenolol 10mg,Atenolol,,tablet,10mg,100,0,100,20,B10163,30/12/2028,100
Propranolol 10mg,Propranolol,,tablet,10mg,100,0,100,20,B10164,30/12/2028,100
Methyldopa 10mg,Methyldopa,,tablet,10mg,100,0,100,20,B10165,30/12/2028,100
Hydralazine 10mg,Hydralazine,,tablet,10mg,100,0,100,20,B10166,30/12/2028,100
Glyceryl Trinitrate 10mg,Glyceryl Trinitrate,,tablet,10mg,100,0,100,20,B10167,30/12/2028,100
Isosorbide Dinitrate 10mg,Isosorbide Dinitrate,,tablet,10mg,100,0,100,20,B10168,30/12/2028,100
Digoxin 10mg,Digoxin,,tablet,10mg,100,0,100,20,B10169,30/12/2028,100
Furosemide 10mg,Furosemide,,tablet,10mg,100,0,100,20,B10170,30/12/2028,100
Furosemide 10mg,Furosemide,,tablet,10mg,100,0,100,20,B10171,30/12/2028,100
Hydrochlorothiazide 10mg,Hydrochlorothiazide,,tablet,10mg,100,0,100,20,B10172,30/12/2028,100
Spironolactone 10mg,Spironolactone,,tablet,10mg,100,0,100,20,B10173,30/12/2028,100
Atorvastatin 10mg,Atorvastatin,,tablet,10mg,100,0,100,20,B10174,30/12/2028,100
Simvastatin 10mg,Simvastatin,,tablet,10mg,100,0,100,20,B10175,30/12/2028,100
Salbutamol 10mg,Salbutamol,,tablet,10mg,100,0,100,20,B10176,30/12/2028,100
Salbutamol 10mg,Salbutamol,,tablet,10mg,100,0,100,20,B10177,30/12/2028,100
Aminophylline 10mg,Aminophylline,,tablet,10mg,100,0,100,20,B10178,30/12/2028,100
Omeprazole 10mg,Omeprazole,,tablet,10mg,100,0,100,20,B10179,30/12/2028,100
Cimetidine 10mg,Cimetidine,,tablet,10mg,100,0,100,20,B10180,30/12/2028,100
Metoclopramide 10mg,Metoclopramide,,tablet,10mg,100,0,100,20,B10181,30/12/2028,100
Zinc Sulfate 10mg,Zinc Sulfate,,tablet,10mg,100,0,100,20,B10182,30/12/2028,100
Bisacodyl 10mg,Bisacodyl,,tablet,10mg,100,0,100,20,B10183,30/12/2028,100
Metformin 10mg,Metformin,,tablet,10mg,100,0,100,20,B10184,30/12/2028,100
Metformin 10mg,Metformin,,tablet,10mg,100,0,100,20,B10185,30/12/2028,100
Glibenclamide 10mg,Glibenclamide,,tablet,10mg,100,0,100,20,B10186,30/12/2028,100
Glimepiride 10mg,Glimepiride,,tablet,10mg,100,0,100,20,B10187,30/12/2028,100
Levothyroxine 10mg,Levothyroxine,,tablet,10mg,100,0,100,20,B10188,30/12/2028,100
Carbimazole 10mg,Carbimazole,,tablet,10mg,100,0,100,20,B10189,30/12/2028,100
Folic Acid 10mg,Folic Acid,,tablet,10mg,100,0,100,20,B10190,30/12/2028,100
Oxytocin 10mg,Oxytocin,,tablet,10mg,100,0,100,20,B10191,30/12/2028,100
Misoprostol 10mg,Misoprostol,,tablet,10mg,100,0,100,20,B10192,30/12/2028,100
Magnesium Sulfate 10mg,Magnesium Sulfate,,tablet,10mg,100,0,100,20,B10193,30/12/2028,100
Amitriptyline 10mg,Amitriptyline,,tablet,10mg,100,0,100,20,B10194,30/12/2028,100
Fluoxetine 10mg,Fluoxetine,,tablet,10mg,100,0,100,20,B10195,30/12/2028,100
Haloperidol 10mg,Haloperidol,,tablet,10mg,100,0,100,20,B10196,30/12/2028,100
Chlorpromazine 10mg,Chlorpromazine,,tablet,10mg,100,0,100,20,B10197,30/12/2028,100
Halothane 20mg,Halothane,,tablet,20mg,100,0,100,20,B10198,30/12/2028,100
Ketamine 20mg,Ketamine,,tablet,20mg,100,0,100,20,B10199,30/12/2028,100
Nitrous oxide 20mg,Nitrous oxide,,tablet,20mg,100,0,100,20,B10200,30/12/2028,100
Oxygen 20mg,Oxygen,,tablet,20mg,100,0,100,20,B10201,30/12/2028,100
Atropine 20mg,Atropine,,tablet,20mg,100,0,100,20,B10202,30/12/2028,100
Diazepam 20mg,Diazepam,,tablet,20mg,100,0,100,20,B10203,30/12/2028,100
Hyoscine N-Butylbromide 20mg,Hyoscine N-Butylbromide,,tablet,20mg,100,0,100,20,B10204,30/12/2028,100
Midazolam 20mg,Midazolam,,tablet,20mg,100,0,100,20,B10205,30/12/2028,100
Morphine 20mg,Morphine,,tablet,20mg,100,0,100,20,B10206,30/12/2028,100
Promethazine 20mg,Promethazine,,tablet,20mg,100,0,100,20,B10207,30/12/2028,100
Promethazine 20mg,Promethazine,,tablet,20mg,100,0,100,20,B10208,30/12/2028,100
Atracurium 20mg,Atracurium,,tablet,20mg,100,0,100,20,B10209,30/12/2028,100
Neostigmine 20mg,Neostigmine,,tablet,20mg,100,0,100,20,B10210,30/12/2028,100
Suxamethonium 20mg,Suxamethonium,,tablet,20mg,100,0,100,20,B10211,30/12/2028,100
Propofol 20mg,Propofol,,tablet,20mg,100,0,100,20,B10212,30/12/2028,100
Lidocaine 20mg,Lidocaine,,tablet,20mg,100,0,100,20,B10213,30/12/2028,100
Bupivacaine 20mg,Bupivacaine,,tablet,20mg,100,0,100,20,B10214,30/12/2028,100
Pentazocine 20mg,Pentazocine,,tablet,20mg,100,0,100,20,B10215,30/12/2028,100
Pethidine 20mg,Pethidine,,tablet,20mg,100,0,100,20,B10216,30/12/2028,100
Tramadol 20mg,Tramadol,,tablet,20mg,100,0,100,20,B10217,30/12/2028,100
Acetylsalicylic Acid 20mg,Acetylsalicylic Acid,,tablet,20mg,100,0,100,20,B10218,30/12/2028,100
Paracetamol 20mg,Paracetamol,,tablet,20mg,100,0,100,20,B10219,30/12/2028,100
Paracetamol 20mg,Paracetamol,,tablet,20mg,100,0,100,20,B10220,30/12/2028,100
Paracetamol 20mg,Paracetamol,,tablet,20mg,100,0,100,20,B10221,30/12/2028,100
Allopurinol 20mg,Allopurinol,,tablet,20mg,100,0,100,20,B10222,30/12/2028,100
Diclofenac Sodium 20mg,Diclofenac Sodium,,tablet,20mg,100,0,100,20,B10223,30/12/2028,100
Diclofenac Sodium 20mg,Diclofenac Sodium,,tablet,20mg,100,0,100,20,B10224,30/12/2028,100
Ibuprofen 20mg,Ibuprofen,,tablet,20mg,100,0,100,20,B10225,30/12/2028,100
Ibuprofen 20mg,Ibuprofen,,tablet,20mg,100,0,100,20,B10226,30/12/2028,100
Naproxen 20mg,Naproxen,,tablet,20mg,100,0,100,20,B10227,30/12/2028,100
Piroxicam 20mg,Piroxicam,,tablet,20mg,100,0,100,20,B10228,30/12/2028,100
Meloxicam 20mg,Meloxicam,,tablet,20mg,100,0,100,20,B10229,30/12/2028,100
Naloxone 20mg,Naloxone,,tablet,20mg,100,0,100,20,B10230,30/12/2028,100
Chlorpheniramine 20mg,Chlorpheniramine,,tablet,20mg,100,0,100,20,B10231,30/12/2028,100
Hydrocortisone 20mg,Hydrocortisone,,tablet,20mg,100,0,100,20,B10232,30/12/2028,100
Prednisolone 20mg,Prednisolone,,tablet,20mg,100,0,100,20,B10233,30/12/2028,100
Phenobarbital 20mg,Phenobarbital,,tablet,20mg,100,0,100,20,B10234,30/12/2028,100
Phenytoin 20mg,Phenytoin,,tablet,20mg,100,0,100,20,B10235,30/12/2028,100
Sodium Valproate 20mg,Sodium Valproate,,tablet,20mg,100,0,100,20,B10236,30/12/2028,100
Carbamazepine 20mg,Carbamazepine,,tablet,20mg,100,0,100,20,B10237,30/12/2028,100
Amoxicillin 20mg,Amoxicillin,,tablet,20mg,100,0,100,20,B10238,30/12/2028,100
Amoxicillin 20mg,Amoxicillin,,tablet,20mg,100,0,100,20,B10239,30/12/2028,100
Ampicillin 20mg,Ampicillin,,tablet,20mg,100,0,100,20,B10240,30/12/2028,100
Cloxacillin 20mg,Cloxacillin,,tablet,20mg,100,0,100,20,B10241,30/12/2028,100
Ceftriaxone 20mg,Ceftriaxone,,tablet,20mg,100,0,100,20,B10242,30/12/2028,100
Cefuroxime 20mg,Cefuroxime,,tablet,20mg,100,0,100,20,B10243,30/12/2028,100
Azithromycin 20mg,Azithromycin,,tablet,20mg,100,0,100,20,B10244,30/12/2028,100
Erythromycin 20mg,Erythromycin,,tablet,20mg,100,0,100,20,B10245,30/12/2028,100
Ciprofloxacin 20mg,Ciprofloxacin,,tablet,20mg,100,0,100,20,B10246,30/12/2028,100
Metronidazole 20mg,Metronidazole,,tablet,20mg,100,0,100,20,B10247,30/12/2028,100
Metronidazole 20mg,Metronidazole,,tablet,20mg,100,0,100,20,B10248,30/12/2028,100
Gentamicin 20mg,Gentamicin,,tablet,20mg,100,0,100,20,B10249,30/12/2028,100
Doxycycline 20mg,Doxycycline,,tablet,20mg,100,0,100,20,B10250,30/12/2028,100
Cotrimoxazole 20mg,Cotrimoxazole,,tablet,20mg,100,0,100,20,B10251,30/12/2028,100
Artemether + Lumefantrine 20mg,Artemether + Lumefantrine,,tablet,20mg,100,0,100,20,B10252,30/12/2028,100
Artesunate 20mg,Artesunate,,tablet,20mg,100,0,100,20,B10253,30/12/2028,100
Amodiaquine 20mg,Amodiaquine,,tablet,20mg,100,0,100,20,B10254,30/12/2028,100
Quinine 20mg,Quinine,,tablet,20mg,100,0,100,20,B10255,30/12/2028,100
Fluconazole 20mg,Fluconazole,,tablet,20mg,100,0,100,20,B10256,30/12/2028,100
Nystatin 20mg,Nystatin,,tablet,20mg,100,0,100,20,B10257,30/12/2028,100
Amlodipine 20mg,Amlodipine,,tablet,20mg,100,0,100,20,B10258,30/12/2028,100
Amlodipine 20mg,Amlodipine,,tablet,20mg,100,0,100,20,B10259,30/12/2028,100
Lisinopril 20mg,Lisinopril,,tablet,20mg,100,0,100,20,B10260,30/12/2028,100
Lisinopril 20mg,Lisinopril,,tablet,20mg,100,0,100,20,B10261,30/12/2028,100
Atenolol 20mg,Atenolol,,tablet,20mg,100,0,100,20,B10262,30/12/2028,100
Propranolol 20mg,Propranolol,,tablet,20mg,100,0,100,20,B10263,30/12/2028,100
Methyldopa 20mg,Methyldopa,,tablet,20mg,100,0,100,20,B10264,30/12/2028,100
Hydralazine 20mg,Hydralazine,,tablet,20mg,100,0,100,20,B10265,30/12/2028,100
Glyceryl Trinitrate 20mg,Glyceryl Trinitrate,,tablet,20mg,100,0,100,20,B10266,30/12/2028,100
Isosorbide Dinitrate 20mg,Isosorbide Dinitrate,,tablet,20mg,100,0,100,20,B10267,30/12/2028,100
Digoxin 20mg,Digoxin,,tablet,20mg,100,0,100,20,B10268,30/12/2028,100
Furosemide 20mg,Furosemide,,tablet,20mg,100,0,100,20,B10269,30/12/2028,100
Furosemide 20mg,Furosemide,,tablet,20mg,100,0,100,20,B10270,30/12/2028,100
Hydrochlorothiazide 20mg,Hydrochlorothiazide,,tablet,20mg,100,0,100,20,B10271,30/12/2028,100
Spironolactone 20mg,Spironolactone,,tablet,20mg,100,0,100,20,B10272,30/12/2028,100
Atorvastatin 20mg,Atorvastatin,,tablet,20mg,100,0,100,20,B10273,30/12/2028,100
Simvastatin 20mg,Simvastatin,,tablet,20mg,100,0,100,20,B10274,30/12/2028,100
Salbutamol 20mg,Salbutamol,,tablet,20mg,100,0,100,20,B10275,30/12/2028,100
Salbutamol 20mg,Salbutamol,,tablet,20mg,100,0,100,20,B10276,30/12/2028,100
Aminophylline 20mg,Aminophylline,,tablet,20mg,100,0,100,20,B10277,30/12/2028,100
Omeprazole 20mg,Omeprazole,,tablet,20mg,100,0,100,20,B10278,30/12/2028,100
Cimetidine 20mg,Cimetidine,,tablet,20mg,100,0,100,20,B10279,30/12/2028,100
Metoclopramide 20mg,Metoclopramide,,tablet,20mg,100,0,100,20,B10280,30/12/2028,100
Zinc Sulfate 20mg,Zinc Sulfate,,tablet,20mg,100,0,100,20,B10281,30/12/2028,100
Bisacodyl 20mg,Bisacodyl,,tablet,20mg,100,0,100,20,B10282,30/12/2028,100
Metformin 20mg,Metformin,,tablet,20mg,100,0,100,20,B10283,30/12/2028,100
Metformin 20mg,Metformin,,tablet,20mg,100,0,100,20,B10284,30/12/2028,100
Glibenclamide 20mg,Glibenclamide,,tablet,20mg,100,0,100,20,B10285,30/12/2028,100
Glimepiride 20mg,Glimepiride,,tablet,20mg,100,0,100,20,B10286,30/12/2028,100
Levothyroxine 20mg,Levothyroxine,,tablet,20mg,100,0,100,20,B10287,30/12/2028,100
Carbimazole 20mg,Carbimazole,,tablet,20mg,100,0,100,20,B10288,30/12/2028,100
Folic Acid 20mg,Folic Acid,,tablet,20mg,100,0,100,20,B10289,30/12/2028,100
Oxytocin 20mg,Oxytocin,,tablet,20mg,100,0,100,20,B10290,30/12/2028,100
Misoprostol 20mg,Misoprostol,,tablet,20mg,100,0,100,20,B10291,30/12/2028,100
Magnesium Sulfate 20mg,Magnesium Sulfate,,tablet,20mg,100,0,100,20,B10292,30/12/2028,100
Amitriptyline 20mg,Amitriptyline,,tablet,20mg,100,0,100,20,B10293,30/12/2028,100
Fluoxetine 20mg,Fluoxetine,,tablet,20mg,100,0,100,20,B10294,30/12/2028,100
Haloperidol 20mg,Haloperidol,,tablet,20mg,100,0,100,20,B10295,30/12/2028,100
Chlorpromazine 20mg,Chlorpromazine,,tablet,20mg,100,0,100,20,B10296,30/12/2028,100
Halothane 50mg,Halothane,,tablet,50mg,100,0,100,20,B10297,30/12/2028,100
Ketamine 50mg,Ketamine,,tablet,50mg,100,0,100,20,B10298,30/12/2028,100
Nitrous oxide 50mg,Nitrous oxide,,tablet,50mg,100,0,100,20,B10299,30/12/2028,100
Oxygen 50mg,Oxygen,,tablet,50mg,100,0,100,20,B10300,30/12/2028,100
Atropine 50mg,Atropine,,tablet,50mg,100,0,100,20,B10301,30/12/2028,100
Diazepam 50mg,Diazepam,,tablet,50mg,100,0,100,20,B10302,30/12/2028,100
Hyoscine N-Butylbromide 50mg,Hyoscine N-Butylbromide,,tablet,50mg,100,0,100,20,B10303,30/12/2028,100
Midazolam 50mg,Midazolam,,tablet,50mg,100,0,100,20,B10304,30/12/2028,100
Morphine 50mg,Morphine,,tablet,50mg,100,0,100,20,B10305,30/12/2028,100
Promethazine 50mg,Promethazine,,tablet,50mg,100,0,100,20,B10306,30/12/2028,100
Promethazine 50mg,Promethazine,,tablet,50mg,100,0,100,20,B10307,30/12/2028,100
Atracurium 50mg,Atracurium,,tablet,50mg,100,0,100,20,B10308,30/12/2028,100
Neostigmine 50mg,Neostigmine,,tablet,50mg,100,0,100,20,B10309,30/12/2028,100
Suxamethonium 50mg,Suxamethonium,,tablet,50mg,100,0,100,20,B10310,30/12/2028,100
Propofol 50mg,Propofol,,tablet,50mg,100,0,100,20,B10311,30/12/2028,100
Lidocaine 50mg,Lidocaine,,tablet,50mg,100,0,100,20,B10312,30/12/2028,100
Bupivacaine 50mg,Bupivacaine,,tablet,50mg,100,0,100,20,B10313,30/12/2028,100
Pentazocine 50mg,Pentazocine,,tablet,50mg,100,0,100,20,B10314,30/12/2028,100
Pethidine 50mg,Pethidine,,tablet,50mg,100,0,100,20,B10315,30/12/2028,100
Tramadol 50mg,Tramadol,,tablet,50mg,100,0,100,20,B10316,30/12/2028,100
Acetylsalicylic Acid 50mg,Acetylsalicylic Acid,,tablet,50mg,100,0,100,20,B10317,30/12/2028,100
Paracetamol 50mg,Paracetamol,,tablet,50mg,100,0,100,20,B10318,30/12/2028,100
Paracetamol 50mg,Paracetamol,,tablet,50mg,100,0,100,20,B10319,30/12/2028,100
Paracetamol 50mg,Paracetamol,,tablet,50mg,100,0,100,20,B10320,30/12/2028,100
Allopurinol 50mg,Allopurinol,,tablet,50mg,100,0,100,20,B10321,30/12/2028,100
Diclofenac Sodium 50mg,Diclofenac Sodium,,tablet,50mg,100,0,100,20,B10322,30/12/2028,100
Diclofenac Sodium 50mg,Diclofenac Sodium,,tablet,50mg,100,0,100,20,B10323,30/12/2028,100
Ibuprofen 50mg,Ibuprofen,,tablet,50mg,100,0,100,20,B10324,30/12/2028,100
Ibuprofen 50mg,Ibuprofen,,tablet,50mg,100,0,100,20,B10325,30/12/2028,100
Naproxen 50mg,Naproxen,,tablet,50mg,100,0,100,20,B10326,30/12/2028,100
Piroxicam 50mg,Piroxicam,,tablet,50mg,100,0,100,20,B10327,30/12/2028,100
Meloxicam 50mg,Meloxicam,,tablet,50mg,100,0,100,20,B10328,30/12/2028,100
Naloxone 50mg,Naloxone,,tablet,50mg,100,0,100,20,B10329,30/12/2028,100
Chlorpheniramine 50mg,Chlorpheniramine,,tablet,50mg,100,0,100,20,B10330,30/12/2028,100
Hydrocortisone 50mg,Hydrocortisone,,tablet,50mg,100,0,100,20,B10331,30/12/2028,100
Prednisolone 50mg,Prednisolone,,tablet,50mg,100,0,100,20,B10332,30/12/2028,100
Phenobarbital 50mg,Phenobarbital,,tablet,50mg,100,0,100,20,B10333,30/12/2028,100
Phenytoin 50mg,Phenytoin,,tablet,50mg,100,0,100,20,B10334,30/12/2028,100
Sodium Valproate 50mg,Sodium Valproate,,tablet,50mg,100,0,100,20,B10335,30/12/2028,100
Carbamazepine 50mg,Carbamazepine,,tablet,50mg,100,0,100,20,B10336,30/12/2028,100
Amoxicillin 50mg,Amoxicillin,,tablet,50mg,100,0,100,20,B10337,30/12/2028,100
Amoxicillin 50mg,Amoxicillin,,tablet,50mg,100,0,100,20,B10338,30/12/2028,100
Ampicillin 50mg,Ampicillin,,tablet,50mg,100,0,100,20,B10339,30/12/2028,100
Cloxacillin 50mg,Cloxacillin,,tablet,50mg,100,0,100,20,B10340,30/12/2028,100
Ceftriaxone 50mg,Ceftriaxone,,tablet,50mg,100,0,100,20,B10341,30/12/2028,100
Cefuroxime 50mg,Cefuroxime,,tablet,50mg,100,0,100,20,B10342,30/12/2028,100
Azithromycin 50mg,Azithromycin,,tablet,50mg,100,0,100,20,B10343,30/12/2028,100
Erythromycin 50mg,Erythromycin,,tablet,50mg,100,0,100,20,B10344,30/12/2028,100
Ciprofloxacin 50mg,Ciprofloxacin,,tablet,50mg,100,0,100,20,B10345,30/12/2028,100
Metronidazole 50mg,Metronidazole,,tablet,50mg,100,0,100,20,B10346,30/12/2028,100
Metronidazole 50mg,Metronidazole,,tablet,50mg,100,0,100,20,B10347,30/12/2028,100
Gentamicin 50mg,Gentamicin,,tablet,50mg,100,0,100,20,B10348,30/12/2028,100
Doxycycline 50mg,Doxycycline,,tablet,50mg,100,0,100,20,B10349,30/12/2028,100
Cotrimoxazole 50mg,Cotrimoxazole,,tablet,50mg,100,0,100,20,B10350,30/12/2028,100
Artemether + Lumefantrine 50mg,Artemether + Lumefantrine,,tablet,50mg,100,0,100,20,B10351,30/12/2028,100
Artesunate 50mg,Artesunate,,tablet,50mg,100,0,100,20,B10352,30/12/2028,100
Amodiaquine 50mg,Amodiaquine,,tablet,50mg,100,0,100,20,B10353,30/12/2028,100
Quinine 50mg,Quinine,,tablet,50mg,100,0,100,20,B10354,30/12/2028,100
Fluconazole 50mg,Fluconazole,,tablet,50mg,100,0,100,20,B10355,30/12/2028,100
Nystatin 50mg,Nystatin,,tablet,50mg,100,0,100,20,B10356,30/12/2028,100
Amlodipine 50mg,Amlodipine,,tablet,50mg,100,0,100,20,B10357,30/12/2028,100
Amlodipine 50mg,Amlodipine,,tablet,50mg,100,0,100,20,B10358,30/12/2028,100
Lisinopril 50mg,Lisinopril,,tablet,50mg,100,0,100,20,B10359,30/12/2028,100
Lisinopril 50mg,Lisinopril,,tablet,50mg,100,0,100,20,B10360,30/12/2028,100
Atenolol 50mg,Atenolol,,tablet,50mg,100,0,100,20,B10361,30/12/2028,100
Propranolol 50mg,Propranolol,,tablet,50mg,100,0,100,20,B10362,30/12/2028,100
Methyldopa 50mg,Methyldopa,,tablet,50mg,100,0,100,20,B10363,30/12/2028,100
Hydralazine 50mg,Hydralazine,,tablet,50mg,100,0,100,20,B10364,30/12/2028,100
Glyceryl Trinitrate 50mg,Glyceryl Trinitrate,,tablet,50mg,100,0,100,20,B10365,30/12/2028,100
Isosorbide Dinitrate 50mg,Isosorbide Dinitrate,,tablet,50mg,100,0,100,20,B10366,30/12/2028,100
Digoxin 50mg,Digoxin,,tablet,50mg,100,0,100,20,B10367,30/12/2028,100
Furosemide 50mg,Furosemide,,tablet,50mg,100,0,100,20,B10368,30/12/2028,100
Furosemide 50mg,Furosemide,,tablet,50mg,100,0,100,20,B10369,30/12/2028,100
Hydrochlorothiazide 50mg,Hydrochlorothiazide,,tablet,50mg,100,0,100,20,B10370,30/12/2028,100
Spironolactone 50mg,Spironolactone,,tablet,50mg,100,0,100,20,B10371,30/12/2028,100
Atorvastatin 50mg,Atorvastatin,,tablet,50mg,100,0,100,20,B10372,30/12/2028,100
Simvastatin 50mg,Simvastatin,,tablet,50mg,100,0,100,20,B10373,30/12/2028,100
Salbutamol 50mg,Salbutamol,,tablet,50mg,100,0,100,20,B10374,30/12/2028,100
Salbutamol 50mg,Salbutamol,,tablet,50mg,100,0,100,20,B10375,30/12/2028,100
Aminophylline 50mg,Aminophylline,,tablet,50mg,100,0,100,20,B10376,30/12/2028,100
Omeprazole 50mg,Omeprazole,,tablet,50mg,100,0,100,20,B10377,30/12/2028,100
Cimetidine 50mg,Cimetidine,,tablet,50mg,100,0,100,20,B10378,30/12/2028,100
Metoclopramide 50mg,Metoclopramide,,tablet,50mg,100,0,100,20,B10379,30/12/2028,100
Zinc Sulfate 50mg,Zinc Sulfate,,tablet,50mg,100,0,100,20,B10380,30/12/2028,100
Bisacodyl 50mg,Bisacodyl,,tablet,50mg,100,0,100,20,B10381,30/12/2028,100
Metformin 50mg,Metformin,,tablet,50mg,100,0,100,20,B10382,30/12/2028,100
Metformin 50mg,Metformin,,tablet,50mg,100,0,100,20,B10383,30/12/2028,100
Glibenclamide 50mg,Glibenclamide,,tablet,50mg,100,0,100,20,B10384,30/12/2028,100
Glimepiride 50mg,Glimepiride,,tablet,50mg,100,0,100,20,B10385,30/12/2028,100
Levothyroxine 50mg,Levothyroxine,,tablet,50mg,100,0,100,20,B10386,30/12/2028,100
Carbimazole 50mg,Carbimazole,,tablet,50mg,100,0,100,20,B10387,30/12/2028,100
Folic Acid 50mg,Folic Acid,,tablet,50mg,100,0,100,20,B10388,30/12/2028,100
Oxytocin 50mg,Oxytocin,,tablet,50mg,100,0,100,20,B10389,30/12/2028,100
Misoprostol 50mg,Misoprostol,,tablet,50mg,100,0,100,20,B10390,30/12/2028,100
Magnesium Sulfate 50mg,Magnesium Sulfate,,tablet,50mg,100,0,100,20,B10391,30/12/2028,100
Amitriptyline 50mg,Amitriptyline,,tablet,50mg,100,0,100,20,B10392,30/12/2028,100
Fluoxetine 50mg,Fluoxetine,,tablet,50mg,100,0,100,20,B10393,30/12/2028,100
Haloperidol 50mg,Haloperidol,,tablet,50mg,100,0,100,20,B10394,30/12/2028,100
Chlorpromazine 50mg,Chlorpromazine,,tablet,50mg,100,0,100,20,B10395,30/12/2028,100
Halothane 100mg,Halothane,,tablet,100mg,100,0,100,20,B10396,30/12/2028,100
Ketamine 100mg,Ketamine,,tablet,100mg,100,0,100,20,B10397,30/12/2028,100
Nitrous oxide 100mg,Nitrous oxide,,tablet,100mg,100,0,100,20,B10398,30/12/2028,100
Oxygen 100mg,Oxygen,,tablet,100mg,100,0,100,20,B10399,30/12/2028,100
Atropine 100mg,Atropine,,tablet,100mg,100,0,100,20,B10400,30/12/2028,100
Diazepam 100mg,Diazepam,,tablet,100mg,100,0,100,20,B10401,30/12/2028,100
Hyoscine N-Butylbromide 100mg,Hyoscine N-Butylbromide,,tablet,100mg,100,0,100,20,B10402,30/12/2028,100
Midazolam 100mg,Midazolam,,tablet,100mg,100,0,100,20,B10403,30/12/2028,100
Morphine 100mg,Morphine,,tablet,100mg,100,0,100,20,B10404,30/12/2028,100
Promethazine 100mg,Promethazine,,tablet,100mg,100,0,100,20,B10405,30/12/2028,100
Promethazine 100mg,Promethazine,,tablet,100mg,100,0,100,20,B10406,30/12/2028,100
Atracurium 100mg,Atracurium,,tablet,100mg,100,0,100,20,B10407,30/12/2028,100
Neostigmine 100mg,Neostigmine,,tablet,100mg,100,0,100,20,B10408,30/12/2028,100
Suxamethonium 100mg,Suxamethonium,,tablet,100mg,100,0,100,20,B10409,30/12/2028,100
Propofol 100mg,Propofol,,tablet,100mg,100,0,100,20,B10410,30/12/2028,100
Lidocaine 100mg,Lidocaine,,tablet,100mg,100,0,100,20,B10411,30/12/2028,100
Bupivacaine 100mg,Bupivacaine,,tablet,100mg,100,0,100,20,B10412,30/12/2028,100
Pentazocine 100mg,Pentazocine,,tablet,100mg,100,0,100,20,B10413,30/12/2028,100
Pethidine 100mg,Pethidine,,tablet,100mg,100,0,100,20,B10414,30/12/2028,100
Tramadol 100mg,Tramadol,,tablet,100mg,100,0,100,20,B10415,30/12/2028,100
Acetylsalicylic Acid 100mg,Acetylsalicylic Acid,,tablet,100mg,100,0,100,20,B10416,30/12/2028,100
Paracetamol 100mg,Paracetamol,,tablet,100mg,100,0,100,20,B10417,30/12/2028,100
Paracetamol 100mg,Paracetamol,,tablet,100mg,100,0,100,20,B10418,30/12/2028,100
Paracetamol 100mg,Paracetamol,,tablet,100mg,100,0,100,20,B10419,30/12/2028,100
Allopurinol 100mg,Allopurinol,,tablet,100mg,100,0,100,20,B10420,30/12/2028,100
Diclofenac Sodium 100mg,Diclofenac Sodium,,tablet,100mg,100,0,100,20,B10421,30/12/2028,100
Diclofenac Sodium 100mg,Diclofenac Sodium,,tablet,100mg,100,0,100,20,B10422,30/12/2028,100
Ibuprofen 100mg,Ibuprofen,,tablet,100mg,100,0,100,20,B10423,30/12/2028,100
Ibuprofen 100mg,Ibuprofen,,tablet,100mg,100,0,100,20,B10424,30/12/2028,100
Naproxen 100mg,Naproxen,,tablet,100mg,100,0,100,20,B10425,30/12/2028,100
Piroxicam 100mg,Piroxicam,,tablet,100mg,100,0,100,20,B10426,30/12/2028,100
Meloxicam 100mg,Meloxicam,,tablet,100mg,100,0,100,20,B10427,30/12/2028,100
Naloxone 100mg,Naloxone,,tablet,100mg,100,0,100,20,B10428,30/12/2028,100
Chlorpheniramine 100mg,Chlorpheniramine,,tablet,100mg,100,0,100,20,B10429,30/12/2028,100
Hydrocortisone 100mg,Hydrocortisone,,tablet,100mg,100,0,100,20,B10430,30/12/2028,100
Prednisolone 100mg,Prednisolone,,tablet,100mg,100,0,100,20,B10431,30/12/2028,100
Phenobarbital 100mg,Phenobarbital,,tablet,100mg,100,0,100,20,B10432,30/12/2028,100
Phenytoin 100mg,Phenytoin,,tablet,100mg,100,0,100,20,B10433,30/12/2028,100
Sodium Valproate 100mg,Sodium Valproate,,tablet,100mg,100,0,100,20,B10434,30/12/2028,100
Carbamazepine 100mg,Carbamazepine,,tablet,100mg,100,0,100,20,B10435,30/12/2028,100
Amoxicillin 100mg,Amoxicillin,,tablet,100mg,100,0,100,20,B10436,30/12/2028,100
Amoxicillin 100mg,Amoxicillin,,tablet,100mg,100,0,100,20,B10437,30/12/2028,100
Ampicillin 100mg,Ampicillin,,tablet,100mg,100,0,100,20,B10438,30/12/2028,100
Cloxacillin 100mg,Cloxacillin,,tablet,100mg,100,0,100,20,B10439,30/12/2028,100
Ceftriaxone 100mg,Ceftriaxone,,tablet,100mg,100,0,100,20,B10440,30/12/2028,100
Cefuroxime 100mg,Cefuroxime,,tablet,100mg,100,0,100,20,B10441,30/12/2028,100
Azithromycin 100mg,Azithromycin,,tablet,100mg,100,0,100,20,B10442,30/12/2028,100
Erythromycin 100mg,Erythromycin,,tablet,100mg,100,0,100,20,B10443,30/12/2028,100
Ciprofloxacin 100mg,Ciprofloxacin,,tablet,100mg,100,0,100,20,B10444,30/12/2028,100
Metronidazole 100mg,Metronidazole,,tablet,100mg,100,0,100,20,B10445,30/12/2028,100
Metronidazole 100mg,Metronidazole,,tablet,100mg,100,0,100,20,B10446,30/12/2028,100
Gentamicin 100mg,Gentamicin,,tablet,100mg,100,0,100,20,B10447,30/12/2028,100
Doxycycline 100mg,Doxycycline,,tablet,100mg,100,0,100,20,B10448,30/12/2028,100
Cotrimoxazole 100mg,Cotrimoxazole,,tablet,100mg,100,0,100,20,B10449,30/12/2028,100
Artemether + Lumefantrine 100mg,Artemether + Lumefantrine,,tablet,100mg,100,0,100,20,B10450,30/12/2028,100
Artesunate 100mg,Artesunate,,tablet,100mg,100,0,100,20,B10451,30/12/2028,100
Amodiaquine 100mg,Amodiaquine,,tablet,100mg,100,0,100,20,B10452,30/12/2028,100
Quinine 100mg,Quinine,,tablet,100mg,100,0,100,20,B10453,30/12/2028,100
Fluconazole 100mg,Fluconazole,,tablet,100mg,100,0,100,20,B10454,30/12/2028,100
Nystatin 100mg,Nystatin,,tablet,100mg,100,0,100,20,B10455,30/12/2028,100
Amlodipine 100mg,Amlodipine,,tablet,100mg,100,0,100,20,B10456,30/12/2028,100
Amlodipine 100mg,Amlodipine,,tablet,100mg,100,0,100,20,B10457,30/12/2028,100
Lisinopril 100mg,Lisinopril,,tablet,100mg,100,0,100,20,B10458,30/12/2028,100
Lisinopril 100mg,Lisinopril,,tablet,100mg,100,0,100,20,B10459,30/12/2028,100
Atenolol 100mg,Atenolol,,tablet,100mg,100,0,100,20,B10460,30/12/2028,100
Propranolol 100mg,Propranolol,,tablet,100mg,100,0,100,20,B10461,30/12/2028,100
Methyldopa 100mg,Methyldopa,,tablet,100mg,100,0,100,20,B10462,30/12/2028,100
Hydralazine 100mg,Hydralazine,,tablet,100mg,100,0,100,20,B10463,30/12/2028,100
Glyceryl Trinitrate 100mg,Glyceryl Trinitrate,,tablet,100mg,100,0,100,20,B10464,30/12/2028,100
Isosorbide Dinitrate 100mg,Isosorbide Dinitrate,,tablet,100mg,100,0,100,20,B10465,30/12/2028,100
Digoxin 100mg,Digoxin,,tablet,100mg,100,0,100,20,B10466,30/12/2028,100
Furosemide 100mg,Furosemide,,tablet,100mg,100,0,100,20,B10467,30/12/2028,100
Furosemide 100mg,Furosemide,,tablet,100mg,100,0,100,20,B10468,30/12/2028,100
Hydrochlorothiazide 100mg,Hydrochlorothiazide,,tablet,100mg,100,0,100,20,B10469,30/12/2028,100
Spironolactone 100mg,Spironolactone,,tablet,100mg,100,0,100,20,B10470,30/12/2028,100
Atorvastatin 100mg,Atorvastatin,,tablet,100mg,100,0,100,20,B10471,30/12/2028,100
Simvastatin 100mg,Simvastatin,,tablet,100mg,100,0,100,20,B10472,30/12/2028,100
Salbutamol 100mg,Salbutamol,,tablet,100mg,100,0,100,20,B10473,30/12/2028,100
Salbutamol 100mg,Salbutamol,,tablet,100mg,100,0,100,20,B10474,30/12/2028,100
Aminophylline 100mg,Aminophylline,,tablet,100mg,100,0,100,20,B10475,30/12/2028,100
Omeprazole 100mg,Omeprazole,,tablet,100mg,100,0,100,20,B10476,30/12/2028,100
Cimetidine 100mg,Cimetidine,,tablet,100mg,100,0,100,20,B10477,30/12/2028,100
Metoclopramide 100mg,Metoclopramide,,tablet,100mg,100,0,100,20,B10478,30/12/2028,100
Zinc Sulfate 100mg,Zinc Sulfate,,tablet,100mg,100,0,100,20,B10479,30/12/2028,100
Bisacodyl 100mg,Bisacodyl,,tablet,100mg,100,0,100,20,B10480,30/12/2028,100
Metformin 100mg,Metformin,,tablet,100mg,100,0,100,20,B10481,30/12/2028,100
Metformin 100mg,Metformin,,tablet,100mg,100,0,100,20,B10482,30/12/2028,100
Glibenclamide 100mg,Glibenclamide,,tablet,100mg,100,0,100,20,B10483,30/12/2028,100
Glimepiride 100mg,Glimepiride,,tablet,100mg,100,0,100,20,B10484,30/12/2028,100
Levothyroxine 100mg,Levothyroxine,,tablet,100mg,100,0,100,20,B10485,30/12/2028,100
Carbimazole 100mg,Carbimazole,,tablet,100mg,100,0,100,20,B10486,30/12/2028,100
Folic Acid 100mg,Folic Acid,,tablet,100mg,100,0,100,20,B10487,30/12/2028,100
Oxytocin 100mg,Oxytocin,,tablet,100mg,100,0,100,20,B10488,30/12/2028,100
Misoprostol 100mg,Misoprostol,,tablet,100mg,100,0,100,20,B10489,30/12/2028,100
Magnesium Sulfate 100mg,Magnesium Sulfate,,tablet,100mg,100,0,100,20,B10490,30/12/2028,100
Amitriptyline 100mg,Amitriptyline,,tablet,100mg,100,0,100,20,B10491,30/12/2028,100
Fluoxetine 100mg,Fluoxetine,,tablet,100mg,100,0,100,20,B10492,30/12/2028,100
Haloperidol 100mg,Haloperidol,,tablet,100mg,100,0,100,20,B10493,30/12/2028,100
Chlorpromazine 100mg,Chlorpromazine,,tablet,100mg,100,0,100,20,B10494,30/12/2028,100
Halothane 250mg,Halothane,,tablet,250mg,100,0,100,20,B10495,30/12/2028,100
Ketamine 250mg,Ketamine,,tablet,250mg,100,0,100,20,B10496,30/12/2028,100
Nitrous oxide 250mg,Nitrous oxide,,tablet,250mg,100,0,100,20,B10497,30/12/2028,100
Oxygen 250mg,Oxygen,,tablet,250mg,100,0,100,20,B10498,30/12/2028,100
Atropine 250mg,Atropine,,tablet,250mg,100,0,100,20,B10499,30/12/2028,100
Diazepam 250mg,Diazepam,,tablet,250mg,100,0,100,20,B10500,30/12/2028,100
Hyoscine N-Butylbromide 250mg,Hyoscine N-Butylbromide,,tablet,250mg,100,0,100,20,B10501,30/12/2028,100
Midazolam 250mg,Midazolam,,tablet,250mg,100,0,100,20,B10502,30/12/2028,100
Morphine 250mg,Morphine,,tablet,250mg,100,0,100,20,B10503,30/12/2028,100
Promethazine 250mg,Promethazine,,tablet,250mg,100,0,100,20,B10504,30/12/2028,100
Promethazine 250mg,Promethazine,,tablet,250mg,100,0,100,20,B10505,30/12/2028,100
Atracurium 250mg,Atracurium,,tablet,250mg,100,0,100,20,B10506,30/12/2028,100
Neostigmine 250mg,Neostigmine,,tablet,250mg,100,0,100,20,B10507,30/12/2028,100
Suxamethonium 250mg,Suxamethonium,,tablet,250mg,100,0,100,20,B10508,30/12/2028,100
Propofol 250mg,Propofol,,tablet,250mg,100,0,100,20,B10509,30/12/2028,100
Lidocaine 250mg,Lidocaine,,tablet,250mg,100,0,100,20,B10510,30/12/2028,100
Bupivacaine 250mg,Bupivacaine,,tablet,250mg,100,0,100,20,B10511,30/12/2028,100
Pentazocine 250mg,Pentazocine,,tablet,250mg,100,0,100,20,B10512,30/12/2028,100
Pethidine 250mg,Pethidine,,tablet,250mg,100,0,100,20,B10513,30/12/2028,100
Tramadol 250mg,Tramadol,,tablet,250mg,100,0,100,20,B10514,30/12/2028,100
Acetylsalicylic Acid 250mg,Acetylsalicylic Acid,,tablet,250mg,100,0,100,20,B10515,30/12/2028,100
Paracetamol 250mg,Paracetamol,,tablet,250mg,100,0,100,20,B10516,30/12/2028,100
Paracetamol 250mg,Paracetamol,,tablet,250mg,100,0,100,20,B10517,30/12/2028,100
Paracetamol 250mg,Paracetamol,,tablet,250mg,100,0,100,20,B10518,30/12/2028,100
Allopurinol 250mg,Allopurinol,,tablet,250mg,100,0,100,20,B10519,30/12/2028,100
Diclofenac Sodium 250mg,Diclofenac Sodium,,tablet,250mg,100,0,100,20,B10520,30/12/2028,100
Diclofenac Sodium 250mg,Diclofenac Sodium,,tablet,250mg,100,0,100,20,B10521,30/12/2028,100
Ibuprofen 250mg,Ibuprofen,,tablet,250mg,100,0,100,20,B10522,30/12/2028,100
Ibuprofen 250mg,Ibuprofen,,tablet,250mg,100,0,100,20,B10523,30/12/2028,100
Naproxen 250mg,Naproxen,,tablet,250mg,100,0,100,20,B10524,30/12/2028,100
Piroxicam 250mg,Piroxicam,,tablet,250mg,100,0,100,20,B10525,30/12/2028,100
Meloxicam 250mg,Meloxicam,,tablet,250mg,100,0,100,20,B10526,30/12/2028,100
Naloxone 250mg,Naloxone,,tablet,250mg,100,0,100,20,B10527,30/12/2028,100
Chlorpheniramine 250mg,Chlorpheniramine,,tablet,250mg,100,0,100,20,B10528,30/12/2028,100
Hydrocortisone 250mg,Hydrocortisone,,tablet,250mg,100,0,100,20,B10529,30/12/2028,100
Prednisolone 250mg,Prednisolone,,tablet,250mg,100,0,100,20,B10530,30/12/2028,100
Phenobarbital 250mg,Phenobarbital,,tablet,250mg,100,0,100,20,B10531,30/12/2028,100
Phenytoin 250mg,Phenytoin,,tablet,250mg,100,0,100,20,B10532,30/12/2028,100
Sodium Valproate 250mg,Sodium Valproate,,tablet,250mg,100,0,100,20,B10533,30/12/2028,100
Carbamazepine 250mg,Carbamazepine,,tablet,250mg,100,0,100,20,B10534,30/12/2028,100
Amoxicillin 250mg,Amoxicillin,,tablet,250mg,100,0,100,20,B10535,30/12/2028,100
Amoxicillin 250mg,Amoxicillin,,tablet,250mg,100,0,100,20,B10536,30/12/2028,100
Ampicillin 250mg,Ampicillin,,tablet,250mg,100,0,100,20,B10537,30/12/2028,100
Cloxacillin 250mg,Cloxacillin,,tablet,250mg,100,0,100,20,B10538,30/12/2028,100
Ceftriaxone 250mg,Ceftriaxone,,tablet,250mg,100,0,100,20,B10539,30/12/2028,100
Cefuroxime 250mg,Cefuroxime,,tablet,250mg,100,0,100,20,B10540,30/12/2028,100
Azithromycin 250mg,Azithromycin,,tablet,250mg,100,0,100,20,B10541,30/12/2028,100
Erythromycin 250mg,Erythromycin,,tablet,250mg,100,0,100,20,B10542,30/12/2028,100
Ciprofloxacin 250mg,Ciprofloxacin,,tablet,250mg,100,0,100,20,B10543,30/12/2028,100
Metronidazole 250mg,Metronidazole,,tablet,250mg,100,0,100,20,B10544,30/12/2028,100
Metronidazole 250mg,Metronidazole,,tablet,250mg,100,0,100,20,B10545,30/12/2028,100
Gentamicin 250mg,Gentamicin,,tablet,250mg,100,0,100,20,B10546,30/12/2028,100
Doxycycline 250mg,Doxycycline,,tablet,250mg,100,0,100,20,B10547,30/12/2028,100
Cotrimoxazole 250mg,Cotrimoxazole,,tablet,250mg,100,0,100,20,B10548,30/12/2028,100
Artemether + Lumefantrine 250mg,Artemether + Lumefantrine,,tablet,250mg,100,0,100,20,B10549,30/12/2028,100
Artesunate 250mg,Artesunate,,tablet,250mg,100,0,100,20,B10550,30/12/2028,100
Amodiaquine 250mg,Amodiaquine,,tablet,250mg,100,0,100,20,B10551,30/12/2028,100
Quinine 250mg,Quinine,,tablet,250mg,100,0,100,20,B10552,30/12/2028,100
Fluconazole 250mg,Fluconazole,,tablet,250mg,100,0,100,20,B10553,30/12/2028,100
Nystatin 250mg,Nystatin,,tablet,250mg,100,0,100,20,B10554,30/12/2028,100
Amlodipine 250mg,Amlodipine,,tablet,250mg,100,0,100,20,B10555,30/12/2028,100
Amlodipine 250mg,Amlodipine,,tablet,250mg,100,0,100,20,B10556,30/12/2028,100
Lisinopril 250mg,Lisinopril,,tablet,250mg,100,0,100,20,B10557,30/12/2028,100
Lisinopril 250mg,Lisinopril,,tablet,250mg,100,0,100,20,B10558,30/12/2028,100
Atenolol 250mg,Atenolol,,tablet,250mg,100,0,100,20,B10559,30/12/2028,100
Propranolol 250mg,Propranolol,,tablet,250mg,100,0,100,20,B10560,30/12/2028,100
Methyldopa 250mg,Methyldopa,,tablet,250mg,100,0,100,20,B10561,30/12/2028,100
Hydralazine 250mg,Hydralazine,,tablet,250mg,100,0,100,20,B10562,30/12/2028,100
Glyceryl Trinitrate 250mg,Glyceryl Trinitrate,,tablet,250mg,100,0,100,20,B10563,30/12/2028,100
Isosorbide Dinitrate 250mg,Isosorbide Dinitrate,,tablet,250mg,100,0,100,20,B10564,30/12/2028,100
Digoxin 250mg,Digoxin,,tablet,250mg,100,0,100,20,B10565,30/12/2028,100
Furosemide 250mg,Furosemide,,tablet,250mg,100,0,100,20,B10566,30/12/2028,100
Furosemide 250mg,Furosemide,,tablet,250mg,100,0,100,20,B10567,30/12/2028,100
Hydrochlorothiazide 250mg,Hydrochlorothiazide,,tablet,250mg,100,0,100,20,B10568,30/12/2028,100
Spironolactone 250mg,Spironolactone,,tablet,250mg,100,0,100,20,B10569,30/12/2028,100
Atorvastatin 250mg,Atorvastatin,,tablet,250mg,100,0,100,20,B10570,30/12/2028,100
Simvastatin 250mg,Simvastatin,,tablet,250mg,100,0,100,20,B10571,30/12/2028,100
Salbutamol 250mg,Salbutamol,,tablet,250mg,100,0,100,20,B10572,30/12/2028,100
Salbutamol 250mg,Salbutamol,,tablet,250mg,100,0,100,20,B10573,30/12/2028,100
Aminophylline 250mg,Aminophylline,,tablet,250mg,100,0,100,20,B10574,30/12/2028,100
Omeprazole 250mg,Omeprazole,,tablet,250mg,100,0,100,20,B10575,30/12/2028,100
Cimetidine 250mg,Cimetidine,,tablet,250mg,100,0,100,20,B10576,30/12/2028,100
Metoclopramide 250mg,Metoclopramide,,tablet,250mg,100,0,100,20,B10577,30/12/2028,100
Zinc Sulfate 250mg,Zinc Sulfate,,tablet,250mg,100,0,100,20,B10578,30/12/2028,100
Bisacodyl 250mg,Bisacodyl,,tablet,250mg,100,0,100,20,B10579,30/12/2028,100
Metformin 250mg,Metformin,,tablet,250mg,100,0,100,20,B10580,30/12/2028,100
Metformin 250mg,Metformin,,tablet,250mg,100,0,100,20,B10581,30/12/2028,100
Glibenclamide 250mg,Glibenclamide,,tablet,250mg,100,0,100,20,B10582,30/12/2028,100
Glimepiride 250mg,Glimepiride,,tablet,250mg,100,0,100,20,B10583,30/12/2028,100
Levothyroxine 250mg,Levothyroxine,,tablet,250mg,100,0,100,20,B10584,30/12/2028,100
Carbimazole 250mg,Carbimazole,,tablet,250mg,100,0,100,20,B10585,30/12/2028,100
Folic Acid 250mg,Folic Acid,,tablet,250mg,100,0,100,20,B10586,30/12/2028,100
Oxytocin 250mg,Oxytocin,,tablet,250mg,100,0,100,20,B10587,30/12/2028,100
Misoprostol 250mg,Misoprostol,,tablet,250mg,100,0,100,20,B10588,30/12/2028,100
Magnesium Sulfate 250mg,Magnesium Sulfate,,tablet,250mg,100,0,100,20,B10589,30/12/2028,100
Amitriptyline 250mg,Amitriptyline,,tablet,250mg,100,0,100,20,B10590,30/12/2028,100
Fluoxetine 250mg,Fluoxetine,,tablet,250mg,100,0,100,20,B10591,30/12/2028,100
Haloperidol 250mg,Haloperidol,,tablet,250mg,100,0,100,20,B10592,30/12/2028,100
Chlorpromazine 250mg,Chlorpromazine,,tablet,250mg,100,0,100,20,B10593,30/12/2028,100
Halothane 500mg,Halothane,,tablet,500mg,100,0,100,20,B10594,30/12/2028,100
Ketamine 500mg,Ketamine,,tablet,500mg,100,0,100,20,B10595,30/12/2028,100
Nitrous oxide 500mg,Nitrous oxide,,tablet,500mg,100,0,100,20,B10596,30/12/2028,100
Oxygen 500mg,Oxygen,,tablet,500mg,100,0,100,20,B10597,30/12/2028,100
Atropine 500mg,Atropine,,tablet,500mg,100,0,100,20,B10598,30/12/2028,100
Diazepam 500mg,Diazepam,,tablet,500mg,100,0,100,20,B10599,30/12/2028,100
Hyoscine N-Butylbromide 500mg,Hyoscine N-Butylbromide,,tablet,500mg,100,0,100,20,B10600,30/12/2028,100
Midazolam 500mg,Midazolam,,tablet,500mg,100,0,100,20,B10601,30/12/2028,100
Morphine 500mg,Morphine,,tablet,500mg,100,0,100,20,B10602,30/12/2028,100
Promethazine 500mg,Promethazine,,tablet,500mg,100,0,100,20,B10603,30/12/2028,100
Promethazine 500mg,Promethazine,,tablet,500mg,100,0,100,20,B10604,30/12/2028,100
Atracurium 500mg,Atracurium,,tablet,500mg,100,0,100,20,B10605,30/12/2028,100
Neostigmine 500mg,Neostigmine,,tablet,500mg,100,0,100,20,B10606,30/12/2028,100
Suxamethonium 500mg,Suxamethonium,,tablet,500mg,100,0,100,20,B10607,30/12/2028,100
Propofol 500mg,Propofol,,tablet,500mg,100,0,100,20,B10608,30/12/2028,100
Lidocaine 500mg,Lidocaine,,tablet,500mg,100,0,100,20,B10609,30/12/2028,100
Bupivacaine 500mg,Bupivacaine,,tablet,500mg,100,0,100,20,B10610,30/12/2028,100
Pentazocine 500mg,Pentazocine,,tablet,500mg,100,0,100,20,B10611,30/12/2028,100
Pethidine 500mg,Pethidine,,tablet,500mg,100,0,100,20,B10612,30/12/2028,100
Tramadol 500mg,Tramadol,,tablet,500mg,100,0,100,20,B10613,30/12/2028,100
Acetylsalicylic Acid 500mg,Acetylsalicylic Acid,,tablet,500mg,100,0,100,20,B10614,30/12/2028,100
Paracetamol 500mg,Paracetamol,,tablet,500mg,100,0,100,20,B10615,30/12/2028,100
Paracetamol 500mg,Paracetamol,,tablet,500mg,100,0,100,20,B10616,30/12/2028,100
Paracetamol 500mg,Paracetamol,,tablet,500mg,100,0,100,20,B10617,30/12/2028,100
Allopurinol 500mg,Allopurinol,,tablet,500mg,100,0,100,20,B10618,30/12/2028,100
Diclofenac Sodium 500mg,Diclofenac Sodium,,tablet,500mg,100,0,100,20,B10619,30/12/2028,100
Diclofenac Sodium 500mg,Diclofenac Sodium,,tablet,500mg,100,0,100,20,B10620,30/12/2028,100
Ibuprofen 500mg,Ibuprofen,,tablet,500mg,100,0,100,20,B10621,30/12/2028,100
Ibuprofen 500mg,Ibuprofen,,tablet,500mg,100,0,100,20,B10622,30/12/2028,100
Naproxen 500mg,Naproxen,,tablet,500mg,100,0,100,20,B10623,30/12/2028,100
Piroxicam 500mg,Piroxicam,,tablet,500mg,100,0,100,20,B10624,30/12/2028,100
Meloxicam 500mg,Meloxicam,,tablet,500mg,100,0,100,20,B10625,30/12/2028,100
Naloxone 500mg,Naloxone,,tablet,500mg,100,0,100,20,B10626,30/12/2028,100
Chlorpheniramine 500mg,Chlorpheniramine,,tablet,500mg,100,0,100,20,B10627,30/12/2028,100
Hydrocortisone 500mg,Hydrocortisone,,tablet,500mg,100,0,100,20,B10628,30/12/2028,100
Prednisolone 500mg,Prednisolone,,tablet,500mg,100,0,100,20,B10629,30/12/2028,100
Phenobarbital 500mg,Phenobarbital,,tablet,500mg,100,0,100,20,B10630,30/12/2028,100
Phenytoin 500mg,Phenytoin,,tablet,500mg,100,0,100,20,B10631,30/12/2028,100
Sodium Valproate 500mg,Sodium Valproate,,tablet,500mg,100,0,100,20,B10632,30/12/2028,100
Carbamazepine 500mg,Carbamazepine,,tablet,500mg,100,0,100,20,B10633,30/12/2028,100
Amoxicillin 500mg,Amoxicillin,,tablet,500mg,100,0,100,20,B10634,30/12/2028,100
Amoxicillin 500mg,Amoxicillin,,tablet,500mg,100,0,100,20,B10635,30/12/2028,100
Ampicillin 500mg,Ampicillin,,tablet,500mg,100,0,100,20,B10636,30/12/2028,100
Cloxacillin 500mg,Cloxacillin,,tablet,500mg,100,0,100,20,B10637,30/12/2028,100
Ceftriaxone 500mg,Ceftriaxone,,tablet,500mg,100,0,100,20,B10638,30/12/2028,100
Cefuroxime 500mg,Cefuroxime,,tablet,500mg,100,0,100,20,B10639,30/12/2028,100
Azithromycin 500mg,Azithromycin,,tablet,500mg,100,0,100,20,B10640,30/12/2028,100
Erythromycin 500mg,Erythromycin,,tablet,500mg,100,0,100,20,B10641,30/12/2028,100
Ciprofloxacin 500mg,Ciprofloxacin,,tablet,500mg,100,0,100,20,B10642,30/12/2028,100
Metronidazole 500mg,Metronidazole,,tablet,500mg,100,0,100,20,B10643,30/12/2028,100
Metronidazole 500mg,Metronidazole,,tablet,500mg,100,0,100,20,B10644,30/12/2028,100
Gentamicin 500mg,Gentamicin,,tablet,500mg,100,0,100,20,B10645,30/12/2028,100
Doxycycline 500mg,Doxycycline,,tablet,500mg,100,0,100,20,B10646,30/12/2028,100
Cotrimoxazole 500mg,Cotrimoxazole,,tablet,500mg,100,0,100,20,B10647,30/12/2028,100
Artemether + Lumefantrine 500mg,Artemether + Lumefantrine,,tablet,500mg,100,0,100,20,B10648,30/12/2028,100
Artesunate 500mg,Artesunate,,tablet,500mg,100,0,100,20,B10649,30/12/2028,100
Amodiaquine 500mg,Amodiaquine,,tablet,500mg,100,0,100,20,B10650,30/12/2028,100
Quinine 500mg,Quinine,,tablet,500mg,100,0,100,20,B10651,30/12/2028,100
Fluconazole 500mg,Fluconazole,,tablet,500mg,100,0,100,20,B10652,30/12/2028,100
Nystatin 500mg,Nystatin,,tablet,500mg,100,0,100,20,B10653,30/12/2028,100
Amlodipine 500mg,Amlodipine,,tablet,500mg,100,0,100,20,B10654,30/12/2028,100
Amlodipine 500mg,Amlodipine,,tablet,500mg,100,0,100,20,B10655,30/12/2028,100
Lisinopril 500mg,Lisinopril,,tablet,500mg,100,0,100,20,B10656,30/12/2028,100
Lisinopril 500mg,Lisinopril,,tablet,500mg,100,0,100,20,B10657,30/12/2028,100
Atenolol 500mg,Atenolol,,tablet,500mg,100,0,100,20,B10658,30/12/2028,100
Propranolol 500mg,Propranolol,,tablet,500mg,100,0,100,20,B10659,30/12/2028,100
Methyldopa 500mg,Methyldopa,,tablet,500mg,100,0,100,20,B10660,30/12/2028,100
Hydralazine 500mg,Hydralazine,,tablet,500mg,100,0,100,20,B10661,30/12/2028,100
Glyceryl Trinitrate 500mg,Glyceryl Trinitrate,,tablet,500mg,100,0,100,20,B10662,30/12/2028,100
Isosorbide Dinitrate 500mg,Isosorbide Dinitrate,,tablet,500mg,100,0,100,20,B10663,30/12/2028,100
Digoxin 500mg,Digoxin,,tablet,500mg,100,0,100,20,B10664,30/12/2028,100
Furosemide 500mg,Furosemide,,tablet,500mg,100,0,100,20,B10665,30/12/2028,100
Furosemide 500mg,Furosemide,,tablet,500mg,100,0,100,20,B10666,30/12/2028,100
Hydrochlorothiazide 500mg,Hydrochlorothiazide,,tablet,500mg,100,0,100,20,B10667,30/12/2028,100
Spironolactone 500mg,Spironolactone,,tablet,500mg,100,0,100,20,B10668,30/12/2028,100
Atorvastatin 500mg,Atorvastatin,,tablet,500mg,100,0,100,20,B10669,30/12/2028,100
Simvastatin 500mg,Simvastatin,,tablet,500mg,100,0,100,20,B10670,30/12/2028,100
Salbutamol 500mg,Salbutamol,,tablet,500mg,100,0,100,20,B10671,30/12/2028,100
Salbutamol 500mg,Salbutamol,,tablet,500mg,100,0,100,20,B10672,30/12/2028,100
Aminophylline 500mg,Aminophylline,,tablet,500mg,100,0,100,20,B10673,30/12/2028,100
Omeprazole 500mg,Omeprazole,,tablet,500mg,100,0,100,20,B10674,30/12/2028,100
Cimetidine 500mg,Cimetidine,,tablet,500mg,100,0,100,20,B10675,30/12/2028,100
Metoclopramide 500mg,Metoclopramide,,tablet,500mg,100,0,100,20,B10676,30/12/2028,100
Zinc Sulfate 500mg,Zinc Sulfate,,tablet,500mg,100,0,100,20,B10677,30/12/2028,100
Bisacodyl 500mg,Bisacodyl,,tablet,500mg,100,0,100,20,B10678,30/12/2028,100
Metformin 500mg,Metformin,,tablet,500mg,100,0,100,20,B10679,30/12/2028,100
Metformin 500mg,Metformin,,tablet,500mg,100,0,100,20,B10680,30/12/2028,100
Glibenclamide 500mg,Glibenclamide,,tablet,500mg,100,0,100,20,B10681,30/12/2028,100
Glimepiride 500mg,Glimepiride,,tablet,500mg,100,0,100,20,B10682,30/12/2028,100
Levothyroxine 500mg,Levothyroxine,,tablet,500mg,100,0,100,20,B10683,30/12/2028,100
Carbimazole 500mg,Carbimazole,,tablet,500mg,100,0,100,20,B10684,30/12/2028,100
Folic Acid 500mg,Folic Acid,,tablet,500mg,100,0,100,20,B10685,30/12/2028,100
Oxytocin 500mg,Oxytocin,,tablet,500mg,100,0,100,20,B10686,30/12/2028,100
Misoprostol 500mg,Misoprostol,,tablet,500mg,100,0,100,20,B10687,30/12/2028,100
Magnesium Sulfate 500mg,Magnesium Sulfate,,tablet,500mg,100,0,100,20,B10688,30/12/2028,100
Amitriptyline 500mg,Amitriptyline,,tablet,500mg,100,0,100,20,B10689,30/12/2028,100
Fluoxetine 500mg,Fluoxetine,,tablet,500mg,100,0,100,20,B10690,30/12/2028,100
Haloperidol 500mg,Haloperidol,,tablet,500mg,100,0,100,20,B10691,30/12/2028,100
Chlorpromazine 500mg,Chlorpromazine,,tablet,500mg,100,0,100,20,B10692,30/12/2028,100
Halothane 1g,Halothane,,tablet,1g,100,0,100,20,B10693,30/12/2028,100
Ketamine 1g,Ketamine,,tablet,1g,100,0,100,20,B10694,30/12/2028,100
Nitrous oxide 1g,Nitrous oxide,,tablet,1g,100,0,100,20,B10695,30/12/2028,100
Oxygen 1g,Oxygen,,tablet,1g,100,0,100,20,B10696,30/12/2028,100
Atropine 1g,Atropine,,tablet,1g,100,0,100,20,B10697,30/12/2028,100
Diazepam 1g,Diazepam,,tablet,1g,100,0,100,20,B10698,30/12/2028,100
Hyoscine N-Butylbromide 1g,Hyoscine N-Butylbromide,,tablet,1g,100,0,100,20,B10699,30/12/2028,100
Midazolam 1g,Midazolam,,tablet,1g,100,0,100,20,B10700,30/12/2028,100
Morphine 1g,Morphine,,tablet,1g,100,0,100,20,B10701,30/12/2028,100
Promethazine 1g,Promethazine,,tablet,1g,100,0,100,20,B10702,30/12/2028,100
Promethazine 1g,Promethazine,,tablet,1g,100,0,100,20,B10703,30/12/2028,100
Atracurium 1g,Atracurium,,tablet,1g,100,0,100,20,B10704,30/12/2028,100
Neostigmine 1g,Neostigmine,,tablet,1g,100,0,100,20,B10705,30/12/2028,100
Suxamethonium 1g,Suxamethonium,,tablet,1g,100,0,100,20,B10706,30/12/2028,100
Propofol 1g,Propofol,,tablet,1g,100,0,100,20,B10707,30/12/2028,100
Lidocaine 1g,Lidocaine,,tablet,1g,100,0,100,20,B10708,30/12/2028,100
Bupivacaine 1g,Bupivacaine,,tablet,1g,100,0,100,20,B10709,30/12/2028,100
Pentazocine 1g,Pentazocine,,tablet,1g,100,0,100,20,B10710,30/12/2028,100
Pethidine 1g,Pethidine,,tablet,1g,100,0,100,20,B10711,30/12/2028,100
Tramadol 1g,Tramadol,,tablet,1g,100,0,100,20,B10712,30/12/2028,100
Acetylsalicylic Acid 1g,Acetylsalicylic Acid,,tablet,1g,100,0,100,20,B10713,30/12/2028,100
Paracetamol 1g,Paracetamol,,tablet,1g,100,0,100,20,B10714,30/12/2028,100
Paracetamol 1g,Paracetamol,,tablet,1g,100,0,100,20,B10715,30/12/2028,100
Paracetamol 1g,Paracetamol,,tablet,1g,100,0,100,20,B10716,30/12/2028,100
Allopurinol 1g,Allopurinol,,tablet,1g,100,0,100,20,B10717,30/12/2028,100
Diclofenac Sodium 1g,Diclofenac Sodium,,tablet,1g,100,0,100,20,B10718,30/12/2028,100
Diclofenac Sodium 1g,Diclofenac Sodium,,tablet,1g,100,0,100,20,B10719,30/12/2028,100
Ibuprofen 1g,Ibuprofen,,tablet,1g,100,0,100,20,B10720,30/12/2028,100
Ibuprofen 1g,Ibuprofen,,tablet,1g,100,0,100,20,B10721,30/12/2028,100
Naproxen 1g,Naproxen,,tablet,1g,100,0,100,20,B10722,30/12/2028,100
Piroxicam 1g,Piroxicam,,tablet,1g,100,0,100,20,B10723,30/12/2028,100
Meloxicam 1g,Meloxicam,,tablet,1g,100,0,100,20,B10724,30/12/2028,100
Naloxone 1g,Naloxone,,tablet,1g,100,0,100,20,B10725,30/12/2028,100
Chlorpheniramine 1g,Chlorpheniramine,,tablet,1g,100,0,100,20,B10726,30/12/2028,100
Hydrocortisone 1g,Hydrocortisone,,tablet,1g,100,0,100,20,B10727,30/12/2028,100
Prednisolone 1g,Prednisolone,,tablet,1g,100,0,100,20,B10728,30/12/2028,100
Phenobarbital 1g,Phenobarbital,,tablet,1g,100,0,100,20,B10729,30/12/2028,100
Phenytoin 1g,Phenytoin,,tablet,1g,100,0,100,20,B10730,30/12/2028,100
Sodium Valproate 1g,Sodium Valproate,,tablet,1g,100,0,100,20,B10731,30/12/2028,100
Carbamazepine 1g,Carbamazepine,,tablet,1g,100,0,100,20,B10732,30/12/2028,100
Amoxicillin 1g,Amoxicillin,,tablet,1g,100,0,100,20,B10733,30/12/2028,100
Amoxicillin 1g,Amoxicillin,,tablet,1g,100,0,100,20,B10734,30/12/2028,100
Ampicillin 1g,Ampicillin,,tablet,1g,100,0,100,20,B10735,30/12/2028,100
Cloxacillin 1g,Cloxacillin,,tablet,1g,100,0,100,20,B10736,30/12/2028,100
Ceftriaxone 1g,Ceftriaxone,,tablet,1g,100,0,100,20,B10737,30/12/2028,100
Cefuroxime 1g,Cefuroxime,,tablet,1g,100,0,100,20,B10738,30/12/2028,100
Azithromycin 1g,Azithromycin,,tablet,1g,100,0,100,20,B10739,30/12/2028,100
Erythromycin 1g,Erythromycin,,tablet,1g,100,0,100,20,B10740,30/12/2028,100
Ciprofloxacin 1g,Ciprofloxacin,,tablet,1g,100,0,100,20,B10741,30/12/2028,100
Metronidazole 1g,Metronidazole,,tablet,1g,100,0,100,20,B10742,30/12/2028,100
Metronidazole 1g,Metronidazole,,tablet,1g,100,0,100,20,B10743,30/12/2028,100
Gentamicin 1g,Gentamicin,,tablet,1g,100,0,100,20,B10744,30/12/2028,100
Doxycycline 1g,Doxycycline,,tablet,1g,100,0,100,20,B10745,30/12/2028,100
Cotrimoxazole 1g,Cotrimoxazole,,tablet,1g,100,0,100,20,B10746,30/12/2028,100
Artemether + Lumefantrine 1g,Artemether + Lumefantrine,,tablet,1g,100,0,100,20,B10747,30/12/2028,100
Artesunate 1g,Artesunate,,tablet,1g,100,0,100,20,B10748,30/12/2028,100
Amodiaquine 1g,Amodiaquine,,tablet,1g,100,0,100,20,B10749,30/12/2028,100
Quinine 1g,Quinine,,tablet,1g,100,0,100,20,B10750,30/12/2028,100
Fluconazole 1g,Fluconazole,,tablet,1g,100,0,100,20,B10751,30/12/2028,100
Nystatin 1g,Nystatin,,tablet,1g,100,0,100,20,B10752,30/12/2028,100
Amlodipine 1g,Amlodipine,,tablet,1g,100,0,100,20,B10753,30/12/2028,100
Amlodipine 1g,Amlodipine,,tablet,1g,100,0,100,20,B10754,30/12/2028,100
Lisinopril 1g,Lisinopril,,tablet,1g,100,0,100,20,B10755,30/12/2028,100
Lisinopril 1g,Lisinopril,,tablet,1g,100,0,100,20,B10756,30/12/2028,100
Atenolol 1g,Atenolol,,tablet,1g,100,0,100,20,B10757,30/12/2028,100
Propranolol 1g,Propranolol,,tablet,1g,100,0,100,20,B10758,30/12/2028,100
Methyldopa 1g,Methyldopa,,tablet,1g,100,0,100,20,B10759,30/12/2028,100
Hydralazine 1g,Hydralazine,,tablet,1g,100,0,100,20,B10760,30/12/2028,100
Glyceryl Trinitrate 1g,Glyceryl Trinitrate,,tablet,1g,100,0,100,20,B10761,30/12/2028,100
Isosorbide Dinitrate 1g,Isosorbide Dinitrate,,tablet,1g,100,0,100,20,B10762,30/12/2028,100
Digoxin 1g,Digoxin,,tablet,1g,100,0,100,20,B10763,30/12/2028,100
Furosemide 1g,Furosemide,,tablet,1g,100,0,100,20,B10764,30/12/2028,100
Furosemide 1g,Furosemide,,tablet,1g,100,0,100,20,B10765,30/12/2028,100
Hydrochlorothiazide 1g,Hydrochlorothiazide,,tablet,1g,100,0,100,20,B10766,30/12/2028,100
Spironolactone 1g,Spironolactone,,tablet,1g,100,0,100,20,B10767,30/12/2028,100
Atorvastatin 1g,Atorvastatin,,tablet,1g,100,0,100,20,B10768,30/12/2028,100
Simvastatin 1g,Simvastatin,,tablet,1g,100,0,100,20,B10769,30/12/2028,100
Salbutamol 1g,Salbutamol,,tablet,1g,100,0,100,20,B10770,30/12/2028,100
Salbutamol 1g,Salbutamol,,tablet,1g,100,0,100,20,B10771,30/12/2028,100
Aminophylline 1g,Aminophylline,,tablet,1g,100,0,100,20,B10772,30/12/2028,100
Omeprazole 1g,Omeprazole,,tablet,1g,100,0,100,20,B10773,30/12/2028,100
Cimetidine 1g,Cimetidine,,tablet,1g,100,0,100,20,B10774,30/12/2028,100
Metoclopramide 1g,Metoclopramide,,tablet,1g,100,0,100,20,B10775,30/12/2028,100
Zinc Sulfate 1g,Zinc Sulfate,,tablet,1g,100,0,100,20,B10776,30/12/2028,100
Bisacodyl 1g,Bisacodyl,,tablet,1g,100,0,100,20,B10777,30/12/2028,100
Metformin 1g,Metformin,,tablet,1g,100,0,100,20,B10778,30/12/2028,100
Metformin 1g,Metformin,,tablet,1g,100,0,100,20,B10779,30/12/2028,100
Glibenclamide 1g,Glibenclamide,,tablet,1g,100,0,100,20,B10780,30/12/2028,100
Glimepiride 1g,Glimepiride,,tablet,1g,100,0,100,20,B10781,30/12/2028,100
Levothyroxine 1g,Levothyroxine,,tablet,1g,100,0,100,20,B10782,30/12/2028,100
Carbimazole 1g,Carbimazole,,tablet,1g,100,0,100,20,B10783,30/12/2028,100
Folic Acid 1g,Folic Acid,,tablet,1g,100,0,100,20,B10784,30/12/2028,100
Oxytocin 1g,Oxytocin,,tablet,1g,100,0,100,20,B10785,30/12/2028,100
Misoprostol 1g,Misoprostol,,tablet,1g,100,0,100,20,B10786,30/12/2028,100
Magnesium Sulfate 1g,Magnesium Sulfate,,tablet,1g,100,0,100,20,B10787,30/12/2028,100
Amitriptyline 1g,Amitriptyline,,tablet,1g,100,0,100,20,B10788,30/12/2028,100
Fluoxetine 1g,Fluoxetine,,tablet,1g,100,0,100,20,B10789,30/12/2028,100
Haloperidol 1g,Haloperidol,,tablet,1g,100,0,100,20,B10790,30/12/2028,100
Chlorpromazine 1g,Chlorpromazine,,tablet,1g,100,0,100,20,B10791,30/12/2028,100
Halothane 5mg,Halothane,,capsule,5mg,100,0,100,20,B10792,30/12/2028,100
Ketamine 5mg,Ketamine,,capsule,5mg,100,0,100,20,B10793,30/12/2028,100
Nitrous oxide 5mg,Nitrous oxide,,capsule,5mg,100,0,100,20,B10794,30/12/2028,100
Oxygen 5mg,Oxygen,,capsule,5mg,100,0,100,20,B10795,30/12/2028,100
Atropine 5mg,Atropine,,capsule,5mg,100,0,100,20,B10796,30/12/2028,100
Diazepam 5mg,Diazepam,,capsule,5mg,100,0,100,20,B10797,30/12/2028,100
Hyoscine N-Butylbromide 5mg,Hyoscine N-Butylbromide,,capsule,5mg,100,0,100,20,B10798,30/12/2028,100
Midazolam 5mg,Midazolam,,capsule,5mg,100,0,100,20,B10799,30/12/2028,100
Morphine 5mg,Morphine,,capsule,5mg,100,0,100,20,B10800,30/12/2028,100
Promethazine 5mg,Promethazine,,capsule,5mg,100,0,100,20,B10801,30/12/2028,100
Promethazine 5mg,Promethazine,,capsule,5mg,100,0,100,20,B10802,30/12/2028,100
Atracurium 5mg,Atracurium,,capsule,5mg,100,0,100,20,B10803,30/12/2028,100
Neostigmine 5mg,Neostigmine,,capsule,5mg,100,0,100,20,B10804,30/12/2028,100
Suxamethonium 5mg,Suxamethonium,,capsule,5mg,100,0,100,20,B10805,30/12/2028,100
Propofol 5mg,Propofol,,capsule,5mg,100,0,100,20,B10806,30/12/2028,100
Lidocaine 5mg,Lidocaine,,capsule,5mg,100,0,100,20,B10807,30/12/2028,100
Bupivacaine 5mg,Bupivacaine,,capsule,5mg,100,0,100,20,B10808,30/12/2028,100
Pentazocine 5mg,Pentazocine,,capsule,5mg,100,0,100,20,B10809,30/12/2028,100
Pethidine 5mg,Pethidine,,capsule,5mg,100,0,100,20,B10810,30/12/2028,100
Tramadol 5mg,Tramadol,,capsule,5mg,100,0,100,20,B10811,30/12/2028,100
Acetylsalicylic Acid 5mg,Acetylsalicylic Acid,,capsule,5mg,100,0,100,20,B10812,30/12/2028,100
Paracetamol 5mg,Paracetamol,,capsule,5mg,100,0,100,20,B10813,30/12/2028,100
Paracetamol 5mg,Paracetamol,,capsule,5mg,100,0,100,20,B10814,30/12/2028,100
Paracetamol 5mg,Paracetamol,,capsule,5mg,100,0,100,20,B10815,30/12/2028,100
Allopurinol 5mg,Allopurinol,,capsule,5mg,100,0,100,20,B10816,30/12/2028,100
Diclofenac Sodium 5mg,Diclofenac Sodium,,capsule,5mg,100,0,100,20,B10817,30/12/2028,100
Diclofenac Sodium 5mg,Diclofenac Sodium,,capsule,5mg,100,0,100,20,B10818,30/12/2028,100
Ibuprofen 5mg,Ibuprofen,,capsule,5mg,100,0,100,20,B10819,30/12/2028,100
Ibuprofen 5mg,Ibuprofen,,capsule,5mg,100,0,100,20,B10820,30/12/2028,100
Naproxen 5mg,Naproxen,,capsule,5mg,100,0,100,20,B10821,30/12/2028,100
Piroxicam 5mg,Piroxicam,,capsule,5mg,100,0,100,20,B10822,30/12/2028,100
Meloxicam 5mg,Meloxicam,,capsule,5mg,100,0,100,20,B10823,30/12/2028,100
Naloxone 5mg,Naloxone,,capsule,5mg,100,0,100,20,B10824,30/12/2028,100
Chlorpheniramine 5mg,Chlorpheniramine,,capsule,5mg,100,0,100,20,B10825,30/12/2028,100
Hydrocortisone 5mg,Hydrocortisone,,capsule,5mg,100,0,100,20,B10826,30/12/2028,100
Prednisolone 5mg,Prednisolone,,capsule,5mg,100,0,100,20,B10827,30/12/2028,100
Phenobarbital 5mg,Phenobarbital,,capsule,5mg,100,0,100,20,B10828,30/12/2028,100
Phenytoin 5mg,Phenytoin,,capsule,5mg,100,0,100,20,B10829,30/12/2028,100
Sodium Valproate 5mg,Sodium Valproate,,capsule,5mg,100,0,100,20,B10830,30/12/2028,100
Carbamazepine 5mg,Carbamazepine,,capsule,5mg,100,0,100,20,B10831,30/12/2028,100
Amoxicillin 5mg,Amoxicillin,,capsule,5mg,100,0,100,20,B10832,30/12/2028,100
Amoxicillin 5mg,Amoxicillin,,capsule,5mg,100,0,100,20,B10833,30/12/2028,100
Ampicillin 5mg,Ampicillin,,capsule,5mg,100,0,100,20,B10834,30/12/2028,100
Cloxacillin 5mg,Cloxacillin,,capsule,5mg,100,0,100,20,B10835,30/12/2028,100
Ceftriaxone 5mg,Ceftriaxone,,capsule,5mg,100,0,100,20,B10836,30/12/2028,100
Cefuroxime 5mg,Cefuroxime,,capsule,5mg,100,0,100,20,B10837,30/12/2028,100
Azithromycin 5mg,Azithromycin,,capsule,5mg,100,0,100,20,B10838,30/12/2028,100
Erythromycin 5mg,Erythromycin,,capsule,5mg,100,0,100,20,B10839,30/12/2028,100
Ciprofloxacin 5mg,Ciprofloxacin,,capsule,5mg,100,0,100,20,B10840,30/12/2028,100
Metronidazole 5mg,Metronidazole,,capsule,5mg,100,0,100,20,B10841,30/12/2028,100
Metronidazole 5mg,Metronidazole,,capsule,5mg,100,0,100,20,B10842,30/12/2028,100
Gentamicin 5mg,Gentamicin,,capsule,5mg,100,0,100,20,B10843,30/12/2028,100
Doxycycline 5mg,Doxycycline,,capsule,5mg,100,0,100,20,B10844,30/12/2028,100
Cotrimoxazole 5mg,Cotrimoxazole,,capsule,5mg,100,0,100,20,B10845,30/12/2028,100
Artemether + Lumefantrine 5mg,Artemether + Lumefantrine,,capsule,5mg,100,0,100,20,B10846,30/12/2028,100
Artesunate 5mg,Artesunate,,capsule,5mg,100,0,100,20,B10847,30/12/2028,100
Amodiaquine 5mg,Amodiaquine,,capsule,5mg,100,0,100,20,B10848,30/12/2028,100
Quinine 5mg,Quinine,,capsule,5mg,100,0,100,20,B10849,30/12/2028,100
Fluconazole 5mg,Fluconazole,,capsule,5mg,100,0,100,20,B10850,30/12/2028,100
Nystatin 5mg,Nystatin,,capsule,5mg,100,0,100,20,B10851,30/12/2028,100
Amlodipine 5mg,Amlodipine,,capsule,5mg,100,0,100,20,B10852,30/12/2028,100
Amlodipine 5mg,Amlodipine,,capsule,5mg,100,0,100,20,B10853,30/12/2028,100
Lisinopril 5mg,Lisinopril,,capsule,5mg,100,0,100,20,B10854,30/12/2028,100
Lisinopril 5mg,Lisinopril,,capsule,5mg,100,0,100,20,B10855,30/12/2028,100
Atenolol 5mg,Atenolol,,capsule,5mg,100,0,100,20,B10856,30/12/2028,100
Propranolol 5mg,Propranolol,,capsule,5mg,100,0,100,20,B10857,30/12/2028,100
Methyldopa 5mg,Methyldopa,,capsule,5mg,100,0,100,20,B10858,30/12/2028,100
Hydralazine 5mg,Hydralazine,,capsule,5mg,100,0,100,20,B10859,30/12/2028,100
Glyceryl Trinitrate 5mg,Glyceryl Trinitrate,,capsule,5mg,100,0,100,20,B10860,30/12/2028,100
Isosorbide Dinitrate 5mg,Isosorbide Dinitrate,,capsule,5mg,100,0,100,20,B10861,30/12/2028,100
Digoxin 5mg,Digoxin,,capsule,5mg,100,0,100,20,B10862,30/12/2028,100
Furosemide 5mg,Furosemide,,capsule,5mg,100,0,100,20,B10863,30/12/2028,100
Furosemide 5mg,Furosemide,,capsule,5mg,100,0,100,20,B10864,30/12/2028,100
Hydrochlorothiazide 5mg,Hydrochlorothiazide,,capsule,5mg,100,0,100,20,B10865,30/12/2028,100
Spironolactone 5mg,Spironolactone,,capsule,5mg,100,0,100,20,B10866,30/12/2028,100
Atorvastatin 5mg,Atorvastatin,,capsule,5mg,100,0,100,20,B10867,30/12/2028,100
Simvastatin 5mg,Simvastatin,,capsule,5mg,100,0,100,20,B10868,30/12/2028,100
Salbutamol 5mg,Salbutamol,,capsule,5mg,100,0,100,20,B10869,30/12/2028,100
Salbutamol 5mg,Salbutamol,,capsule,5mg,100,0,100,20,B10870,30/12/2028,100
Aminophylline 5mg,Aminophylline,,capsule,5mg,100,0,100,20,B10871,30/12/2028,100
Omeprazole 5mg,Omeprazole,,capsule,5mg,100,0,100,20,B10872,30/12/2028,100
Cimetidine 5mg,Cimetidine,,capsule,5mg,100,0,100,20,B10873,30/12/2028,100
Metoclopramide 5mg,Metoclopramide,,capsule,5mg,100,0,100,20,B10874,30/12/2028,100
Zinc Sulfate 5mg,Zinc Sulfate,,capsule,5mg,100,0,100,20,B10875,30/12/2028,100
Bisacodyl 5mg,Bisacodyl,,capsule,5mg,100,0,100,20,B10876,30/12/2028,100
Metformin 5mg,Metformin,,capsule,5mg,100,0,100,20,B10877,30/12/2028,100
Metformin 5mg,Metformin,,capsule,5mg,100,0,100,20,B10878,30/12/2028,100
Glibenclamide 5mg,Glibenclamide,,capsule,5mg,100,0,100,20,B10879,30/12/2028,100
Glimepiride 5mg,Glimepiride,,capsule,5mg,100,0,100,20,B10880,30/12/2028,100
Levothyroxine 5mg,Levothyroxine,,capsule,5mg,100,0,100,20,B10881,30/12/2028,100
Carbimazole 5mg,Carbimazole,,capsule,5mg,100,0,100,20,B10882,30/12/2028,100
Folic Acid 5mg,Folic Acid,,capsule,5mg,100,0,100,20,B10883,30/12/2028,100
Oxytocin 5mg,Oxytocin,,capsule,5mg,100,0,100,20,B10884,30/12/2028,100
Misoprostol 5mg,Misoprostol,,capsule,5mg,100,0,100,20,B10885,30/12/2028,100
Magnesium Sulfate 5mg,Magnesium Sulfate,,capsule,5mg,100,0,100,20,B10886,30/12/2028,100
Amitriptyline 5mg,Amitriptyline,,capsule,5mg,100,0,100,20,B10887,30/12/2028,100
Fluoxetine 5mg,Fluoxetine,,capsule,5mg,100,0,100,20,B10888,30/12/2028,100
Haloperidol 5mg,Haloperidol,,capsule,5mg,100,0,100,20,B10889,30/12/2028,100
Chlorpromazine 5mg,Chlorpromazine,,capsule,5mg,100,0,100,20,B10890,30/12/2028,100
Halothane 10mg,Halothane,,capsule,10mg,100,0,100,20,B10891,30/12/2028,100
Ketamine 10mg,Ketamine,,capsule,10mg,100,0,100,20,B10892,30/12/2028,100
Nitrous oxide 10mg,Nitrous oxide,,capsule,10mg,100,0,100,20,B10893,30/12/2028,100
Oxygen 10mg,Oxygen,,capsule,10mg,100,0,100,20,B10894,30/12/2028,100
Atropine 10mg,Atropine,,capsule,10mg,100,0,100,20,B10895,30/12/2028,100
Diazepam 10mg,Diazepam,,capsule,10mg,100,0,100,20,B10896,30/12/2028,100
Hyoscine N-Butylbromide 10mg,Hyoscine N-Butylbromide,,capsule,10mg,100,0,100,20,B10897,30/12/2028,100
Midazolam 10mg,Midazolam,,capsule,10mg,100,0,100,20,B10898,30/12/2028,100
Morphine 10mg,Morphine,,capsule,10mg,100,0,100,20,B10899,30/12/2028,100
Promethazine 10mg,Promethazine,,capsule,10mg,100,0,100,20,B10900,30/12/2028,100
Promethazine 10mg,Promethazine,,capsule,10mg,100,0,100,20,B10901,30/12/2028,100
Atracurium 10mg,Atracurium,,capsule,10mg,100,0,100,20,B10902,30/12/2028,100
Neostigmine 10mg,Neostigmine,,capsule,10mg,100,0,100,20,B10903,30/12/2028,100
Suxamethonium 10mg,Suxamethonium,,capsule,10mg,100,0,100,20,B10904,30/12/2028,100
Propofol 10mg,Propofol,,capsule,10mg,100,0,100,20,B10905,30/12/2028,100
Lidocaine 10mg,Lidocaine,,capsule,10mg,100,0,100,20,B10906,30/12/2028,100
Bupivacaine 10mg,Bupivacaine,,capsule,10mg,100,0,100,20,B10907,30/12/2028,100
Pentazocine 10mg,Pentazocine,,capsule,10mg,100,0,100,20,B10908,30/12/2028,100
Pethidine 10mg,Pethidine,,capsule,10mg,100,0,100,20,B10909,30/12/2028,100
Tramadol 10mg,Tramadol,,capsule,10mg,100,0,100,20,B10910,30/12/2028,100
Acetylsalicylic Acid 10mg,Acetylsalicylic Acid,,capsule,10mg,100,0,100,20,B10911,30/12/2028,100
Paracetamol 10mg,Paracetamol,,capsule,10mg,100,0,100,20,B10912,30/12/2028,100
Paracetamol 10mg,Paracetamol,,capsule,10mg,100,0,100,20,B10913,30/12/2028,100
Paracetamol 10mg,Paracetamol,,capsule,10mg,100,0,100,20,B10914,30/12/2028,100
Allopurinol 10mg,Allopurinol,,capsule,10mg,100,0,100,20,B10915,30/12/2028,100
Diclofenac Sodium 10mg,Diclofenac Sodium,,capsule,10mg,100,0,100,20,B10916,30/12/2028,100
Diclofenac Sodium 10mg,Diclofenac Sodium,,capsule,10mg,100,0,100,20,B10917,30/12/2028,100
Ibuprofen 10mg,Ibuprofen,,capsule,10mg,100,0,100,20,B10918,30/12/2028,100
Ibuprofen 10mg,Ibuprofen,,capsule,10mg,100,0,100,20,B10919,30/12/2028,100
Naproxen 10mg,Naproxen,,capsule,10mg,100,0,100,20,B10920,30/12/2028,100
Piroxicam 10mg,Piroxicam,,capsule,10mg,100,0,100,20,B10921,30/12/2028,100
Meloxicam 10mg,Meloxicam,,capsule,10mg,100,0,100,20,B10922,30/12/2028,100
Naloxone 10mg,Naloxone,,capsule,10mg,100,0,100,20,B10923,30/12/2028,100
Chlorpheniramine 10mg,Chlorpheniramine,,capsule,10mg,100,0,100,20,B10924,30/12/2028,100
Hydrocortisone 10mg,Hydrocortisone,,capsule,10mg,100,0,100,20,B10925,30/12/2028,100
Prednisolone 10mg,Prednisolone,,capsule,10mg,100,0,100,20,B10926,30/12/2028,100
Phenobarbital 10mg,Phenobarbital,,capsule,10mg,100,0,100,20,B10927,30/12/2028,100
Phenytoin 10mg,Phenytoin,,capsule,10mg,100,0,100,20,B10928,30/12/2028,100
Sodium Valproate 10mg,Sodium Valproate,,capsule,10mg,100,0,100,20,B10929,30/12/2028,100
Carbamazepine 10mg,Carbamazepine,,capsule,10mg,100,0,100,20,B10930,30/12/2028,100
Amoxicillin 10mg,Amoxicillin,,capsule,10mg,100,0,100,20,B10931,30/12/2028,100
Amoxicillin 10mg,Amoxicillin,,capsule,10mg,100,0,100,20,B10932,30/12/2028,100
Ampicillin 10mg,Ampicillin,,capsule,10mg,100,0,100,20,B10933,30/12/2028,100
Cloxacillin 10mg,Cloxacillin,,capsule,10mg,100,0,100,20,B10934,30/12/2028,100
Ceftriaxone 10mg,Ceftriaxone,,capsule,10mg,100,0,100,20,B10935,30/12/2028,100
Cefuroxime 10mg,Cefuroxime,,capsule,10mg,100,0,100,20,B10936,30/12/2028,100
Azithromycin 10mg,Azithromycin,,capsule,10mg,100,0,100,20,B10937,30/12/2028,100
Erythromycin 10mg,Erythromycin,,capsule,10mg,100,0,100,20,B10938,30/12/2028,100
Ciprofloxacin 10mg,Ciprofloxacin,,capsule,10mg,100,0,100,20,B10939,30/12/2028,100
Metronidazole 10mg,Metronidazole,,capsule,10mg,100,0,100,20,B10940,30/12/2028,100
Metronidazole 10mg,Metronidazole,,capsule,10mg,100,0,100,20,B10941,30/12/2028,100
Gentamicin 10mg,Gentamicin,,capsule,10mg,100,0,100,20,B10942,30/12/2028,100
Doxycycline 10mg,Doxycycline,,capsule,10mg,100,0,100,20,B10943,30/12/2028,100
Cotrimoxazole 10mg,Cotrimoxazole,,capsule,10mg,100,0,100,20,B10944,30/12/2028,100
Artemether + Lumefantrine 10mg,Artemether + Lumefantrine,,capsule,10mg,100,0,100,20,B10945,30/12/2028,100
Artesunate 10mg,Artesunate,,capsule,10mg,100,0,100,20,B10946,30/12/2028,100
Amodiaquine 10mg,Amodiaquine,,capsule,10mg,100,0,100,20,B10947,30/12/2028,100
Quinine 10mg,Quinine,,capsule,10mg,100,0,100,20,B10948,30/12/2028,100
Fluconazole 10mg,Fluconazole,,capsule,10mg,100,0,100,20,B10949,30/12/2028,100
Nystatin 10mg,Nystatin,,capsule,10mg,100,0,100,20,B10950,30/12/2028,100
Amlodipine 10mg,Amlodipine,,capsule,10mg,100,0,100,20,B10951,30/12/2028,100
Amlodipine 10mg,Amlodipine,,capsule,10mg,100,0,100,20,B10952,30/12/2028,100
Lisinopril 10mg,Lisinopril,,capsule,10mg,100,0,100,20,B10953,30/12/2028,100
Lisinopril 10mg,Lisinopril,,capsule,10mg,100,0,100,20,B10954,30/12/2028,100
Atenolol 10mg,Atenolol,,capsule,10mg,100,0,100,20,B10955,30/12/2028,100
Propranolol 10mg,Propranolol,,capsule,10mg,100,0,100,20,B10956,30/12/2028,100
Methyldopa 10mg,Methyldopa,,capsule,10mg,100,0,100,20,B10957,30/12/2028,100
Hydralazine 10mg,Hydralazine,,capsule,10mg,100,0,100,20,B10958,30/12/2028,100
Glyceryl Trinitrate 10mg,Glyceryl Trinitrate,,capsule,10mg,100,0,100,20,B10959,30/12/2028,100
Isosorbide Dinitrate 10mg,Isosorbide Dinitrate,,capsule,10mg,100,0,100,20,B10960,30/12/2028,100
Digoxin 10mg,Digoxin,,capsule,10mg,100,0,100,20,B10961,30/12/2028,100
Furosemide 10mg,Furosemide,,capsule,10mg,100,0,100,20,B10962,30/12/2028,100
Furosemide 10mg,Furosemide,,capsule,10mg,100,0,100,20,B10963,30/12/2028,100
Hydrochlorothiazide 10mg,Hydrochlorothiazide,,capsule,10mg,100,0,100,20,B10964,30/12/2028,100
Spironolactone 10mg,Spironolactone,,capsule,10mg,100,0,100,20,B10965,30/12/2028,100
Atorvastatin 10mg,Atorvastatin,,capsule,10mg,100,0,100,20,B10966,30/12/2028,100
Simvastatin 10mg,Simvastatin,,capsule,10mg,100,0,100,20,B10967,30/12/2028,100
Salbutamol 10mg,Salbutamol,,capsule,10mg,100,0,100,20,B10968,30/12/2028,100
Salbutamol 10mg,Salbutamol,,capsule,10mg,100,0,100,20,B10969,30/12/2028,100
Aminophylline 10mg,Aminophylline,,capsule,10mg,100,0,100,20,B10970,30/12/2028,100
Omeprazole 10mg,Omeprazole,,capsule,10mg,100,0,100,20,B10971,30/12/2028,100
Cimetidine 10mg,Cimetidine,,capsule,10mg,100,0,100,20,B10972,30/12/2028,100
Metoclopramide 10mg,Metoclopramide,,capsule,10mg,100,0,100,20,B10973,30/12/2028,100
Zinc Sulfate 10mg,Zinc Sulfate,,capsule,10mg,100,0,100,20,B10974,30/12/2028,100
Bisacodyl 10mg,Bisacodyl,,capsule,10mg,100,0,100,20,B10975,30/12/2028,100
Metformin 10mg,Metformin,,capsule,10mg,100,0,100,20,B10976,30/12/2028,100
Metformin 10mg,Metformin,,capsule,10mg,100,0,100,20,B10977,30/12/2028,100
Glibenclamide 10mg,Glibenclamide,,capsule,10mg,100,0,100,20,B10978,30/12/2028,100
Glimepiride 10mg,Glimepiride,,capsule,10mg,100,0,100,20,B10979,30/12/2028,100
Levothyroxine 10mg,Levothyroxine,,capsule,10mg,100,0,100,20,B10980,30/12/2028,100
Carbimazole 10mg,Carbimazole,,capsule,10mg,100,0,100,20,B10981,30/12/2028,100
Folic Acid 10mg,Folic Acid,,capsule,10mg,100,0,100,20,B10982,30/12/2028,100
Oxytocin 10mg,Oxytocin,,capsule,10mg,100,0,100,20,B10983,30/12/2028,100
Misoprostol 10mg,Misoprostol,,capsule,10mg,100,0,100,20,B10984,30/12/2028,100
Magnesium Sulfate 10mg,Magnesium Sulfate,,capsule,10mg,100,0,100,20,B10985,30/12/2028,100
Amitriptyline 10mg,Amitriptyline,,capsule,10mg,100,0,100,20,B10986,30/12/2028,100
Fluoxetine 10mg,Fluoxetine,,capsule,10mg,100,0,100,20,B10987,30/12/2028,100
Haloperidol 10mg,Haloperidol,,capsule,10mg,100,0,100,20,B10988,30/12/2028,100
Chlorpromazine 10mg,Chlorpromazine,,capsule,10mg,100,0,100,20,B10989,30/12/2028,100
Halothane 20mg,Halothane,,capsule,20mg,100,0,100,20,B10990,30/12/2028,100
Ketamine 20mg,Ketamine,,capsule,20mg,100,0,100,20,B10991,30/12/2028,100
Nitrous oxide 20mg,Nitrous oxide,,capsule,20mg,100,0,100,20,B10992,30/12/2028,100
Oxygen 20mg,Oxygen,,capsule,20mg,100,0,100,20,B10993,30/12/2028,100
Atropine 20mg,Atropine,,capsule,20mg,100,0,100,20,B10994,30/12/2028,100
Diazepam 20mg,Diazepam,,capsule,20mg,100,0,100,20,B10995,30/12/2028,100
Hyoscine N-Butylbromide 20mg,Hyoscine N-Butylbromide,,capsule,20mg,100,0,100,20,B10996,30/12/2028,100
Midazolam 20mg,Midazolam,,capsule,20mg,100,0,100,20,B10997,30/12/2028,100
Morphine 20mg,Morphine,,capsule,20mg,100,0,100,20,B10998,30/12/2028,100
Promethazine 20mg,Promethazine,,capsule,20mg,100,0,100,20,B10999,30/12/2028,100
Promethazine 20mg,Promethazine,,capsule,20mg,100,0,100,20,B11000,30/12/2028,100
Atracurium 20mg,Atracurium,,capsule,20mg,100,0,100,20,B11001,30/12/2028,100
Neostigmine 20mg,Neostigmine,,capsule,20mg,100,0,100,20,B11002,30/12/2028,100
Suxamethonium 20mg,Suxamethonium,,capsule,20mg,100,0,100,20,B11003,30/12/2028,100
Propofol 20mg,Propofol,,capsule,20mg,100,0,100,20,B11004,30/12/2028,100
Lidocaine 20mg,Lidocaine,,capsule,20mg,100,0,100,20,B11005,30/12/2028,100
Bupivacaine 20mg,Bupivacaine,,capsule,20mg,100,0,100,20,B11006,30/12/2028,100
Pentazocine 20mg,Pentazocine,,capsule,20mg,100,0,100,20,B11007,30/12/2028,100
Pethidine 20mg,Pethidine,,capsule,20mg,100,0,100,20,B11008,30/12/2028,100
Tramadol 20mg,Tramadol,,capsule,20mg,100,0,100,20,B11009,30/12/2028,100
Acetylsalicylic Acid 20mg,Acetylsalicylic Acid,,capsule,20mg,100,0,100,20,B11010,30/12/2028,100
Paracetamol 20mg,Paracetamol,,capsule,20mg,100,0,100,20,B11011,30/12/2028,100
Paracetamol 20mg,Paracetamol,,capsule,20mg,100,0,100,20,B11012,30/12/2028,100
Paracetamol 20mg,Paracetamol,,capsule,20mg,100,0,100,20,B11013,30/12/2028,100
Allopurinol 20mg,Allopurinol,,capsule,20mg,100,0,100,20,B11014,30/12/2028,100
Diclofenac Sodium 20mg,Diclofenac Sodium,,capsule,20mg,100,0,100,20,B11015,30/12/2028,100
Diclofenac Sodium 20mg,Diclofenac Sodium,,capsule,20mg,100,0,100,20,B11016,30/12/2028,100
Ibuprofen 20mg,Ibuprofen,,capsule,20mg,100,0,100,20,B11017,30/12/2028,100
Ibuprofen 20mg,Ibuprofen,,capsule,20mg,100,0,100,20,B11018,30/12/2028,100
Naproxen 20mg,Naproxen,,capsule,20mg,100,0,100,20,B11019,30/12/2028,100
Piroxicam 20mg,Piroxicam,,capsule,20mg,100,0,100,20,B11020,30/12/2028,100
Meloxicam 20mg,Meloxicam,,capsule,20mg,100,0,100,20,B11021,30/12/2028,100
Naloxone 20mg,Naloxone,,capsule,20mg,100,0,100,20,B11022,30/12/2028,100
Chlorpheniramine 20mg,Chlorpheniramine,,capsule,20mg,100,0,100,20,B11023,30/12/2028,100
Hydrocortisone 20mg,Hydrocortisone,,capsule,20mg,100,0,100,20,B11024,30/12/2028,100
Prednisolone 20mg,Prednisolone,,capsule,20mg,100,0,100,20,B11025,30/12/2028,100
Phenobarbital 20mg,Phenobarbital,,capsule,20mg,100,0,100,20,B11026,30/12/2028,100
Phenytoin 20mg,Phenytoin,,capsule,20mg,100,0,100,20,B11027,30/12/2028,100
Sodium Valproate 20mg,Sodium Valproate,,capsule,20mg,100,0,100,20,B11028,30/12/2028,100
Carbamazepine 20mg,Carbamazepine,,capsule,20mg,100,0,100,20,B11029,30/12/2028,100
Amoxicillin 20mg,Amoxicillin,,capsule,20mg,100,0,100,20,B11030,30/12/2028,100
Amoxicillin 20mg,Amoxicillin,,capsule,20mg,100,0,100,20,B11031,30/12/2028,100
Ampicillin 20mg,Ampicillin,,capsule,20mg,100,0,100,20,B11032,30/12/2028,100
Cloxacillin 20mg,Cloxacillin,,capsule,20mg,100,0,100,20,B11033,30/12/2028,100
Ceftriaxone 20mg,Ceftriaxone,,capsule,20mg,100,0,100,20,B11034,30/12/2028,100
Cefuroxime 20mg,Cefuroxime,,capsule,20mg,100,0,100,20,B11035,30/12/2028,100
Azithromycin 20mg,Azithromycin,,capsule,20mg,100,0,100,20,B11036,30/12/2028,100
Erythromycin 20mg,Erythromycin,,capsule,20mg,100,0,100,20,B11037,30/12/2028,100
Ciprofloxacin 20mg,Ciprofloxacin,,capsule,20mg,100,0,100,20,B11038,30/12/2028,100
Metronidazole 20mg,Metronidazole,,capsule,20mg,100,0,100,20,B11039,30/12/2028,100
Metronidazole 20mg,Metronidazole,,capsule,20mg,100,0,100,20,B11040,30/12/2028,100
Gentamicin 20mg,Gentamicin,,capsule,20mg,100,0,100,20,B11041,30/12/2028,100
Doxycycline 20mg,Doxycycline,,capsule,20mg,100,0,100,20,B11042,30/12/2028,100
Cotrimoxazole 20mg,Cotrimoxazole,,capsule,20mg,100,0,100,20,B11043,30/12/2028,100
Artemether + Lumefantrine 20mg,Artemether + Lumefantrine,,capsule,20mg,100,0,100,20,B11044,30/12/2028,100
Artesunate 20mg,Artesunate,,capsule,20mg,100,0,100,20,B11045,30/12/2028,100
Amodiaquine 20mg,Amodiaquine,,capsule,20mg,100,0,100,20,B11046,30/12/2028,100
Quinine 20mg,Quinine,,capsule,20mg,100,0,100,20,B11047,30/12/2028,100
Fluconazole 20mg,Fluconazole,,capsule,20mg,100,0,100,20,B11048,30/12/2028,100
Nystatin 20mg,Nystatin,,capsule,20mg,100,0,100,20,B11049,30/12/2028,100
Amlodipine 20mg,Amlodipine,,capsule,20mg,100,0,100,20,B11050,30/12/2028,100
Amlodipine 20mg,Amlodipine,,capsule,20mg,100,0,100,20,B11051,30/12/2028,100
Lisinopril 20mg,Lisinopril,,capsule,20mg,100,0,100,20,B11052,30/12/2028,100
Lisinopril 20mg,Lisinopril,,capsule,20mg,100,0,100,20,B11053,30/12/2028,100
Atenolol 20mg,Atenolol,,capsule,20mg,100,0,100,20,B11054,30/12/2028,100
Propranolol 20mg,Propranolol,,capsule,20mg,100,0,100,20,B11055,30/12/2028,100
Methyldopa 20mg,Methyldopa,,capsule,20mg,100,0,100,20,B11056,30/12/2028,100
Hydralazine 20mg,Hydralazine,,capsule,20mg,100,0,100,20,B11057,30/12/2028,100
Glyceryl Trinitrate 20mg,Glyceryl Trinitrate,,capsule,20mg,100,0,100,20,B11058,30/12/2028,100
Isosorbide Dinitrate 20mg,Isosorbide Dinitrate,,capsule,20mg,100,0,100,20,B11059,30/12/2028,100
Digoxin 20mg,Digoxin,,capsule,20mg,100,0,100,20,B11060,30/12/2028,100
Furosemide 20mg,Furosemide,,capsule,20mg,100,0,100,20,B11061,30/12/2028,100
Furosemide 20mg,Furosemide,,capsule,20mg,100,0,100,20,B11062,30/12/2028,100
Hydrochlorothiazide 20mg,Hydrochlorothiazide,,capsule,20mg,100,0,100,20,B11063,30/12/2028,100
Spironolactone 20mg,Spironolactone,,capsule,20mg,100,0,100,20,B11064,30/12/2028,100
Atorvastatin 20mg,Atorvastatin,,capsule,20mg,100,0,100,20,B11065,30/12/2028,100
Simvastatin 20mg,Simvastatin,,capsule,20mg,100,0,100,20,B11066,30/12/2028,100
Salbutamol 20mg,Salbutamol,,capsule,20mg,100,0,100,20,B11067,30/12/2028,100
Salbutamol 20mg,Salbutamol,,capsule,20mg,100,0,100,20,B11068,30/12/2028,100
Aminophylline 20mg,Aminophylline,,capsule,20mg,100,0,100,20,B11069,30/12/2028,100
Omeprazole 20mg,Omeprazole,,capsule,20mg,100,0,100,20,B11070,30/12/2028,100
Cimetidine 20mg,Cimetidine,,capsule,20mg,100,0,100,20,B11071,30/12/2028,100
Metoclopramide 20mg,Metoclopramide,,capsule,20mg,100,0,100,20,B11072,30/12/2028,100
Zinc Sulfate 20mg,Zinc Sulfate,,capsule,20mg,100,0,100,20,B11073,30/12/2028,100
Bisacodyl 20mg,Bisacodyl,,capsule,20mg,100,0,100,20,B11074,30/12/2028,100
Metformin 20mg,Metformin,,capsule,20mg,100,0,100,20,B11075,30/12/2028,100
Metformin 20mg,Metformin,,capsule,20mg,100,0,100,20,B11076,30/12/2028,100
Glibenclamide 20mg,Glibenclamide,,capsule,20mg,100,0,100,20,B11077,30/12/2028,100
Glimepiride 20mg,Glimepiride,,capsule,20mg,100,0,100,20,B11078,30/12/2028,100
Levothyroxine 20mg,Levothyroxine,,capsule,20mg,100,0,100,20,B11079,30/12/2028,100
Carbimazole 20mg,Carbimazole,,capsule,20mg,100,0,100,20,B11080,30/12/2028,100
Folic Acid 20mg,Folic Acid,,capsule,20mg,100,0,100,20,B11081,30/12/2028,100
Oxytocin 20mg,Oxytocin,,capsule,20mg,100,0,100,20,B11082,30/12/2028,100
Misoprostol 20mg,Misoprostol,,capsule,20mg,100,0,100,20,B11083,30/12/2028,100
Magnesium Sulfate 20mg,Magnesium Sulfate,,capsule,20mg,100,0,100,20,B11084,30/12/2028,100
Amitriptyline 20mg,Amitriptyline,,capsule,20mg,100,0,100,20,B11085,30/12/2028,100
Fluoxetine 20mg,Fluoxetine,,capsule,20mg,100,0,100,20,B11086,30/12/2028,100
Haloperidol 20mg,Haloperidol,,capsule,20mg,100,0,100,20,B11087,30/12/2028,100
Chlorpromazine 20mg,Chlorpromazine,,capsule,20mg,100,0,100,20,B11088,30/12/2028,100
Halothane 50mg,Halothane,,capsule,50mg,100,0,100,20,B11089,30/12/2028,100
Ketamine 50mg,Ketamine,,capsule,50mg,100,0,100,20,B11090,30/12/2028,100
Nitrous oxide 50mg,Nitrous oxide,,capsule,50mg,100,0,100,20,B11091,30/12/2028,100
Oxygen 50mg,Oxygen,,capsule,50mg,100,0,100,20,B11092,30/12/2028,100
Atropine 50mg,Atropine,,capsule,50mg,100,0,100,20,B11093,30/12/2028,100
Diazepam 50mg,Diazepam,,capsule,50mg,100,0,100,20,B11094,30/12/2028,100
Hyoscine N-Butylbromide 50mg,Hyoscine N-Butylbromide,,capsule,50mg,100,0,100,20,B11095,30/12/2028,100
Midazolam 50mg,Midazolam,,capsule,50mg,100,0,100,20,B11096,30/12/2028,100
Morphine 50mg,Morphine,,capsule,50mg,100,0,100,20,B11097,30/12/2028,100
Promethazine 50mg,Promethazine,,capsule,50mg,100,0,100,20,B11098,30/12/2028,100
Promethazine 50mg,Promethazine,,capsule,50mg,100,0,100,20,B11099,30/12/2028,100
Atracurium 50mg,Atracurium,,capsule,50mg,100,0,100,20,B11100,30/12/2028,100
Neostigmine 50mg,Neostigmine,,capsule,50mg,100,0,100,20,B11101,30/12/2028,100
Suxamethonium 50mg,Suxamethonium,,capsule,50mg,100,0,100,20,B11102,30/12/2028,100
Propofol 50mg,Propofol,,capsule,50mg,100,0,100,20,B11103,30/12/2028,100
Lidocaine 50mg,Lidocaine,,capsule,50mg,100,0,100,20,B11104,30/12/2028,100
Bupivacaine 50mg,Bupivacaine,,capsule,50mg,100,0,100,20,B11105,30/12/2028,100
Pentazocine 50mg,Pentazocine,,capsule,50mg,100,0,100,20,B11106,30/12/2028,100
Pethidine 50mg,Pethidine,,capsule,50mg,100,0,100,20,B11107,30/12/2028,100
Tramadol 50mg,Tramadol,,capsule,50mg,100,0,100,20,B11108,30/12/2028,100
Acetylsalicylic Acid 50mg,Acetylsalicylic Acid,,capsule,50mg,100,0,100,20,B11109,30/12/2028,100
Paracetamol 50mg,Paracetamol,,capsule,50mg,100,0,100,20,B11110,30/12/2028,100
Paracetamol 50mg,Paracetamol,,capsule,50mg,100,0,100,20,B11111,30/12/2028,100
Paracetamol 50mg,Paracetamol,,capsule,50mg,100,0,100,20,B11112,30/12/2028,100
Allopurinol 50mg,Allopurinol,,capsule,50mg,100,0,100,20,B11113,30/12/2028,100
Diclofenac Sodium 50mg,Diclofenac Sodium,,capsule,50mg,100,0,100,20,B11114,30/12/2028,100
Diclofenac Sodium 50mg,Diclofenac Sodium,,capsule,50mg,100,0,100,20,B11115,30/12/2028,100
Ibuprofen 50mg,Ibuprofen,,capsule,50mg,100,0,100,20,B11116,30/12/2028,100
Ibuprofen 50mg,Ibuprofen,,capsule,50mg,100,0,100,20,B11117,30/12/2028,100
Naproxen 50mg,Naproxen,,capsule,50mg,100,0,100,20,B11118,30/12/2028,100
Piroxicam 50mg,Piroxicam,,capsule,50mg,100,0,100,20,B11119,30/12/2028,100
Meloxicam 50mg,Meloxicam,,capsule,50mg,100,0,100,20,B11120,30/12/2028,100
Naloxone 50mg,Naloxone,,capsule,50mg,100,0,100,20,B11121,30/12/2028,100
Chlorpheniramine 50mg,Chlorpheniramine,,capsule,50mg,100,0,100,20,B11122,30/12/2028,100
Hydrocortisone 50mg,Hydrocortisone,,capsule,50mg,100,0,100,20,B11123,30/12/2028,100
Prednisolone 50mg,Prednisolone,,capsule,50mg,100,0,100,20,B11124,30/12/2028,100
Phenobarbital 50mg,Phenobarbital,,capsule,50mg,100,0,100,20,B11125,30/12/2028,100
Phenytoin 50mg,Phenytoin,,capsule,50mg,100,0,100,20,B11126,30/12/2028,100
Sodium Valproate 50mg,Sodium Valproate,,capsule,50mg,100,0,100,20,B11127,30/12/2028,100
Carbamazepine 50mg,Carbamazepine,,capsule,50mg,100,0,100,20,B11128,30/12/2028,100
Amoxicillin 50mg,Amoxicillin,,capsule,50mg,100,0,100,20,B11129,30/12/2028,100
Amoxicillin 50mg,Amoxicillin,,capsule,50mg,100,0,100,20,B11130,30/12/2028,100
Ampicillin 50mg,Ampicillin,,capsule,50mg,100,0,100,20,B11131,30/12/2028,100
Cloxacillin 50mg,Cloxacillin,,capsule,50mg,100,0,100,20,B11132,30/12/2028,100
Ceftriaxone 50mg,Ceftriaxone,,capsule,50mg,100,0,100,20,B11133,30/12/2028,100
Cefuroxime 50mg,Cefuroxime,,capsule,50mg,100,0,100,20,B11134,30/12/2028,100
Azithromycin 50mg,Azithromycin,,capsule,50mg,100,0,100,20,B11135,30/12/2028,100
Erythromycin 50mg,Erythromycin,,capsule,50mg,100,0,100,20,B11136,30/12/2028,100
Ciprofloxacin 50mg,Ciprofloxacin,,capsule,50mg,100,0,100,20,B11137,30/12/2028,100
Metronidazole 50mg,Metronidazole,,capsule,50mg,100,0,100,20,B11138,30/12/2028,100
Metronidazole 50mg,Metronidazole,,capsule,50mg,100,0,100,20,B11139,30/12/2028,100
Gentamicin 50mg,Gentamicin,,capsule,50mg,100,0,100,20,B11140,30/12/2028,100
Doxycycline 50mg,Doxycycline,,capsule,50mg,100,0,100,20,B11141,30/12/2028,100
Cotrimoxazole 50mg,Cotrimoxazole,,capsule,50mg,100,0,100,20,B11142,30/12/2028,100
Artemether + Lumefantrine 50mg,Artemether + Lumefantrine,,capsule,50mg,100,0,100,20,B11143,30/12/2028,100
Artesunate 50mg,Artesunate,,capsule,50mg,100,0,100,20,B11144,30/12/2028,100
Amodiaquine 50mg,Amodiaquine,,capsule,50mg,100,0,100,20,B11145,30/12/2028,100
Quinine 50mg,Quinine,,capsule,50mg,100,0,100,20,B11146,30/12/2028,100
Fluconazole 50mg,Fluconazole,,capsule,50mg,100,0,100,20,B11147,30/12/2028,100
Nystatin 50mg,Nystatin,,capsule,50mg,100,0,100,20,B11148,30/12/2028,100
Amlodipine 50mg,Amlodipine,,capsule,50mg,100,0,100,20,B11149,30/12/2028,100
Amlodipine 50mg,Amlodipine,,capsule,50mg,100,0,100,20,B11150,30/12/2028,100
Lisinopril 50mg,Lisinopril,,capsule,50mg,100,0,100,20,B11151,30/12/2028,100
Lisinopril 50mg,Lisinopril,,capsule,50mg,100,0,100,20,B11152,30/12/2028,100
Atenolol 50mg,Atenolol,,capsule,50mg,100,0,100,20,B11153,30/12/2028,100
Propranolol 50mg,Propranolol,,capsule,50mg,100,0,100,20,B11154,30/12/2028,100
Methyldopa 50mg,Methyldopa,,capsule,50mg,100,0,100,20,B11155,30/12/2028,100
Hydralazine 50mg,Hydralazine,,capsule,50mg,100,0,100,20,B11156,30/12/2028,100
Glyceryl Trinitrate 50mg,Glyceryl Trinitrate,,capsule,50mg,100,0,100,20,B11157,30/12/2028,100
Isosorbide Dinitrate 50mg,Isosorbide Dinitrate,,capsule,50mg,100,0,100,20,B11158,30/12/2028,100
Digoxin 50mg,Digoxin,,capsule,50mg,100,0,100,20,B11159,30/12/2028,100
Furosemide 50mg,Furosemide,,capsule,50mg,100,0,100,20,B11160,30/12/2028,100
Furosemide 50mg,Furosemide,,capsule,50mg,100,0,100,20,B11161,30/12/2028,100
Hydrochlorothiazide 50mg,Hydrochlorothiazide,,capsule,50mg,100,0,100,20,B11162,30/12/2028,100
Spironolactone 50mg,Spironolactone,,capsule,50mg,100,0,100,20,B11163,30/12/2028,100
Atorvastatin 50mg,Atorvastatin,,capsule,50mg,100,0,100,20,B11164,30/12/2028,100
Simvastatin 50mg,Simvastatin,,capsule,50mg,100,0,100,20,B11165,30/12/2028,100
Salbutamol 50mg,Salbutamol,,capsule,50mg,100,0,100,20,B11166,30/12/2028,100
Salbutamol 50mg,Salbutamol,,capsule,50mg,100,0,100,20,B11167,30/12/2028,100
Aminophylline 50mg,Aminophylline,,capsule,50mg,100,0,100,20,B11168,30/12/2028,100
Omeprazole 50mg,Omeprazole,,capsule,50mg,100,0,100,20,B11169,30/12/2028,100
Cimetidine 50mg,Cimetidine,,capsule,50mg,100,0,100,20,B11170,30/12/2028,100
Metoclopramide 50mg,Metoclopramide,,capsule,50mg,100,0,100,20,B11171,30/12/2028,100
Zinc Sulfate 50mg,Zinc Sulfate,,capsule,50mg,100,0,100,20,B11172,30/12/2028,100
Bisacodyl 50mg,Bisacodyl,,capsule,50mg,100,0,100,20,B11173,30/12/2028,100
Metformin 50mg,Metformin,,capsule,50mg,100,0,100,20,B11174,30/12/2028,100
Metformin 50mg,Metformin,,capsule,50mg,100,0,100,20,B11175,30/12/2028,100
Glibenclamide 50mg,Glibenclamide,,capsule,50mg,100,0,100,20,B11176,30/12/2028,100
Glimepiride 50mg,Glimepiride,,capsule,50mg,100,0,100,20,B11177,30/12/2028,100
Levothyroxine 50mg,Levothyroxine,,capsule,50mg,100,0,100,20,B11178,30/12/2028,100
Carbimazole 50mg,Carbimazole,,capsule,50mg,100,0,100,20,B11179,30/12/2028,100
Folic Acid 50mg,Folic Acid,,capsule,50mg,100,0,100,20,B11180,30/12/2028,100
Oxytocin 50mg,Oxytocin,,capsule,50mg,100,0,100,20,B11181,30/12/2028,100
Misoprostol 50mg,Misoprostol,,capsule,50mg,100,0,100,20,B11182,30/12/2028,100
Magnesium Sulfate 50mg,Magnesium Sulfate,,capsule,50mg,100,0,100,20,B11183,30/12/2028,100
Amitriptyline 50mg,Amitriptyline,,capsule,50mg,100,0,100,20,B11184,30/12/2028,100
Fluoxetine 50mg,Fluoxetine,,capsule,50mg,100,0,100,20,B11185,30/12/2028,100
Haloperidol 50mg,Haloperidol,,capsule,50mg,100,0,100,20,B11186,30/12/2028,100
Chlorpromazine 50mg,Chlorpromazine,,capsule,50mg,100,0,100,20,B11187,30/12/2028,100
Halothane 100mg,Halothane,,capsule,100mg,100,0,100,20,B11188,30/12/2028,100
Ketamine 100mg,Ketamine,,capsule,100mg,100,0,100,20,B11189,30/12/2028,100
Nitrous oxide 100mg,Nitrous oxide,,capsule,100mg,100,0,100,20,B11190,30/12/2028,100
Oxygen 100mg,Oxygen,,capsule,100mg,100,0,100,20,B11191,30/12/2028,100
Atropine 100mg,Atropine,,capsule,100mg,100,0,100,20,B11192,30/12/2028,100
Diazepam 100mg,Diazepam,,capsule,100mg,100,0,100,20,B11193,30/12/2028,100
Hyoscine N-Butylbromide 100mg,Hyoscine N-Butylbromide,,capsule,100mg,100,0,100,20,B11194,30/12/2028,100
Midazolam 100mg,Midazolam,,capsule,100mg,100,0,100,20,B11195,30/12/2028,100
Morphine 100mg,Morphine,,capsule,100mg,100,0,100,20,B11196,30/12/2028,100
Promethazine 100mg,Promethazine,,capsule,100mg,100,0,100,20,B11197,30/12/2028,100
Promethazine 100mg,Promethazine,,capsule,100mg,100,0,100,20,B11198,30/12/2028,100
Atracurium 100mg,Atracurium,,capsule,100mg,100,0,100,20,B11199,30/12/2028,100
Neostigmine 100mg,Neostigmine,,capsule,100mg,100,0,100,20,B11200,30/12/2028,100
Suxamethonium 100mg,Suxamethonium,,capsule,100mg,100,0,100,20,B11201,30/12/2028,100
Propofol 100mg,Propofol,,capsule,100mg,100,0,100,20,B11202,30/12/2028,100
Lidocaine 100mg,Lidocaine,,capsule,100mg,100,0,100,20,B11203,30/12/2028,100
Bupivacaine 100mg,Bupivacaine,,capsule,100mg,100,0,100,20,B11204,30/12/2028,100
Pentazocine 100mg,Pentazocine,,capsule,100mg,100,0,100,20,B11205,30/12/2028,100
Pethidine 100mg,Pethidine,,capsule,100mg,100,0,100,20,B11206,30/12/2028,100
Tramadol 100mg,Tramadol,,capsule,100mg,100,0,100,20,B11207,30/12/2028,100
Acetylsalicylic Acid 100mg,Acetylsalicylic Acid,,capsule,100mg,100,0,100,20,B11208,30/12/2028,100
Paracetamol 100mg,Paracetamol,,capsule,100mg,100,0,100,20,B11209,30/12/2028,100
Paracetamol 100mg,Paracetamol,,capsule,100mg,100,0,100,20,B11210,30/12/2028,100
Paracetamol 100mg,Paracetamol,,capsule,100mg,100,0,100,20,B11211,30/12/2028,100
Allopurinol 100mg,Allopurinol,,capsule,100mg,100,0,100,20,B11212,30/12/2028,100
Diclofenac Sodium 100mg,Diclofenac Sodium,,capsule,100mg,100,0,100,20,B11213,30/12/2028,100
Diclofenac Sodium 100mg,Diclofenac Sodium,,capsule,100mg,100,0,100,20,B11214,30/12/2028,100
Ibuprofen 100mg,Ibuprofen,,capsule,100mg,100,0,100,20,B11215,30/12/2028,100
Ibuprofen 100mg,Ibuprofen,,capsule,100mg,100,0,100,20,B11216,30/12/2028,100
Naproxen 100mg,Naproxen,,capsule,100mg,100,0,100,20,B11217,30/12/2028,100
Piroxicam 100mg,Piroxicam,,capsule,100mg,100,0,100,20,B11218,30/12/2028,100
Meloxicam 100mg,Meloxicam,,capsule,100mg,100,0,100,20,B11219,30/12/2028,100
Naloxone 100mg,Naloxone,,capsule,100mg,100,0,100,20,B11220,30/12/2028,100
Chlorpheniramine 100mg,Chlorpheniramine,,capsule,100mg,100,0,100,20,B11221,30/12/2028,100
Hydrocortisone 100mg,Hydrocortisone,,capsule,100mg,100,0,100,20,B11222,30/12/2028,100
Prednisolone 100mg,Prednisolone,,capsule,100mg,100,0,100,20,B11223,30/12/2028,100
Phenobarbital 100mg,Phenobarbital,,capsule,100mg,100,0,100,20,B11224,30/12/2028,100
Phenytoin 100mg,Phenytoin,,capsule,100mg,100,0,100,20,B11225,30/12/2028,100
Sodium Valproate 100mg,Sodium Valproate,,capsule,100mg,100,0,100,20,B11226,30/12/2028,100
Carbamazepine 100mg,Carbamazepine,,capsule,100mg,100,0,100,20,B11227,30/12/2028,100
Amoxicillin 100mg,Amoxicillin,,capsule,100mg,100,0,100,20,B11228,30/12/2028,100
Amoxicillin 100mg,Amoxicillin,,capsule,100mg,100,0,100,20,B11229,30/12/2028,100
Ampicillin 100mg,Ampicillin,,capsule,100mg,100,0,100,20,B11230,30/12/2028,100
Cloxacillin 100mg,Cloxacillin,,capsule,100mg,100,0,100,20,B11231,30/12/2028,100
Ceftriaxone 100mg,Ceftriaxone,,capsule,100mg,100,0,100,20,B11232,30/12/2028,100
Cefuroxime 100mg,Cefuroxime,,capsule,100mg,100,0,100,20,B11233,30/12/2028,100
Azithromycin 100mg,Azithromycin,,capsule,100mg,100,0,100,20,B11234,30/12/2028,100
Erythromycin 100mg,Erythromycin,,capsule,100mg,100,0,100,20,B11235,30/12/2028,100
Ciprofloxacin 100mg,Ciprofloxacin,,capsule,100mg,100,0,100,20,B11236,30/12/2028,100
Metronidazole 100mg,Metronidazole,,capsule,100mg,100,0,100,20,B11237,30/12/2028,100
Metronidazole 100mg,Metronidazole,,capsule,100mg,100,0,100,20,B11238,30/12/2028,100
Gentamicin 100mg,Gentamicin,,capsule,100mg,100,0,100,20,B11239,30/12/2028,100
Doxycycline 100mg,Doxycycline,,capsule,100mg,100,0,100,20,B11240,30/12/2028,100
Cotrimoxazole 100mg,Cotrimoxazole,,capsule,100mg,100,0,100,20,B11241,30/12/2028,100
Artemether + Lumefantrine 100mg,Artemether + Lumefantrine,,capsule,100mg,100,0,100,20,B11242,30/12/2028,100
Artesunate 100mg,Artesunate,,capsule,100mg,100,0,100,20,B11243,30/12/2028,100
Amodiaquine 100mg,Amodiaquine,,capsule,100mg,100,0,100,20,B11244,30/12/2028,100
Quinine 100mg,Quinine,,capsule,100mg,100,0,100,20,B11245,30/12/2028,100
Fluconazole 100mg,Fluconazole,,capsule,100mg,100,0,100,20,B11246,30/12/2028,100
Nystatin 100mg,Nystatin,,capsule,100mg,100,0,100,20,B11247,30/12/2028,100
Amlodipine 100mg,Amlodipine,,capsule,100mg,100,0,100,20,B11248,30/12/2028,100
Amlodipine 100mg,Amlodipine,,capsule,100mg,100,0,100,20,B11249,30/12/2028,100
Lisinopril 100mg,Lisinopril,,capsule,100mg,100,0,100,20,B11250,30/12/2028,100
Lisinopril 100mg,Lisinopril,,capsule,100mg,100,0,100,20,B11251,30/12/2028,100
Atenolol 100mg,Atenolol,,capsule,100mg,100,0,100,20,B11252,30/12/2028,100
Propranolol 100mg,Propranolol,,capsule,100mg,100,0,100,20,B11253,30/12/2028,100
Methyldopa 100mg,Methyldopa,,capsule,100mg,100,0,100,20,B11254,30/12/2028,100
Hydralazine 100mg,Hydralazine,,capsule,100mg,100,0,100,20,B11255,30/12/2028,100
Glyceryl Trinitrate 100mg,Glyceryl Trinitrate,,capsule,100mg,100,0,100,20,B11256,30/12/2028,100
Isosorbide Dinitrate 100mg,Isosorbide Dinitrate,,capsule,100mg,100,0,100,20,B11257,30/12/2028,100
Digoxin 100mg,Digoxin,,capsule,100mg,100,0,100,20,B11258,30/12/2028,100
Furosemide 100mg,Furosemide,,capsule,100mg,100,0,100,20,B11259,30/12/2028,100
Furosemide 100mg,Furosemide,,capsule,100mg,100,0,100,20,B11260,30/12/2028,100
Hydrochlorothiazide 100mg,Hydrochlorothiazide,,capsule,100mg,100,0,100,20,B11261,30/12/2028,100
Spironolactone 100mg,Spironolactone,,capsule,100mg,100,0,100,20,B11262,30/12/2028,100
Atorvastatin 100mg,Atorvastatin,,capsule,100mg,100,0,100,20,B11263,30/12/2028,100
Simvastatin 100mg,Simvastatin,,capsule,100mg,100,0,100,20,B11264,30/12/2028,100
Salbutamol 100mg,Salbutamol,,capsule,100mg,100,0,100,20,B11265,30/12/2028,100
Salbutamol 100mg,Salbutamol,,capsule,100mg,100,0,100,20,B11266,30/12/2028,100
Aminophylline 100mg,Aminophylline,,capsule,100mg,100,0,100,20,B11267,30/12/2028,100
Omeprazole 100mg,Omeprazole,,capsule,100mg,100,0,100,20,B11268,30/12/2028,100
Cimetidine 100mg,Cimetidine,,capsule,100mg,100,0,100,20,B11269,30/12/2028,100
Metoclopramide 100mg,Metoclopramide,,capsule,100mg,100,0,100,20,B11270,30/12/2028,100
Zinc Sulfate 100mg,Zinc Sulfate,,capsule,100mg,100,0,100,20,B11271,30/12/2028,100
Bisacodyl 100mg,Bisacodyl,,capsule,100mg,100,0,100,20,B11272,30/12/2028,100
Metformin 100mg,Metformin,,capsule,100mg,100,0,100,20,B11273,30/12/2028,100
Metformin 100mg,Metformin,,capsule,100mg,100,0,100,20,B11274,30/12/2028,100
Glibenclamide 100mg,Glibenclamide,,capsule,100mg,100,0,100,20,B11275,30/12/2028,100
Glimepiride 100mg,Glimepiride,,capsule,100mg,100,0,100,20,B11276,30/12/2028,100
Levothyroxine 100mg,Levothyroxine,,capsule,100mg,100,0,100,20,B11277,30/12/2028,100
Carbimazole 100mg,Carbimazole,,capsule,100mg,100,0,100,20,B11278,30/12/2028,100
Folic Acid 100mg,Folic Acid,,capsule,100mg,100,0,100,20,B11279,30/12/2028,100
Oxytocin 100mg,Oxytocin,,capsule,100mg,100,0,100,20,B11280,30/12/2028,100
Misoprostol 100mg,Misoprostol,,capsule,100mg,100,0,100,20,B11281,30/12/2028,100
Magnesium Sulfate 100mg,Magnesium Sulfate,,capsule,100mg,100,0,100,20,B11282,30/12/2028,100
Amitriptyline 100mg,Amitriptyline,,capsule,100mg,100,0,100,20,B11283,30/12/2028,100
Fluoxetine 100mg,Fluoxetine,,capsule,100mg,100,0,100,20,B11284,30/12/2028,100
Haloperidol 100mg,Haloperidol,,capsule,100mg,100,0,100,20,B11285,30/12/2028,100
Chlorpromazine 100mg,Chlorpromazine,,capsule,100mg,100,0,100,20,B11286,30/12/2028,100
Halothane 250mg,Halothane,,capsule,250mg,100,0,100,20,B11287,30/12/2028,100
Ketamine 250mg,Ketamine,,capsule,250mg,100,0,100,20,B11288,30/12/2028,100
Nitrous oxide 250mg,Nitrous oxide,,capsule,250mg,100,0,100,20,B11289,30/12/2028,100
Oxygen 250mg,Oxygen,,capsule,250mg,100,0,100,20,B11290,30/12/2028,100
Atropine 250mg,Atropine,,capsule,250mg,100,0,100,20,B11291,30/12/2028,100
Diazepam 250mg,Diazepam,,capsule,250mg,100,0,100,20,B11292,30/12/2028,100
Hyoscine N-Butylbromide 250mg,Hyoscine N-Butylbromide,,capsule,250mg,100,0,100,20,B11293,30/12/2028,100
Midazolam 250mg,Midazolam,,capsule,250mg,100,0,100,20,B11294,30/12/2028,100
Morphine 250mg,Morphine,,capsule,250mg,100,0,100,20,B11295,30/12/2028,100
Promethazine 250mg,Promethazine,,capsule,250mg,100,0,100,20,B11296,30/12/2028,100
Promethazine 250mg,Promethazine,,capsule,250mg,100,0,100,20,B11297,30/12/2028,100
Atracurium 250mg,Atracurium,,capsule,250mg,100,0,100,20,B11298,30/12/2028,100
Neostigmine 250mg,Neostigmine,,capsule,250mg,100,0,100,20,B11299,30/12/2028,100
Suxamethonium 250mg,Suxamethonium,,capsule,250mg,100,0,100,20,B11300,30/12/2028,100
Propofol 250mg,Propofol,,capsule,250mg,100,0,100,20,B11301,30/12/2028,100
Lidocaine 250mg,Lidocaine,,capsule,250mg,100,0,100,20,B11302,30/12/2028,100
Bupivacaine 250mg,Bupivacaine,,capsule,250mg,100,0,100,20,B11303,30/12/2028,100
Pentazocine 250mg,Pentazocine,,capsule,250mg,100,0,100,20,B11304,30/12/2028,100
Pethidine 250mg,Pethidine,,capsule,250mg,100,0,100,20,B11305,30/12/2028,100
Tramadol 250mg,Tramadol,,capsule,250mg,100,0,100,20,B11306,30/12/2028,100
Acetylsalicylic Acid 250mg,Acetylsalicylic Acid,,capsule,250mg,100,0,100,20,B11307,30/12/2028,100
Paracetamol 250mg,Paracetamol,,capsule,250mg,100,0,100,20,B11308,30/12/2028,100
Paracetamol 250mg,Paracetamol,,capsule,250mg,100,0,100,20,B11309,30/12/2028,100
Paracetamol 250mg,Paracetamol,,capsule,250mg,100,0,100,20,B11310,30/12/2028,100
Allopurinol 250mg,Allopurinol,,capsule,250mg,100,0,100,20,B11311,30/12/2028,100
Diclofenac Sodium 250mg,Diclofenac Sodium,,capsule,250mg,100,0,100,20,B11312,30/12/2028,100
Diclofenac Sodium 250mg,Diclofenac Sodium,,capsule,250mg,100,0,100,20,B11313,30/12/2028,100
Ibuprofen 250mg,Ibuprofen,,capsule,250mg,100,0,100,20,B11314,30/12/2028,100
Ibuprofen 250mg,Ibuprofen,,capsule,250mg,100,0,100,20,B11315,30/12/2028,100
Naproxen 250mg,Naproxen,,capsule,250mg,100,0,100,20,B11316,30/12/2028,100
Piroxicam 250mg,Piroxicam,,capsule,250mg,100,0,100,20,B11317,30/12/2028,100
Meloxicam 250mg,Meloxicam,,capsule,250mg,100,0,100,20,B11318,30/12/2028,100
Naloxone 250mg,Naloxone,,capsule,250mg,100,0,100,20,B11319,30/12/2028,100
Chlorpheniramine 250mg,Chlorpheniramine,,capsule,250mg,100,0,100,20,B11320,30/12/2028,100
Hydrocortisone 250mg,Hydrocortisone,,capsule,250mg,100,0,100,20,B11321,30/12/2028,100
Prednisolone 250mg,Prednisolone,,capsule,250mg,100,0,100,20,B11322,30/12/2028,100
Phenobarbital 250mg,Phenobarbital,,capsule,250mg,100,0,100,20,B11323,30/12/2028,100
Phenytoin 250mg,Phenytoin,,capsule,250mg,100,0,100,20,B11324,30/12/2028,100
Sodium Valproate 250mg,Sodium Valproate,,capsule,250mg,100,0,100,20,B11325,30/12/2028,100
Carbamazepine 250mg,Carbamazepine,,capsule,250mg,100,0,100,20,B11326,30/12/2028,100
Amoxicillin 250mg,Amoxicillin,,capsule,250mg,100,0,100,20,B11327,30/12/2028,100
Amoxicillin 250mg,Amoxicillin,,capsule,250mg,100,0,100,20,B11328,30/12/2028,100
Ampicillin 250mg,Ampicillin,,capsule,250mg,100,0,100,20,B11329,30/12/2028,100
Cloxacillin 250mg,Cloxacillin,,capsule,250mg,100,0,100,20,B11330,30/12/2028,100
Ceftriaxone 250mg,Ceftriaxone,,capsule,250mg,100,0,100,20,B11331,30/12/2028,100
Cefuroxime 250mg,Cefuroxime,,capsule,250mg,100,0,100,20,B11332,30/12/2028,100
Azithromycin 250mg,Azithromycin,,capsule,250mg,100,0,100,20,B11333,30/12/2028,100
Erythromycin 250mg,Erythromycin,,capsule,250mg,100,0,100,20,B11334,30/12/2028,100
Ciprofloxacin 250mg,Ciprofloxacin,,capsule,250mg,100,0,100,20,B11335,30/12/2028,100
Metronidazole 250mg,Metronidazole,,capsule,250mg,100,0,100,20,B11336,30/12/2028,100
Metronidazole 250mg,Metronidazole,,capsule,250mg,100,0,100,20,B11337,30/12/2028,100
Gentamicin 250mg,Gentamicin,,capsule,250mg,100,0,100,20,B11338,30/12/2028,100
Doxycycline 250mg,Doxycycline,,capsule,250mg,100,0,100,20,B11339,30/12/2028,100
Cotrimoxazole 250mg,Cotrimoxazole,,capsule,250mg,100,0,100,20,B11340,30/12/2028,100
Artemether + Lumefantrine 250mg,Artemether + Lumefantrine,,capsule,250mg,100,0,100,20,B11341,30/12/2028,100
Artesunate 250mg,Artesunate,,capsule,250mg,100,0,100,20,B11342,30/12/2028,100
Amodiaquine 250mg,Amodiaquine,,capsule,250mg,100,0,100,20,B11343,30/12/2028,100
Quinine 250mg,Quinine,,capsule,250mg,100,0,100,20,B11344,30/12/2028,100
Fluconazole 250mg,Fluconazole,,capsule,250mg,100,0,100,20,B11345,30/12/2028,100
Nystatin 250mg,Nystatin,,capsule,250mg,100,0,100,20,B11346,30/12/2028,100
Amlodipine 250mg,Amlodipine,,capsule,250mg,100,0,100,20,B11347,30/12/2028,100
Amlodipine 250mg,Amlodipine,,capsule,250mg,100,0,100,20,B11348,30/12/2028,100
Lisinopril 250mg,Lisinopril,,capsule,250mg,100,0,100,20,B11349,30/12/2028,100
Lisinopril 250mg,Lisinopril,,capsule,250mg,100,0,100,20,B11350,30/12/2028,100
Atenolol 250mg,Atenolol,,capsule,250mg,100,0,100,20,B11351,30/12/2028,100
Propranolol 250mg,Propranolol,,capsule,250mg,100,0,100,20,B11352,30/12/2028,100
Methyldopa 250mg,Methyldopa,,capsule,250mg,100,0,100,20,B11353,30/12/2028,100
Hydralazine 250mg,Hydralazine,,capsule,250mg,100,0,100,20,B11354,30/12/2028,100
Glyceryl Trinitrate 250mg,Glyceryl Trinitrate,,capsule,250mg,100,0,100,20,B11355,30/12/2028,100
Isosorbide Dinitrate 250mg,Isosorbide Dinitrate,,capsule,250mg,100,0,100,20,B11356,30/12/2028,100
Digoxin 250mg,Digoxin,,capsule,250mg,100,0,100,20,B11357,30/12/2028,100
Furosemide 250mg,Furosemide,,capsule,250mg,100,0,100,20,B11358,30/12/2028,100
Furosemide 250mg,Furosemide,,capsule,250mg,100,0,100,20,B11359,30/12/2028,100
Hydrochlorothiazide 250mg,Hydrochlorothiazide,,capsule,250mg,100,0,100,20,B11360,30/12/2028,100
Spironolactone 250mg,Spironolactone,,capsule,250mg,100,0,100,20,B11361,30/12/2028,100
Atorvastatin 250mg,Atorvastatin,,capsule,250mg,100,0,100,20,B11362,30/12/2028,100
Simvastatin 250mg,Simvastatin,,capsule,250mg,100,0,100,20,B11363,30/12/2028,100
Salbutamol 250mg,Salbutamol,,capsule,250mg,100,0,100,20,B11364,30/12/2028,100
Salbutamol 250mg,Salbutamol,,capsule,250mg,100,0,100,20,B11365,30/12/2028,100
Aminophylline 250mg,Aminophylline,,capsule,250mg,100,0,100,20,B11366,30/12/2028,100
Omeprazole 250mg,Omeprazole,,capsule,250mg,100,0,100,20,B11367,30/12/2028,100
Cimetidine 250mg,Cimetidine,,capsule,250mg,100,0,100,20,B11368,30/12/2028,100
Metoclopramide 250mg,Metoclopramide,,capsule,250mg,100,0,100,20,B11369,30/12/2028,100
Zinc Sulfate 250mg,Zinc Sulfate,,capsule,250mg,100,0,100,20,B11370,30/12/2028,100
Bisacodyl 250mg,Bisacodyl,,capsule,250mg,100,0,100,20,B11371,30/12/2028,100
Metformin 250mg,Metformin,,capsule,250mg,100,0,100,20,B11372,30/12/2028,100
Metformin 250mg,Metformin,,capsule,250mg,100,0,100,20,B11373,30/12/2028,100
Glibenclamide 250mg,Glibenclamide,,capsule,250mg,100,0,100,20,B11374,30/12/2028,100
Glimepiride 250mg,Glimepiride,,capsule,250mg,100,0,100,20,B11375,30/12/2028,100
Levothyroxine 250mg,Levothyroxine,,capsule,250mg,100,0,100,20,B11376,30/12/2028,100
Carbimazole 250mg,Carbimazole,,capsule,250mg,100,0,100,20,B11377,30/12/2028,100
Folic Acid 250mg,Folic Acid,,capsule,250mg,100,0,100,20,B11378,30/12/2028,100
Oxytocin 250mg,Oxytocin,,capsule,250mg,100,0,100,20,B11379,30/12/2028,100
Misoprostol 250mg,Misoprostol,,capsule,250mg,100,0,100,20,B11380,30/12/2028,100
Magnesium Sulfate 250mg,Magnesium Sulfate,,capsule,250mg,100,0,100,20,B11381,30/12/2028,100
Amitriptyline 250mg,Amitriptyline,,capsule,250mg,100,0,100,20,B11382,30/12/2028,100
Fluoxetine 250mg,Fluoxetine,,capsule,250mg,100,0,100,20,B11383,30/12/2028,100
Haloperidol 250mg,Haloperidol,,capsule,250mg,100,0,100,20,B11384,30/12/2028,100
Chlorpromazine 250mg,Chlorpromazine,,capsule,250mg,100,0,100,20,B11385,30/12/2028,100
Halothane 500mg,Halothane,,capsule,500mg,100,0,100,20,B11386,30/12/2028,100
Ketamine 500mg,Ketamine,,capsule,500mg,100,0,100,20,B11387,30/12/2028,100
Nitrous oxide 500mg,Nitrous oxide,,capsule,500mg,100,0,100,20,B11388,30/12/2028,100
Oxygen 500mg,Oxygen,,capsule,500mg,100,0,100,20,B11389,30/12/2028,100
Atropine 500mg,Atropine,,capsule,500mg,100,0,100,20,B11390,30/12/2028,100
Diazepam 500mg,Diazepam,,capsule,500mg,100,0,100,20,B11391,30/12/2028,100
Hyoscine N-Butylbromide 500mg,Hyoscine N-Butylbromide,,capsule,500mg,100,0,100,20,B11392,30/12/2028,100
Midazolam 500mg,Midazolam,,capsule,500mg,100,0,100,20,B11393,30/12/2028,100
Morphine 500mg,Morphine,,capsule,500mg,100,0,100,20,B11394,30/12/2028,100
Promethazine 500mg,Promethazine,,capsule,500mg,100,0,100,20,B11395,30/12/2028,100
Promethazine 500mg,Promethazine,,capsule,500mg,100,0,100,20,B11396,30/12/2028,100
Atracurium 500mg,Atracurium,,capsule,500mg,100,0,100,20,B11397,30/12/2028,100
Neostigmine 500mg,Neostigmine,,capsule,500mg,100,0,100,20,B11398,30/12/2028,100
Suxamethonium 500mg,Suxamethonium,,capsule,500mg,100,0,100,20,B11399,30/12/2028,100
Propofol 500mg,Propofol,,capsule,500mg,100,0,100,20,B11400,30/12/2028,100
Lidocaine 500mg,Lidocaine,,capsule,500mg,100,0,100,20,B11401,30/12/2028,100
Bupivacaine 500mg,Bupivacaine,,capsule,500mg,100,0,100,20,B11402,30/12/2028,100
Pentazocine 500mg,Pentazocine,,capsule,500mg,100,0,100,20,B11403,30/12/2028,100
Pethidine 500mg,Pethidine,,capsule,500mg,100,0,100,20,B11404,30/12/2028,100
Tramadol 500mg,Tramadol,,capsule,500mg,100,0,100,20,B11405,30/12/2028,100
Acetylsalicylic Acid 500mg,Acetylsalicylic Acid,,capsule,500mg,100,0,100,20,B11406,30/12/2028,100
Paracetamol 500mg,Paracetamol,,capsule,500mg,100,0,100,20,B11407,30/12/2028,100
Paracetamol 500mg,Paracetamol,,capsule,500mg,100,0,100,20,B11408,30/12/2028,100
Paracetamol 500mg,Paracetamol,,capsule,500mg,100,0,100,20,B11409,30/12/2028,100
Allopurinol 500mg,Allopurinol,,capsule,500mg,100,0,100,20,B11410,30/12/2028,100
Diclofenac Sodium 500mg,Diclofenac Sodium,,capsule,500mg,100,0,100,20,B11411,30/12/2028,100
Diclofenac Sodium 500mg,Diclofenac Sodium,,capsule,500mg,100,0,100,20,B11412,30/12/2028,100
Ibuprofen 500mg,Ibuprofen,,capsule,500mg,100,0,100,20,B11413,30/12/2028,100
Ibuprofen 500mg,Ibuprofen,,capsule,500mg,100,0,100,20,B11414,30/12/2028,100
Naproxen 500mg,Naproxen,,capsule,500mg,100,0,100,20,B11415,30/12/2028,100
Piroxicam 500mg,Piroxicam,,capsule,500mg,100,0,100,20,B11416,30/12/2028,100
Meloxicam 500mg,Meloxicam,,capsule,500mg,100,0,100,20,B11417,30/12/2028,100
Naloxone 500mg,Naloxone,,capsule,500mg,100,0,100,20,B11418,30/12/2028,100
Chlorpheniramine 500mg,Chlorpheniramine,,capsule,500mg,100,0,100,20,B11419,30/12/2028,100
Hydrocortisone 500mg,Hydrocortisone,,capsule,500mg,100,0,100,20,B11420,30/12/2028,100
Prednisolone 500mg,Prednisolone,,capsule,500mg,100,0,100,20,B11421,30/12/2028,100
Phenobarbital 500mg,Phenobarbital,,capsule,500mg,100,0,100,20,B11422,30/12/2028,100
Phenytoin 500mg,Phenytoin,,capsule,500mg,100,0,100,20,B11423,30/12/2028,100
Sodium Valproate 500mg,Sodium Valproate,,capsule,500mg,100,0,100,20,B11424,30/12/2028,100
Carbamazepine 500mg,Carbamazepine,,capsule,500mg,100,0,100,20,B11425,30/12/2028,100
Amoxicillin 500mg,Amoxicillin,,capsule,500mg,100,0,100,20,B11426,30/12/2028,100
Amoxicillin 500mg,Amoxicillin,,capsule,500mg,100,0,100,20,B11427,30/12/2028,100
Ampicillin 500mg,Ampicillin,,capsule,500mg,100,0,100,20,B11428,30/12/2028,100
Cloxacillin 500mg,Cloxacillin,,capsule,500mg,100,0,100,20,B11429,30/12/2028,100
Ceftriaxone 500mg,Ceftriaxone,,capsule,500mg,100,0,100,20,B11430,30/12/2028,100
Cefuroxime 500mg,Cefuroxime,,capsule,500mg,100,0,100,20,B11431,30/12/2028,100
Azithromycin 500mg,Azithromycin,,capsule,500mg,100,0,100,20,B11432,30/12/2028,100
Erythromycin 500mg,Erythromycin,,capsule,500mg,100,0,100,20,B11433,30/12/2028,100
Ciprofloxacin 500mg,Ciprofloxacin,,capsule,500mg,100,0,100,20,B11434,30/12/2028,100
Metronidazole 500mg,Metronidazole,,capsule,500mg,100,0,100,20,B11435,30/12/2028,100
Metronidazole 500mg,Metronidazole,,capsule,500mg,100,0,100,20,B11436,30/12/2028,100
Gentamicin 500mg,Gentamicin,,capsule,500mg,100,0,100,20,B11437,30/12/2028,100
Doxycycline 500mg,Doxycycline,,capsule,500mg,100,0,100,20,B11438,30/12/2028,100
Cotrimoxazole 500mg,Cotrimoxazole,,capsule,500mg,100,0,100,20,B11439,30/12/2028,100
Artemether + Lumefantrine 500mg,Artemether + Lumefantrine,,capsule,500mg,100,0,100,20,B11440,30/12/2028,100
Artesunate 500mg,Artesunate,,capsule,500mg,100,0,100,20,B11441,30/12/2028,100
Amodiaquine 500mg,Amodiaquine,,capsule,500mg,100,0,100,20,B11442,30/12/2028,100
Quinine 500mg,Quinine,,capsule,500mg,100,0,100,20,B11443,30/12/2028,100
Fluconazole 500mg,Fluconazole,,capsule,500mg,100,0,100,20,B11444,30/12/2028,100
Nystatin 500mg,Nystatin,,capsule,500mg,100,0,100,20,B11445,30/12/2028,100
Amlodipine 500mg,Amlodipine,,capsule,500mg,100,0,100,20,B11446,30/12/2028,100
Amlodipine 500mg,Amlodipine,,capsule,500mg,100,0,100,20,B11447,30/12/2028,100
Lisinopril 500mg,Lisinopril,,capsule,500mg,100,0,100,20,B11448,30/12/2028,100
Lisinopril 500mg,Lisinopril,,capsule,500mg,100,0,100,20,B11449,30/12/2028,100
Atenolol 500mg,Atenolol,,capsule,500mg,100,0,100,20,B11450,30/12/2028,100
Propranolol 500mg,Propranolol,,capsule,500mg,100,0,100,20,B11451,30/12/2028,100
Methyldopa 500mg,Methyldopa,,capsule,500mg,100,0,100,20,B11452,30/12/2028,100
Hydralazine 500mg,Hydralazine,,capsule,500mg,100,0,100,20,B11453,30/12/2028,100
Glyceryl Trinitrate 500mg,Glyceryl Trinitrate,,capsule,500mg,100,0,100,20,B11454,30/12/2028,100
Isosorbide Dinitrate 500mg,Isosorbide Dinitrate,,capsule,500mg,100,0,100,20,B11455,30/12/2028,100
Digoxin 500mg,Digoxin,,capsule,500mg,100,0,100,20,B11456,30/12/2028,100
Furosemide 500mg,Furosemide,,capsule,500mg,100,0,100,20,B11457,30/12/2028,100
Furosemide 500mg,Furosemide,,capsule,500mg,100,0,100,20,B11458,30/12/2028,100
Hydrochlorothiazide 500mg,Hydrochlorothiazide,,capsule,500mg,100,0,100,20,B11459,30/12/2028,100
Spironolactone 500mg,Spironolactone,,capsule,500mg,100,0,100,20,B11460,30/12/2028,100
Atorvastatin 500mg,Atorvastatin,,capsule,500mg,100,0,100,20,B11461,30/12/2028,100
Simvastatin 500mg,Simvastatin,,capsule,500mg,100,0,100,20,B11462,30/12/2028,100
Salbutamol 500mg,Salbutamol,,capsule,500mg,100,0,100,20,B11463,30/12/2028,100
Salbutamol 500mg,Salbutamol,,capsule,500mg,100,0,100,20,B11464,30/12/2028,100
Aminophylline 500mg,Aminophylline,,capsule,500mg,100,0,100,20,B11465,30/12/2028,100
Omeprazole 500mg,Omeprazole,,capsule,500mg,100,0,100,20,B11466,30/12/2028,100
Cimetidine 500mg,Cimetidine,,capsule,500mg,100,0,100,20,B11467,30/12/2028,100
Metoclopramide 500mg,Metoclopramide,,capsule,500mg,100,0,100,20,B11468,30/12/2028,100
Zinc Sulfate 500mg,Zinc Sulfate,,capsule,500mg,100,0,100,20,B11469,30/12/2028,100
Bisacodyl 500mg,Bisacodyl,,capsule,500mg,100,0,100,20,B11470,30/12/2028,100
Metformin 500mg,Metformin,,capsule,500mg,100,0,100,20,B11471,30/12/2028,100
Metformin 500mg,Metformin,,capsule,500mg,100,0,100,20,B11472,30/12/2028,100
Glibenclamide 500mg,Glibenclamide,,capsule,500mg,100,0,100,20,B11473,30/12/2028,100
Glimepiride 500mg,Glimepiride,,capsule,500mg,100,0,100,20,B11474,30/12/2028,100
Levothyroxine 500mg,Levothyroxine,,capsule,500mg,100,0,100,20,B11475,30/12/2028,100
Carbimazole 500mg,Carbimazole,,capsule,500mg,100,0,100,20,B11476,30/12/2028,100
Folic Acid 500mg,Folic Acid,,capsule,500mg,100,0,100,20,B11477,30/12/2028,100
Oxytocin 500mg,Oxytocin,,capsule,500mg,100,0,100,20,B11478,30/12/2028,100
Misoprostol 500mg,Misoprostol,,capsule,500mg,100,0,100,20,B11479,30/12/2028,100
Magnesium Sulfate 500mg,Magnesium Sulfate,,capsule,500mg,100,0,100,20,B11480,30/12/2028,100
Amitriptyline 500mg,Amitriptyline,,capsule,500mg,100,0,100,20,B11481,30/12/2028,100
Fluoxetine 500mg,Fluoxetine,,capsule,500mg,100,0,100,20,B11482,30/12/2028,100
Haloperidol 500mg,Haloperidol,,capsule,500mg,100,0,100,20,B11483,30/12/2028,100
Chlorpromazine 500mg,Chlorpromazine,,capsule,500mg,100,0,100,20,B11484,30/12/2028,100
Halothane 1g,Halothane,,capsule,1g,100,0,100,20,B11485,30/12/2028,100
Ketamine 1g,Ketamine,,capsule,1g,100,0,100,20,B11486,30/12/2028,100
Nitrous oxide 1g,Nitrous oxide,,capsule,1g,100,0,100,20,B11487,30/12/2028,100
Oxygen 1g,Oxygen,,capsule,1g,100,0,100,20,B11488,30/12/2028,100
Atropine 1g,Atropine,,capsule,1g,100,0,100,20,B11489,30/12/2028,100
Diazepam 1g,Diazepam,,capsule,1g,100,0,100,20,B11490,30/12/2028,100
Hyoscine N-Butylbromide 1g,Hyoscine N-Butylbromide,,capsule,1g,100,0,100,20,B11491,30/12/2028,100
Midazolam 1g,Midazolam,,capsule,1g,100,0,100,20,B11492,30/12/2028,100
Morphine 1g,Morphine,,capsule,1g,100,0,100,20,B11493,30/12/2028,100
Promethazine 1g,Promethazine,,capsule,1g,100,0,100,20,B11494,30/12/2028,100
Promethazine 1g,Promethazine,,capsule,1g,100,0,100,20,B11495,30/12/2028,100
Atracurium 1g,Atracurium,,capsule,1g,100,0,100,20,B11496,30/12/2028,100
Neostigmine 1g,Neostigmine,,capsule,1g,100,0,100,20,B11497,30/12/2028,100
Suxamethonium 1g,Suxamethonium,,capsule,1g,100,0,100,20,B11498,30/12/2028,100
Propofol 1g,Propofol,,capsule,1g,100,0,100,20,B11499,30/12/2028,100
Lidocaine 1g,Lidocaine,,capsule,1g,100,0,100,20,B11500,30/12/2028,100
Bupivacaine 1g,Bupivacaine,,capsule,1g,100,0,100,20,B11501,30/12/2028,100
Pentazocine 1g,Pentazocine,,capsule,1g,100,0,100,20,B11502,30/12/2028,100
Pethidine 1g,Pethidine,,capsule,1g,100,0,100,20,B11503,30/12/2028,100
Tramadol 1g,Tramadol,,capsule,1g,100,0,100,20,B11504,30/12/2028,100
Acetylsalicylic Acid 1g,Acetylsalicylic Acid,,capsule,1g,100,0,100,20,B11505,30/12/2028,100
Paracetamol 1g,Paracetamol,,capsule,1g,100,0,100,20,B11506,30/12/2028,100
Paracetamol 1g,Paracetamol,,capsule,1g,100,0,100,20,B11507,30/12/2028,100
Paracetamol 1g,Paracetamol,,capsule,1g,100,0,100,20,B11508,30/12/2028,100
Allopurinol 1g,Allopurinol,,capsule,1g,100,0,100,20,B11509,30/12/2028,100
Diclofenac Sodium 1g,Diclofenac Sodium,,capsule,1g,100,0,100,20,B11510,30/12/2028,100
Diclofenac Sodium 1g,Diclofenac Sodium,,capsule,1g,100,0,100,20,B11511,30/12/2028,100
Ibuprofen 1g,Ibuprofen,,capsule,1g,100,0,100,20,B11512,30/12/2028,100
Ibuprofen 1g,Ibuprofen,,capsule,1g,100,0,100,20,B11513,30/12/2028,100
Naproxen 1g,Naproxen,,capsule,1g,100,0,100,20,B11514,30/12/2028,100
Piroxicam 1g,Piroxicam,,capsule,1g,100,0,100,20,B11515,30/12/2028,100
Meloxicam 1g,Meloxicam,,capsule,1g,100,0,100,20,B11516,30/12/2028,100
Naloxone 1g,Naloxone,,capsule,1g,100,0,100,20,B11517,30/12/2028,100
Chlorpheniramine 1g,Chlorpheniramine,,capsule,1g,100,0,100,20,B11518,30/12/2028,100
Hydrocortisone 1g,Hydrocortisone,,capsule,1g,100,0,100,20,B11519,30/12/2028,100
Prednisolone 1g,Prednisolone,,capsule,1g,100,0,100,20,B11520,30/12/2028,100
Phenobarbital 1g,Phenobarbital,,capsule,1g,100,0,100,20,B11521,30/12/2028,100
Phenytoin 1g,Phenytoin,,capsule,1g,100,0,100,20,B11522,30/12/2028,100
Sodium Valproate 1g,Sodium Valproate,,capsule,1g,100,0,100,20,B11523,30/12/2028,100
Carbamazepine 1g,Carbamazepine,,capsule,1g,100,0,100,20,B11524,30/12/2028,100
Amoxicillin 1g,Amoxicillin,,capsule,1g,100,0,100,20,B11525,30/12/2028,100
Amoxicillin 1g,Amoxicillin,,capsule,1g,100,0,100,20,B11526,30/12/2028,100
Ampicillin 1g,Ampicillin,,capsule,1g,100,0,100,20,B11527,30/12/2028,100
Cloxacillin 1g,Cloxacillin,,capsule,1g,100,0,100,20,B11528,30/12/2028,100
Ceftriaxone 1g,Ceftriaxone,,capsule,1g,100,0,100,20,B11529,30/12/2028,100
Cefuroxime 1g,Cefuroxime,,capsule,1g,100,0,100,20,B11530,30/12/2028,100
Azithromycin 1g,Azithromycin,,capsule,1g,100,0,100,20,B11531,30/12/2028,100
Erythromycin 1g,Erythromycin,,capsule,1g,100,0,100,20,B11532,30/12/2028,100
Ciprofloxacin 1g,Ciprofloxacin,,capsule,1g,100,0,100,20,B11533,30/12/2028,100
Metronidazole 1g,Metronidazole,,capsule,1g,100,0,100,20,B11534,30/12/2028,100
Metronidazole 1g,Metronidazole,,capsule,1g,100,0,100,20,B11535,30/12/2028,100
Gentamicin 1g,Gentamicin,,capsule,1g,100,0,100,20,B11536,30/12/2028,100
Doxycycline 1g,Doxycycline,,capsule,1g,100,0,100,20,B11537,30/12/2028,100
Cotrimoxazole 1g,Cotrimoxazole,,capsule,1g,100,0,100,20,B11538,30/12/2028,100
Artemether + Lumefantrine 1g,Artemether + Lumefantrine,,capsule,1g,100,0,100,20,B11539,30/12/2028,100
Artesunate 1g,Artesunate,,capsule,1g,100,0,100,20,B11540,30/12/2028,100
Amodiaquine 1g,Amodiaquine,,capsule,1g,100,0,100,20,B11541,30/12/2028,100
Quinine 1g,Quinine,,capsule,1g,100,0,100,20,B11542,30/12/2028,100
Fluconazole 1g,Fluconazole,,capsule,1g,100,0,100,20,B11543,30/12/2028,100
Nystatin 1g,Nystatin,,capsule,1g,100,0,100,20,B11544,30/12/2028,100
Amlodipine 1g,Amlodipine,,capsule,1g,100,0,100,20,B11545,30/12/2028,100
Amlodipine 1g,Amlodipine,,capsule,1g,100,0,100,20,B11546,30/12/2028,100
Lisinopril 1g,Lisinopril,,capsule,1g,100,0,100,20,B11547,30/12/2028,100
Lisinopril 1g,Lisinopril,,capsule,1g,100,0,100,20,B11548,30/12/2028,100
Atenolol 1g,Atenolol,,capsule,1g,100,0,100,20,B11549,30/12/2028,100
Propranolol 1g,Propranolol,,capsule,1g,100,0,100,20,B11550,30/12/2028,100
Methyldopa 1g,Methyldopa,,capsule,1g,100,0,100,20,B11551,30/12/2028,100
Hydralazine 1g,Hydralazine,,capsule,1g,100,0,100,20,B11552,30/12/2028,100
Glyceryl Trinitrate 1g,Glyceryl Trinitrate,,capsule,1g,100,0,100,20,B11553,30/12/2028,100
Isosorbide Dinitrate 1g,Isosorbide Dinitrate,,capsule,1g,100,0,100,20,B11554,30/12/2028,100
Digoxin 1g,Digoxin,,capsule,1g,100,0,100,20,B11555,30/12/2028,100
Furosemide 1g,Furosemide,,capsule,1g,100,0,100,20,B11556,30/12/2028,100
Furosemide 1g,Furosemide,,capsule,1g,100,0,100,20,B11557,30/12/2028,100
Hydrochlorothiazide 1g,Hydrochlorothiazide,,capsule,1g,100,0,100,20,B11558,30/12/2028,100
Spironolactone 1g,Spironolactone,,capsule,1g,100,0,100,20,B11559,30/12/2028,100
Atorvastatin 1g,Atorvastatin,,capsule,1g,100,0,100,20,B11560,30/12/2028,100
Simvastatin 1g,Simvastatin,,capsule,1g,100,0,100,20,B11561,30/12/2028,100
Salbutamol 1g,Salbutamol,,capsule,1g,100,0,100,20,B11562,30/12/2028,100
Salbutamol 1g,Salbutamol,,capsule,1g,100,0,100,20,B11563,30/12/2028,100
Aminophylline 1g,Aminophylline,,capsule,1g,100,0,100,20,B11564,30/12/2028,100
Omeprazole 1g,Omeprazole,,capsule,1g,100,0,100,20,B11565,30/12/2028,100
Cimetidine 1g,Cimetidine,,capsule,1g,100,0,100,20,B11566,30/12/2028,100
Metoclopramide 1g,Metoclopramide,,capsule,1g,100,0,100,20,B11567,30/12/2028,100
Zinc Sulfate 1g,Zinc Sulfate,,capsule,1g,100,0,100,20,B11568,30/12/2028,100
Bisacodyl 1g,Bisacodyl,,capsule,1g,100,0,100,20,B11569,30/12/2028,100
Metformin 1g,Metformin,,capsule,1g,100,0,100,20,B11570,30/12/2028,100
Metformin 1g,Metformin,,capsule,1g,100,0,100,20,B11571,30/12/2028,100
Glibenclamide 1g,Glibenclamide,,capsule,1g,100,0,100,20,B11572,30/12/2028,100
Glimepiride 1g,Glimepiride,,capsule,1g,100,0,100,20,B11573,30/12/2028,100
Levothyroxine 1g,Levothyroxine,,capsule,1g,100,0,100,20,B11574,30/12/2028,100
Carbimazole 1g,Carbimazole,,capsule,1g,100,0,100,20,B11575,30/12/2028,100
Folic Acid 1g,Folic Acid,,capsule,1g,100,0,100,20,B11576,30/12/2028,100
Oxytocin 1g,Oxytocin,,capsule,1g,100,0,100,20,B11577,30/12/2028,100
Misoprostol 1g,Misoprostol,,capsule,1g,100,0,100,20,B11578,30/12/2028,100
Magnesium Sulfate 1g,Magnesium Sulfate,,capsule,1g,100,0,100,20,B11579,30/12/2028,100
Amitriptyline 1g,Amitriptyline,,capsule,1g,100,0,100,20,B11580,30/12/2028,100
Fluoxetine 1g,Fluoxetine,,capsule,1g,100,0,100,20,B11581,30/12/2028,100
Haloperidol 1g,Haloperidol,,capsule,1g,100,0,100,20,B11582,30/12/2028,100
Chlorpromazine 1g,Chlorpromazine,,capsule,1g,100,0,100,20,B11583,30/12/2028,100
Halothane 5mg,Halothane,,injection,5mg,100,0,100,20,B11584,30/12/2028,100
Ketamine 5mg,Ketamine,,injection,5mg,100,0,100,20,B11585,30/12/2028,100
Nitrous oxide 5mg,Nitrous oxide,,injection,5mg,100,0,100,20,B11586,30/12/2028,100
Oxygen 5mg,Oxygen,,injection,5mg,100,0,100,20,B11587,30/12/2028,100
Atropine 5mg,Atropine,,injection,5mg,100,0,100,20,B11588,30/12/2028,100
Diazepam 5mg,Diazepam,,injection,5mg,100,0,100,20,B11589,30/12/2028,100
Hyoscine N-Butylbromide 5mg,Hyoscine N-Butylbromide,,injection,5mg,100,0,100,20,B11590,30/12/2028,100
Midazolam 5mg,Midazolam,,injection,5mg,100,0,100,20,B11591,30/12/2028,100
Morphine 5mg,Morphine,,injection,5mg,100,0,100,20,B11592,30/12/2028,100
Promethazine 5mg,Promethazine,,injection,5mg,100,0,100,20,B11593,30/12/2028,100
Promethazine 5mg,Promethazine,,injection,5mg,100,0,100,20,B11594,30/12/2028,100
Atracurium 5mg,Atracurium,,injection,5mg,100,0,100,20,B11595,30/12/2028,100
Neostigmine 5mg,Neostigmine,,injection,5mg,100,0,100,20,B11596,30/12/2028,100
Suxamethonium 5mg,Suxamethonium,,injection,5mg,100,0,100,20,B11597,30/12/2028,100
Propofol 5mg,Propofol,,injection,5mg,100,0,100,20,B11598,30/12/2028,100
Lidocaine 5mg,Lidocaine,,injection,5mg,100,0,100,20,B11599,30/12/2028,100
Bupivacaine 5mg,Bupivacaine,,injection,5mg,100,0,100,20,B11600,30/12/2028,100
Pentazocine 5mg,Pentazocine,,injection,5mg,100,0,100,20,B11601,30/12/2028,100
Pethidine 5mg,Pethidine,,injection,5mg,100,0,100,20,B11602,30/12/2028,100
Tramadol 5mg,Tramadol,,injection,5mg,100,0,100,20,B11603,30/12/2028,100
Acetylsalicylic Acid 5mg,Acetylsalicylic Acid,,injection,5mg,100,0,100,20,B11604,30/12/2028,100
Paracetamol 5mg,Paracetamol,,injection,5mg,100,0,100,20,B11605,30/12/2028,100
Paracetamol 5mg,Paracetamol,,injection,5mg,100,0,100,20,B11606,30/12/2028,100
Paracetamol 5mg,Paracetamol,,injection,5mg,100,0,100,20,B11607,30/12/2028,100
Allopurinol 5mg,Allopurinol,,injection,5mg,100,0,100,20,B11608,30/12/2028,100
Diclofenac Sodium 5mg,Diclofenac Sodium,,injection,5mg,100,0,100,20,B11609,30/12/2028,100
Diclofenac Sodium 5mg,Diclofenac Sodium,,injection,5mg,100,0,100,20,B11610,30/12/2028,100
Ibuprofen 5mg,Ibuprofen,,injection,5mg,100,0,100,20,B11611,30/12/2028,100
Ibuprofen 5mg,Ibuprofen,,injection,5mg,100,0,100,20,B11612,30/12/2028,100
Naproxen 5mg,Naproxen,,injection,5mg,100,0,100,20,B11613,30/12/2028,100
Piroxicam 5mg,Piroxicam,,injection,5mg,100,0,100,20,B11614,30/12/2028,100
Meloxicam 5mg,Meloxicam,,injection,5mg,100,0,100,20,B11615,30/12/2028,100
Naloxone 5mg,Naloxone,,injection,5mg,100,0,100,20,B11616,30/12/2028,100
Chlorpheniramine 5mg,Chlorpheniramine,,injection,5mg,100,0,100,20,B11617,30/12/2028,100
Hydrocortisone 5mg,Hydrocortisone,,injection,5mg,100,0,100,20,B11618,30/12/2028,100
Prednisolone 5mg,Prednisolone,,injection,5mg,100,0,100,20,B11619,30/12/2028,100
Phenobarbital 5mg,Phenobarbital,,injection,5mg,100,0,100,20,B11620,30/12/2028,100
Phenytoin 5mg,Phenytoin,,injection,5mg,100,0,100,20,B11621,30/12/2028,100
Sodium Valproate 5mg,Sodium Valproate,,injection,5mg,100,0,100,20,B11622,30/12/2028,100
Carbamazepine 5mg,Carbamazepine,,injection,5mg,100,0,100,20,B11623,30/12/2028,100
Amoxicillin 5mg,Amoxicillin,,injection,5mg,100,0,100,20,B11624,30/12/2028,100
Amoxicillin 5mg,Amoxicillin,,injection,5mg,100,0,100,20,B11625,30/12/2028,100
Ampicillin 5mg,Ampicillin,,injection,5mg,100,0,100,20,B11626,30/12/2028,100
Cloxacillin 5mg,Cloxacillin,,injection,5mg,100,0,100,20,B11627,30/12/2028,100
Ceftriaxone 5mg,Ceftriaxone,,injection,5mg,100,0,100,20,B11628,30/12/2028,100
Cefuroxime 5mg,Cefuroxime,,injection,5mg,100,0,100,20,B11629,30/12/2028,100
Azithromycin 5mg,Azithromycin,,injection,5mg,100,0,100,20,B11630,30/12/2028,100
Erythromycin 5mg,Erythromycin,,injection,5mg,100,0,100,20,B11631,30/12/2028,100
Ciprofloxacin 5mg,Ciprofloxacin,,injection,5mg,100,0,100,20,B11632,30/12/2028,100
Metronidazole 5mg,Metronidazole,,injection,5mg,100,0,100,20,B11633,30/12/2028,100
Metronidazole 5mg,Metronidazole,,injection,5mg,100,0,100,20,B11634,30/12/2028,100
Gentamicin 5mg,Gentamicin,,injection,5mg,100,0,100,20,B11635,30/12/2028,100
Doxycycline 5mg,Doxycycline,,injection,5mg,100,0,100,20,B11636,30/12/2028,100
Cotrimoxazole 5mg,Cotrimoxazole,,injection,5mg,100,0,100,20,B11637,30/12/2028,100
Artemether + Lumefantrine 5mg,Artemether + Lumefantrine,,injection,5mg,100,0,100,20,B11638,30/12/2028,100
Artesunate 5mg,Artesunate,,injection,5mg,100,0,100,20,B11639,30/12/2028,100
Amodiaquine 5mg,Amodiaquine,,injection,5mg,100,0,100,20,B11640,30/12/2028,100
Quinine 5mg,Quinine,,injection,5mg,100,0,100,20,B11641,30/12/2028,100
Fluconazole 5mg,Fluconazole,,injection,5mg,100,0,100,20,B11642,30/12/2028,100
Nystatin 5mg,Nystatin,,injection,5mg,100,0,100,20,B11643,30/12/2028,100
Amlodipine 5mg,Amlodipine,,injection,5mg,100,0,100,20,B11644,30/12/2028,100
Amlodipine 5mg,Amlodipine,,injection,5mg,100,0,100,20,B11645,30/12/2028,100
Lisinopril 5mg,Lisinopril,,injection,5mg,100,0,100,20,B11646,30/12/2028,100
Lisinopril 5mg,Lisinopril,,injection,5mg,100,0,100,20,B11647,30/12/2028,100
Atenolol 5mg,Atenolol,,injection,5mg,100,0,100,20,B11648,30/12/2028,100
Propranolol 5mg,Propranolol,,injection,5mg,100,0,100,20,B11649,30/12/2028,100
Methyldopa 5mg,Methyldopa,,injection,5mg,100,0,100,20,B11650,30/12/2028,100
Hydralazine 5mg,Hydralazine,,injection,5mg,100,0,100,20,B11651,30/12/2028,100
Glyceryl Trinitrate 5mg,Glyceryl Trinitrate,,injection,5mg,100,0,100,20,B11652,30/12/2028,100
Isosorbide Dinitrate 5mg,Isosorbide Dinitrate,,injection,5mg,100,0,100,20,B11653,30/12/2028,100
Digoxin 5mg,Digoxin,,injection,5mg,100,0,100,20,B11654,30/12/2028,100
Furosemide 5mg,Furosemide,,injection,5mg,100,0,100,20,B11655,30/12/2028,100
Furosemide 5mg,Furosemide,,injection,5mg,100,0,100,20,B11656,30/12/2028,100
Hydrochlorothiazide 5mg,Hydrochlorothiazide,,injection,5mg,100,0,100,20,B11657,30/12/2028,100
Spironolactone 5mg,Spironolactone,,injection,5mg,100,0,100,20,B11658,30/12/2028,100
Atorvastatin 5mg,Atorvastatin,,injection,5mg,100,0,100,20,B11659,30/12/2028,100
Simvastatin 5mg,Simvastatin,,injection,5mg,100,0,100,20,B11660,30/12/2028,100
Salbutamol 5mg,Salbutamol,,injection,5mg,100,0,100,20,B11661,30/12/2028,100
Salbutamol 5mg,Salbutamol,,injection,5mg,100,0,100,20,B11662,30/12/2028,100
Aminophylline 5mg,Aminophylline,,injection,5mg,100,0,100,20,B11663,30/12/2028,100
Omeprazole 5mg,Omeprazole,,injection,5mg,100,0,100,20,B11664,30/12/2028,100
Cimetidine 5mg,Cimetidine,,injection,5mg,100,0,100,20,B11665,30/12/2028,100
Metoclopramide 5mg,Metoclopramide,,injection,5mg,100,0,100,20,B11666,30/12/2028,100
Zinc Sulfate 5mg,Zinc Sulfate,,injection,5mg,100,0,100,20,B11667,30/12/2028,100
Bisacodyl 5mg,Bisacodyl,,injection,5mg,100,0,100,20,B11668,30/12/2028,100
Metformin 5mg,Metformin,,injection,5mg,100,0,100,20,B11669,30/12/2028,100
Metformin 5mg,Metformin,,injection,5mg,100,0,100,20,B11670,30/12/2028,100
Glibenclamide 5mg,Glibenclamide,,injection,5mg,100,0,100,20,B11671,30/12/2028,100
Glimepiride 5mg,Glimepiride,,injection,5mg,100,0,100,20,B11672,30/12/2028,100
Levothyroxine 5mg,Levothyroxine,,injection,5mg,100,0,100,20,B11673,30/12/2028,100
Carbimazole 5mg,Carbimazole,,injection,5mg,100,0,100,20,B11674,30/12/2028,100
Folic Acid 5mg,Folic Acid,,injection,5mg,100,0,100,20,B11675,30/12/2028,100
Oxytocin 5mg,Oxytocin,,injection,5mg,100,0,100,20,B11676,30/12/2028,100
Misoprostol 5mg,Misoprostol,,injection,5mg,100,0,100,20,B11677,30/12/2028,100
Magnesium Sulfate 5mg,Magnesium Sulfate,,injection,5mg,100,0,100,20,B11678,30/12/2028,100
Amitriptyline 5mg,Amitriptyline,,injection,5mg,100,0,100,20,B11679,30/12/2028,100
Fluoxetine 5mg,Fluoxetine,,injection,5mg,100,0,100,20,B11680,30/12/2028,100
Haloperidol 5mg,Haloperidol,,injection,5mg,100,0,100,20,B11681,30/12/2028,100
Chlorpromazine 5mg,Chlorpromazine,,injection,5mg,100,0,100,20,B11682,30/12/2028,100
Halothane 10mg,Halothane,,injection,10mg,100,0,100,20,B11683,30/12/2028,100
Ketamine 10mg,Ketamine,,injection,10mg,100,0,100,20,B11684,30/12/2028,100
Nitrous oxide 10mg,Nitrous oxide,,injection,10mg,100,0,100,20,B11685,30/12/2028,100
Oxygen 10mg,Oxygen,,injection,10mg,100,0,100,20,B11686,30/12/2028,100
Atropine 10mg,Atropine,,injection,10mg,100,0,100,20,B11687,30/12/2028,100
Diazepam 10mg,Diazepam,,injection,10mg,100,0,100,20,B11688,30/12/2028,100
Hyoscine N-Butylbromide 10mg,Hyoscine N-Butylbromide,,injection,10mg,100,0,100,20,B11689,30/12/2028,100
Midazolam 10mg,Midazolam,,injection,10mg,100,0,100,20,B11690,30/12/2028,100
Morphine 10mg,Morphine,,injection,10mg,100,0,100,20,B11691,30/12/2028,100
Promethazine 10mg,Promethazine,,injection,10mg,100,0,100,20,B11692,30/12/2028,100
Promethazine 10mg,Promethazine,,injection,10mg,100,0,100,20,B11693,30/12/2028,100
Atracurium 10mg,Atracurium,,injection,10mg,100,0,100,20,B11694,30/12/2028,100
Neostigmine 10mg,Neostigmine,,injection,10mg,100,0,100,20,B11695,30/12/2028,100
Suxamethonium 10mg,Suxamethonium,,injection,10mg,100,0,100,20,B11696,30/12/2028,100
Propofol 10mg,Propofol,,injection,10mg,100,0,100,20,B11697,30/12/2028,100
Lidocaine 10mg,Lidocaine,,injection,10mg,100,0,100,20,B11698,30/12/2028,100
Bupivacaine 10mg,Bupivacaine,,injection,10mg,100,0,100,20,B11699,30/12/2028,100
Pentazocine 10mg,Pentazocine,,injection,10mg,100,0,100,20,B11700,30/12/2028,100
Pethidine 10mg,Pethidine,,injection,10mg,100,0,100,20,B11701,30/12/2028,100
Tramadol 10mg,Tramadol,,injection,10mg,100,0,100,20,B11702,30/12/2028,100
Acetylsalicylic Acid 10mg,Acetylsalicylic Acid,,injection,10mg,100,0,100,20,B11703,30/12/2028,100
Paracetamol 10mg,Paracetamol,,injection,10mg,100,0,100,20,B11704,30/12/2028,100
Paracetamol 10mg,Paracetamol,,injection,10mg,100,0,100,20,B11705,30/12/2028,100
Paracetamol 10mg,Paracetamol,,injection,10mg,100,0,100,20,B11706,30/12/2028,100
Allopurinol 10mg,Allopurinol,,injection,10mg,100,0,100,20,B11707,30/12/2028,100
Diclofenac Sodium 10mg,Diclofenac Sodium,,injection,10mg,100,0,100,20,B11708,30/12/2028,100
Diclofenac Sodium 10mg,Diclofenac Sodium,,injection,10mg,100,0,100,20,B11709,30/12/2028,100
Ibuprofen 10mg,Ibuprofen,,injection,10mg,100,0,100,20,B11710,30/12/2028,100
Ibuprofen 10mg,Ibuprofen,,injection,10mg,100,0,100,20,B11711,30/12/2028,100
Naproxen 10mg,Naproxen,,injection,10mg,100,0,100,20,B11712,30/12/2028,100
Piroxicam 10mg,Piroxicam,,injection,10mg,100,0,100,20,B11713,30/12/2028,100
Meloxicam 10mg,Meloxicam,,injection,10mg,100,0,100,20,B11714,30/12/2028,100
Naloxone 10mg,Naloxone,,injection,10mg,100,0,100,20,B11715,30/12/2028,100
Chlorpheniramine 10mg,Chlorpheniramine,,injection,10mg,100,0,100,20,B11716,30/12/2028,100
Hydrocortisone 10mg,Hydrocortisone,,injection,10mg,100,0,100,20,B11717,30/12/2028,100
Prednisolone 10mg,Prednisolone,,injection,10mg,100,0,100,20,B11718,30/12/2028,100
Phenobarbital 10mg,Phenobarbital,,injection,10mg,100,0,100,20,B11719,30/12/2028,100
Phenytoin 10mg,Phenytoin,,injection,10mg,100,0,100,20,B11720,30/12/2028,100
Sodium Valproate 10mg,Sodium Valproate,,injection,10mg,100,0,100,20,B11721,30/12/2028,100
Carbamazepine 10mg,Carbamazepine,,injection,10mg,100,0,100,20,B11722,30/12/2028,100
Amoxicillin 10mg,Amoxicillin,,injection,10mg,100,0,100,20,B11723,30/12/2028,100
Amoxicillin 10mg,Amoxicillin,,injection,10mg,100,0,100,20,B11724,30/12/2028,100
Ampicillin 10mg,Ampicillin,,injection,10mg,100,0,100,20,B11725,30/12/2028,100
Cloxacillin 10mg,Cloxacillin,,injection,10mg,100,0,100,20,B11726,30/12/2028,100
Ceftriaxone 10mg,Ceftriaxone,,injection,10mg,100,0,100,20,B11727,30/12/2028,100
Cefuroxime 10mg,Cefuroxime,,injection,10mg,100,0,100,20,B11728,30/12/2028,100
Azithromycin 10mg,Azithromycin,,injection,10mg,100,0,100,20,B11729,30/12/2028,100
Erythromycin 10mg,Erythromycin,,injection,10mg,100,0,100,20,B11730,30/12/2028,100
Ciprofloxacin 10mg,Ciprofloxacin,,injection,10mg,100,0,100,20,B11731,30/12/2028,100
Metronidazole 10mg,Metronidazole,,injection,10mg,100,0,100,20,B11732,30/12/2028,100
Metronidazole 10mg,Metronidazole,,injection,10mg,100,0,100,20,B11733,30/12/2028,100
Gentamicin 10mg,Gentamicin,,injection,10mg,100,0,100,20,B11734,30/12/2028,100
Doxycycline 10mg,Doxycycline,,injection,10mg,100,0,100,20,B11735,30/12/2028,100
Cotrimoxazole 10mg,Cotrimoxazole,,injection,10mg,100,0,100,20,B11736,30/12/2028,100
Artemether + Lumefantrine 10mg,Artemether + Lumefantrine,,injection,10mg,100,0,100,20,B11737,30/12/2028,100
Artesunate 10mg,Artesunate,,injection,10mg,100,0,100,20,B11738,30/12/2028,100
Amodiaquine 10mg,Amodiaquine,,injection,10mg,100,0,100,20,B11739,30/12/2028,100
Quinine 10mg,Quinine,,injection,10mg,100,0,100,20,B11740,30/12/2028,100
Fluconazole 10mg,Fluconazole,,injection,10mg,100,0,100,20,B11741,30/12/2028,100
Nystatin 10mg,Nystatin,,injection,10mg,100,0,100,20,B11742,30/12/2028,100
Amlodipine 10mg,Amlodipine,,injection,10mg,100,0,100,20,B11743,30/12/2028,100
Amlodipine 10mg,Amlodipine,,injection,10mg,100,0,100,20,B11744,30/12/2028,100
Lisinopril 10mg,Lisinopril,,injection,10mg,100,0,100,20,B11745,30/12/2028,100
Lisinopril 10mg,Lisinopril,,injection,10mg,100,0,100,20,B11746,30/12/2028,100
Atenolol 10mg,Atenolol,,injection,10mg,100,0,100,20,B11747,30/12/2028,100
Propranolol 10mg,Propranolol,,injection,10mg,100,0,100,20,B11748,30/12/2028,100
Methyldopa 10mg,Methyldopa,,injection,10mg,100,0,100,20,B11749,30/12/2028,100
Hydralazine 10mg,Hydralazine,,injection,10mg,100,0,100,20,B11750,30/12/2028,100
Glyceryl Trinitrate 10mg,Glyceryl Trinitrate,,injection,10mg,100,0,100,20,B11751,30/12/2028,100
Isosorbide Dinitrate 10mg,Isosorbide Dinitrate,,injection,10mg,100,0,100,20,B11752,30/12/2028,100
Digoxin 10mg,Digoxin,,injection,10mg,100,0,100,20,B11753,30/12/2028,100
Furosemide 10mg,Furosemide,,injection,10mg,100,0,100,20,B11754,30/12/2028,100
Furosemide 10mg,Furosemide,,injection,10mg,100,0,100,20,B11755,30/12/2028,100
Hydrochlorothiazide 10mg,Hydrochlorothiazide,,injection,10mg,100,0,100,20,B11756,30/12/2028,100
Spironolactone 10mg,Spironolactone,,injection,10mg,100,0,100,20,B11757,30/12/2028,100
Atorvastatin 10mg,Atorvastatin,,injection,10mg,100,0,100,20,B11758,30/12/2028,100
Simvastatin 10mg,Simvastatin,,injection,10mg,100,0,100,20,B11759,30/12/2028,100
Salbutamol 10mg,Salbutamol,,injection,10mg,100,0,100,20,B11760,30/12/2028,100
Salbutamol 10mg,Salbutamol,,injection,10mg,100,0,100,20,B11761,30/12/2028,100
Aminophylline 10mg,Aminophylline,,injection,10mg,100,0,100,20,B11762,30/12/2028,100
Omeprazole 10mg,Omeprazole,,injection,10mg,100,0,100,20,B11763,30/12/2028,100
Cimetidine 10mg,Cimetidine,,injection,10mg,100,0,100,20,B11764,30/12/2028,100
Metoclopramide 10mg,Metoclopramide,,injection,10mg,100,0,100,20,B11765,30/12/2028,100
Zinc Sulfate 10mg,Zinc Sulfate,,injection,10mg,100,0,100,20,B11766,30/12/2028,100
Bisacodyl 10mg,Bisacodyl,,injection,10mg,100,0,100,20,B11767,30/12/2028,100
Metformin 10mg,Metformin,,injection,10mg,100,0,100,20,B11768,30/12/2028,100
Metformin 10mg,Metformin,,injection,10mg,100,0,100,20,B11769,30/12/2028,100
Glibenclamide 10mg,Glibenclamide,,injection,10mg,100,0,100,20,B11770,30/12/2028,100
Glimepiride 10mg,Glimepiride,,injection,10mg,100,0,100,20,B11771,30/12/2028,100
Levothyroxine 10mg,Levothyroxine,,injection,10mg,100,0,100,20,B11772,30/12/2028,100
Carbimazole 10mg,Carbimazole,,injection,10mg,100,0,100,20,B11773,30/12/2028,100
Folic Acid 10mg,Folic Acid,,injection,10mg,100,0,100,20,B11774,30/12/2028,100
Oxytocin 10mg,Oxytocin,,injection,10mg,100,0,100,20,B11775,30/12/2028,100
Misoprostol 10mg,Misoprostol,,injection,10mg,100,0,100,20,B11776,30/12/2028,100
Magnesium Sulfate 10mg,Magnesium Sulfate,,injection,10mg,100,0,100,20,B11777,30/12/2028,100
Amitriptyline 10mg,Amitriptyline,,injection,10mg,100,0,100,20,B11778,30/12/2028,100
Fluoxetine 10mg,Fluoxetine,,injection,10mg,100,0,100,20,B11779,30/12/2028,100
Haloperidol 10mg,Haloperidol,,injection,10mg,100,0,100,20,B11780,30/12/2028,100
Chlorpromazine 10mg,Chlorpromazine,,injection,10mg,100,0,100,20,B11781,30/12/2028,100
Halothane 20mg,Halothane,,injection,20mg,100,0,100,20,B11782,30/12/2028,100
Ketamine 20mg,Ketamine,,injection,20mg,100,0,100,20,B11783,30/12/2028,100
Nitrous oxide 20mg,Nitrous oxide,,injection,20mg,100,0,100,20,B11784,30/12/2028,100
Oxygen 20mg,Oxygen,,injection,20mg,100,0,100,20,B11785,30/12/2028,100
Atropine 20mg,Atropine,,injection,20mg,100,0,100,20,B11786,30/12/2028,100
Diazepam 20mg,Diazepam,,injection,20mg,100,0,100,20,B11787,30/12/2028,100
Hyoscine N-Butylbromide 20mg,Hyoscine N-Butylbromide,,injection,20mg,100,0,100,20,B11788,30/12/2028,100
Midazolam 20mg,Midazolam,,injection,20mg,100,0,100,20,B11789,30/12/2028,100
Morphine 20mg,Morphine,,injection,20mg,100,0,100,20,B11790,30/12/2028,100
Promethazine 20mg,Promethazine,,injection,20mg,100,0,100,20,B11791,30/12/2028,100
Promethazine 20mg,Promethazine,,injection,20mg,100,0,100,20,B11792,30/12/2028,100
Atracurium 20mg,Atracurium,,injection,20mg,100,0,100,20,B11793,30/12/2028,100
Neostigmine 20mg,Neostigmine,,injection,20mg,100,0,100,20,B11794,30/12/2028,100
Suxamethonium 20mg,Suxamethonium,,injection,20mg,100,0,100,20,B11795,30/12/2028,100
Propofol 20mg,Propofol,,injection,20mg,100,0,100,20,B11796,30/12/2028,100
Lidocaine 20mg,Lidocaine,,injection,20mg,100,0,100,20,B11797,30/12/2028,100
Bupivacaine 20mg,Bupivacaine,,injection,20mg,100,0,100,20,B11798,30/12/2028,100
Pentazocine 20mg,Pentazocine,,injection,20mg,100,0,100,20,B11799,30/12/2028,100
Pethidine 20mg,Pethidine,,injection,20mg,100,0,100,20,B11800,30/12/2028,100
Tramadol 20mg,Tramadol,,injection,20mg,100,0,100,20,B11801,30/12/2028,100
Acetylsalicylic Acid 20mg,Acetylsalicylic Acid,,injection,20mg,100,0,100,20,B11802,30/12/2028,100
Paracetamol 20mg,Paracetamol,,injection,20mg,100,0,100,20,B11803,30/12/2028,100
Paracetamol 20mg,Paracetamol,,injection,20mg,100,0,100,20,B11804,30/12/2028,100
Paracetamol 20mg,Paracetamol,,injection,20mg,100,0,100,20,B11805,30/12/2028,100
Allopurinol 20mg,Allopurinol,,injection,20mg,100,0,100,20,B11806,30/12/2028,100
Diclofenac Sodium 20mg,Diclofenac Sodium,,injection,20mg,100,0,100,20,B11807,30/12/2028,100
Diclofenac Sodium 20mg,Diclofenac Sodium,,injection,20mg,100,0,100,20,B11808,30/12/2028,100
Ibuprofen 20mg,Ibuprofen,,injection,20mg,100,0,100,20,B11809,30/12/2028,100
Ibuprofen 20mg,Ibuprofen,,injection,20mg,100,0,100,20,B11810,30/12/2028,100
Naproxen 20mg,Naproxen,,injection,20mg,100,0,100,20,B11811,30/12/2028,100
Piroxicam 20mg,Piroxicam,,injection,20mg,100,0,100,20,B11812,30/12/2028,100
Meloxicam 20mg,Meloxicam,,injection,20mg,100,0,100,20,B11813,30/12/2028,100
Naloxone 20mg,Naloxone,,injection,20mg,100,0,100,20,B11814,30/12/2028,100
Chlorpheniramine 20mg,Chlorpheniramine,,injection,20mg,100,0,100,20,B11815,30/12/2028,100
Hydrocortisone 20mg,Hydrocortisone,,injection,20mg,100,0,100,20,B11816,30/12/2028,100
Prednisolone 20mg,Prednisolone,,injection,20mg,100,0,100,20,B11817,30/12/2028,100
Phenobarbital 20mg,Phenobarbital,,injection,20mg,100,0,100,20,B11818,30/12/2028,100
Phenytoin 20mg,Phenytoin,,injection,20mg,100,0,100,20,B11819,30/12/2028,100
Sodium Valproate 20mg,Sodium Valproate,,injection,20mg,100,0,100,20,B11820,30/12/2028,100
Carbamazepine 20mg,Carbamazepine,,injection,20mg,100,0,100,20,B11821,30/12/2028,100
Amoxicillin 20mg,Amoxicillin,,injection,20mg,100,0,100,20,B11822,30/12/2028,100
Amoxicillin 20mg,Amoxicillin,,injection,20mg,100,0,100,20,B11823,30/12/2028,100
Ampicillin 20mg,Ampicillin,,injection,20mg,100,0,100,20,B11824,30/12/2028,100
Cloxacillin 20mg,Cloxacillin,,injection,20mg,100,0,100,20,B11825,30/12/2028,100
Ceftriaxone 20mg,Ceftriaxone,,injection,20mg,100,0,100,20,B11826,30/12/2028,100
Cefuroxime 20mg,Cefuroxime,,injection,20mg,100,0,100,20,B11827,30/12/2028,100
Azithromycin 20mg,Azithromycin,,injection,20mg,100,0,100,20,B11828,30/12/2028,100
Erythromycin 20mg,Erythromycin,,injection,20mg,100,0,100,20,B11829,30/12/2028,100
Ciprofloxacin 20mg,Ciprofloxacin,,injection,20mg,100,0,100,20,B11830,30/12/2028,100
Metronidazole 20mg,Metronidazole,,injection,20mg,100,0,100,20,B11831,30/12/2028,100
Metronidazole 20mg,Metronidazole,,injection,20mg,100,0,100,20,B11832,30/12/2028,100
Gentamicin 20mg,Gentamicin,,injection,20mg,100,0,100,20,B11833,30/12/2028,100
Doxycycline 20mg,Doxycycline,,injection,20mg,100,0,100,20,B11834,30/12/2028,100
Cotrimoxazole 20mg,Cotrimoxazole,,injection,20mg,100,0,100,20,B11835,30/12/2028,100
Artemether + Lumefantrine 20mg,Artemether + Lumefantrine,,injection,20mg,100,0,100,20,B11836,30/12/2028,100
Artesunate 20mg,Artesunate,,injection,20mg,100,0,100,20,B11837,30/12/2028,100
Amodiaquine 20mg,Amodiaquine,,injection,20mg,100,0,100,20,B11838,30/12/2028,100
Quinine 20mg,Quinine,,injection,20mg,100,0,100,20,B11839,30/12/2028,100
Fluconazole 20mg,Fluconazole,,injection,20mg,100,0,100,20,B11840,30/12/2028,100
Nystatin 20mg,Nystatin,,injection,20mg,100,0,100,20,B11841,30/12/2028,100
Amlodipine 20mg,Amlodipine,,injection,20mg,100,0,100,20,B11842,30/12/2028,100
Amlodipine 20mg,Amlodipine,,injection,20mg,100,0,100,20,B11843,30/12/2028,100
Lisinopril 20mg,Lisinopril,,injection,20mg,100,0,100,20,B11844,30/12/2028,100
Lisinopril 20mg,Lisinopril,,injection,20mg,100,0,100,20,B11845,30/12/2028,100
Atenolol 20mg,Atenolol,,injection,20mg,100,0,100,20,B11846,30/12/2028,100
Propranolol 20mg,Propranolol,,injection,20mg,100,0,100,20,B11847,30/12/2028,100
Methyldopa 20mg,Methyldopa,,injection,20mg,100,0,100,20,B11848,30/12/2028,100
Hydralazine 20mg,Hydralazine,,injection,20mg,100,0,100,20,B11849,30/12/2028,100
Glyceryl Trinitrate 20mg,Glyceryl Trinitrate,,injection,20mg,100,0,100,20,B11850,30/12/2028,100
Isosorbide Dinitrate 20mg,Isosorbide Dinitrate,,injection,20mg,100,0,100,20,B11851,30/12/2028,100
Digoxin 20mg,Digoxin,,injection,20mg,100,0,100,20,B11852,30/12/2028,100
Furosemide 20mg,Furosemide,,injection,20mg,100,0,100,20,B11853,30/12/2028,100
Furosemide 20mg,Furosemide,,injection,20mg,100,0,100,20,B11854,30/12/2028,100
Hydrochlorothiazide 20mg,Hydrochlorothiazide,,injection,20mg,100,0,100,20,B11855,30/12/2028,100
Spironolactone 20mg,Spironolactone,,injection,20mg,100,0,100,20,B11856,30/12/2028,100
Atorvastatin 20mg,Atorvastatin,,injection,20mg,100,0,100,20,B11857,30/12/2028,100
Simvastatin 20mg,Simvastatin,,injection,20mg,100,0,100,20,B11858,30/12/2028,100
Salbutamol 20mg,Salbutamol,,injection,20mg,100,0,100,20,B11859,30/12/2028,100
Salbutamol 20mg,Salbutamol,,injection,20mg,100,0,100,20,B11860,30/12/2028,100
Aminophylline 20mg,Aminophylline,,injection,20mg,100,0,100,20,B11861,30/12/2028,100
Omeprazole 20mg,Omeprazole,,injection,20mg,100,0,100,20,B11862,30/12/2028,100
Cimetidine 20mg,Cimetidine,,injection,20mg,100,0,100,20,B11863,30/12/2028,100
Metoclopramide 20mg,Metoclopramide,,injection,20mg,100,0,100,20,B11864,30/12/2028,100
Zinc Sulfate 20mg,Zinc Sulfate,,injection,20mg,100,0,100,20,B11865,30/12/2028,100
Bisacodyl 20mg,Bisacodyl,,injection,20mg,100,0,100,20,B11866,30/12/2028,100
Metformin 20mg,Metformin,,injection,20mg,100,0,100,20,B11867,30/12/2028,100
Metformin 20mg,Metformin,,injection,20mg,100,0,100,20,B11868,30/12/2028,100
Glibenclamide 20mg,Glibenclamide,,injection,20mg,100,0,100,20,B11869,30/12/2028,100
Glimepiride 20mg,Glimepiride,,injection,20mg,100,0,100,20,B11870,30/12/2028,100
Levothyroxine 20mg,Levothyroxine,,injection,20mg,100,0,100,20,B11871,30/12/2028,100
Carbimazole 20mg,Carbimazole,,injection,20mg,100,0,100,20,B11872,30/12/2028,100
Folic Acid 20mg,Folic Acid,,injection,20mg,100,0,100,20,B11873,30/12/2028,100
Oxytocin 20mg,Oxytocin,,injection,20mg,100,0,100,20,B11874,30/12/2028,100
Misoprostol 20mg,Misoprostol,,injection,20mg,100,0,100,20,B11875,30/12/2028,100
Magnesium Sulfate 20mg,Magnesium Sulfate,,injection,20mg,100,0,100,20,B11876,30/12/2028,100
Amitriptyline 20mg,Amitriptyline,,injection,20mg,100,0,100,20,B11877,30/12/2028,100
Fluoxetine 20mg,Fluoxetine,,injection,20mg,100,0,100,20,B11878,30/12/2028,100
Haloperidol 20mg,Haloperidol,,injection,20mg,100,0,100,20,B11879,30/12/2028,100
Chlorpromazine 20mg,Chlorpromazine,,injection,20mg,100,0,100,20,B11880,30/12/2028,100
Halothane 50mg,Halothane,,injection,50mg,100,0,100,20,B11881,30/12/2028,100
Ketamine 50mg,Ketamine,,injection,50mg,100,0,100,20,B11882,30/12/2028,100
Nitrous oxide 50mg,Nitrous oxide,,injection,50mg,100,0,100,20,B11883,30/12/2028,100
Oxygen 50mg,Oxygen,,injection,50mg,100,0,100,20,B11884,30/12/2028,100
Atropine 50mg,Atropine,,injection,50mg,100,0,100,20,B11885,30/12/2028,100
Diazepam 50mg,Diazepam,,injection,50mg,100,0,100,20,B11886,30/12/2028,100
Hyoscine N-Butylbromide 50mg,Hyoscine N-Butylbromide,,injection,50mg,100,0,100,20,B11887,30/12/2028,100
Midazolam 50mg,Midazolam,,injection,50mg,100,0,100,20,B11888,30/12/2028,100
Morphine 50mg,Morphine,,injection,50mg,100,0,100,20,B11889,30/12/2028,100
Promethazine 50mg,Promethazine,,injection,50mg,100,0,100,20,B11890,30/12/2028,100
Promethazine 50mg,Promethazine,,injection,50mg,100,0,100,20,B11891,30/12/2028,100
Atracurium 50mg,Atracurium,,injection,50mg,100,0,100,20,B11892,30/12/2028,100
Neostigmine 50mg,Neostigmine,,injection,50mg,100,0,100,20,B11893,30/12/2028,100
Suxamethonium 50mg,Suxamethonium,,injection,50mg,100,0,100,20,B11894,30/12/2028,100
Propofol 50mg,Propofol,,injection,50mg,100,0,100,20,B11895,30/12/2028,100
Lidocaine 50mg,Lidocaine,,injection,50mg,100,0,100,20,B11896,30/12/2028,100
Bupivacaine 50mg,Bupivacaine,,injection,50mg,100,0,100,20,B11897,30/12/2028,100
Pentazocine 50mg,Pentazocine,,injection,50mg,100,0,100,20,B11898,30/12/2028,100
Pethidine 50mg,Pethidine,,injection,50mg,100,0,100,20,B11899,30/12/2028,100
Tramadol 50mg,Tramadol,,injection,50mg,100,0,100,20,B11900,30/12/2028,100
Acetylsalicylic Acid 50mg,Acetylsalicylic Acid,,injection,50mg,100,0,100,20,B11901,30/12/2028,100
Paracetamol 50mg,Paracetamol,,injection,50mg,100,0,100,20,B11902,30/12/2028,100
Paracetamol 50mg,Paracetamol,,injection,50mg,100,0,100,20,B11903,30/12/2028,100
Paracetamol 50mg,Paracetamol,,injection,50mg,100,0,100,20,B11904,30/12/2028,100
Allopurinol 50mg,Allopurinol,,injection,50mg,100,0,100,20,B11905,30/12/2028,100
Diclofenac Sodium 50mg,Diclofenac Sodium,,injection,50mg,100,0,100,20,B11906,30/12/2028,100
Diclofenac Sodium 50mg,Diclofenac Sodium,,injection,50mg,100,0,100,20,B11907,30/12/2028,100
Ibuprofen 50mg,Ibuprofen,,injection,50mg,100,0,100,20,B11908,30/12/2028,100
Ibuprofen 50mg,Ibuprofen,,injection,50mg,100,0,100,20,B11909,30/12/2028,100
Naproxen 50mg,Naproxen,,injection,50mg,100,0,100,20,B11910,30/12/2028,100
Piroxicam 50mg,Piroxicam,,injection,50mg,100,0,100,20,B11911,30/12/2028,100
Meloxicam 50mg,Meloxicam,,injection,50mg,100,0,100,20,B11912,30/12/2028,100
Naloxone 50mg,Naloxone,,injection,50mg,100,0,100,20,B11913,30/12/2028,100
Chlorpheniramine 50mg,Chlorpheniramine,,injection,50mg,100,0,100,20,B11914,30/12/2028,100
Hydrocortisone 50mg,Hydrocortisone,,injection,50mg,100,0,100,20,B11915,30/12/2028,100
Prednisolone 50mg,Prednisolone,,injection,50mg,100,0,100,20,B11916,30/12/2028,100
Phenobarbital 50mg,Phenobarbital,,injection,50mg,100,0,100,20,B11917,30/12/2028,100
Phenytoin 50mg,Phenytoin,,injection,50mg,100,0,100,20,B11918,30/12/2028,100
Sodium Valproate 50mg,Sodium Valproate,,injection,50mg,100,0,100,20,B11919,30/12/2028,100
Carbamazepine 50mg,Carbamazepine,,injection,50mg,100,0,100,20,B11920,30/12/2028,100
Amoxicillin 50mg,Amoxicillin,,injection,50mg,100,0,100,20,B11921,30/12/2028,100
Amoxicillin 50mg,Amoxicillin,,injection,50mg,100,0,100,20,B11922,30/12/2028,100
Ampicillin 50mg,Ampicillin,,injection,50mg,100,0,100,20,B11923,30/12/2028,100
Cloxacillin 50mg,Cloxacillin,,injection,50mg,100,0,100,20,B11924,30/12/2028,100
Ceftriaxone 50mg,Ceftriaxone,,injection,50mg,100,0,100,20,B11925,30/12/2028,100
Cefuroxime 50mg,Cefuroxime,,injection,50mg,100,0,100,20,B11926,30/12/2028,100
Azithromycin 50mg,Azithromycin,,injection,50mg,100,0,100,20,B11927,30/12/2028,100
Erythromycin 50mg,Erythromycin,,injection,50mg,100,0,100,20,B11928,30/12/2028,100
Ciprofloxacin 50mg,Ciprofloxacin,,injection,50mg,100,0,100,20,B11929,30/12/2028,100
Metronidazole 50mg,Metronidazole,,injection,50mg,100,0,100,20,B11930,30/12/2028,100
Metronidazole 50mg,Metronidazole,,injection,50mg,100,0,100,20,B11931,30/12/2028,100
Gentamicin 50mg,Gentamicin,,injection,50mg,100,0,100,20,B11932,30/12/2028,100
Doxycycline 50mg,Doxycycline,,injection,50mg,100,0,100,20,B11933,30/12/2028,100
Cotrimoxazole 50mg,Cotrimoxazole,,injection,50mg,100,0,100,20,B11934,30/12/2028,100
Artemether + Lumefantrine 50mg,Artemether + Lumefantrine,,injection,50mg,100,0,100,20,B11935,30/12/2028,100
Artesunate 50mg,Artesunate,,injection,50mg,100,0,100,20,B11936,30/12/2028,100
Amodiaquine 50mg,Amodiaquine,,injection,50mg,100,0,100,20,B11937,30/12/2028,100
Quinine 50mg,Quinine,,injection,50mg,100,0,100,20,B11938,30/12/2028,100
Fluconazole 50mg,Fluconazole,,injection,50mg,100,0,100,20,B11939,30/12/2028,100
Nystatin 50mg,Nystatin,,injection,50mg,100,0,100,20,B11940,30/12/2028,100
Amlodipine 50mg,Amlodipine,,injection,50mg,100,0,100,20,B11941,30/12/2028,100
Amlodipine 50mg,Amlodipine,,injection,50mg,100,0,100,20,B11942,30/12/2028,100
Lisinopril 50mg,Lisinopril,,injection,50mg,100,0,100,20,B11943,30/12/2028,100
Lisinopril 50mg,Lisinopril,,injection,50mg,100,0,100,20,B11944,30/12/2028,100
Atenolol 50mg,Atenolol,,injection,50mg,100,0,100,20,B11945,30/12/2028,100
Propranolol 50mg,Propranolol,,injection,50mg,100,0,100,20,B11946,30/12/2028,100
Methyldopa 50mg,Methyldopa,,injection,50mg,100,0,100,20,B11947,30/12/2028,100
Hydralazine 50mg,Hydralazine,,injection,50mg,100,0,100,20,B11948,30/12/2028,100
Glyceryl Trinitrate 50mg,Glyceryl Trinitrate,,injection,50mg,100,0,100,20,B11949,30/12/2028,100
Isosorbide Dinitrate 50mg,Isosorbide Dinitrate,,injection,50mg,100,0,100,20,B11950,30/12/2028,100
Digoxin 50mg,Digoxin,,injection,50mg,100,0,100,20,B11951,30/12/2028,100
Furosemide 50mg,Furosemide,,injection,50mg,100,0,100,20,B11952,30/12/2028,100
Furosemide 50mg,Furosemide,,injection,50mg,100,0,100,20,B11953,30/12/2028,100
Hydrochlorothiazide 50mg,Hydrochlorothiazide,,injection,50mg,100,0,100,20,B11954,30/12/2028,100
Spironolactone 50mg,Spironolactone,,injection,50mg,100,0,100,20,B11955,30/12/2028,100
Atorvastatin 50mg,Atorvastatin,,injection,50mg,100,0,100,20,B11956,30/12/2028,100
Simvastatin 50mg,Simvastatin,,injection,50mg,100,0,100,20,B11957,30/12/2028,100
Salbutamol 50mg,Salbutamol,,injection,50mg,100,0,100,20,B11958,30/12/2028,100
Salbutamol 50mg,Salbutamol,,injection,50mg,100,0,100,20,B11959,30/12/2028,100
Aminophylline 50mg,Aminophylline,,injection,50mg,100,0,100,20,B11960,30/12/2028,100
Omeprazole 50mg,Omeprazole,,injection,50mg,100,0,100,20,B11961,30/12/2028,100
Cimetidine 50mg,Cimetidine,,injection,50mg,100,0,100,20,B11962,30/12/2028,100
Metoclopramide 50mg,Metoclopramide,,injection,50mg,100,0,100,20,B11963,30/12/2028,100
Zinc Sulfate 50mg,Zinc Sulfate,,injection,50mg,100,0,100,20,B11964,30/12/2028,100
Bisacodyl 50mg,Bisacodyl,,injection,50mg,100,0,100,20,B11965,30/12/2028,100
Metformin 50mg,Metformin,,injection,50mg,100,0,100,20,B11966,30/12/2028,100
Metformin 50mg,Metformin,,injection,50mg,100,0,100,20,B11967,30/12/2028,100
Glibenclamide 50mg,Glibenclamide,,injection,50mg,100,0,100,20,B11968,30/12/2028,100
Glimepiride 50mg,Glimepiride,,injection,50mg,100,0,100,20,B11969,30/12/2028,100
Levothyroxine 50mg,Levothyroxine,,injection,50mg,100,0,100,20,B11970,30/12/2028,100
Carbimazole 50mg,Carbimazole,,injection,50mg,100,0,100,20,B11971,30/12/2028,100
Folic Acid 50mg,Folic Acid,,injection,50mg,100,0,100,20,B11972,30/12/2028,100
Oxytocin 50mg,Oxytocin,,injection,50mg,100,0,100,20,B11973,30/12/2028,100
Misoprostol 50mg,Misoprostol,,injection,50mg,100,0,100,20,B11974,30/12/2028,100
Magnesium Sulfate 50mg,Magnesium Sulfate,,injection,50mg,100,0,100,20,B11975,30/12/2028,100
Amitriptyline 50mg,Amitriptyline,,injection,50mg,100,0,100,20,B11976,30/12/2028,100
Fluoxetine 50mg,Fluoxetine,,injection,50mg,100,0,100,20,B11977,30/12/2028,100
Haloperidol 50mg,Haloperidol,,injection,50mg,100,0,100,20,B11978,30/12/2028,100
Chlorpromazine 50mg,Chlorpromazine,,injection,50mg,100,0,100,20,B11979,30/12/2028,100
Halothane 100mg,Halothane,,injection,100mg,100,0,100,20,B11980,30/12/2028,100
Ketamine 100mg,Ketamine,,injection,100mg,100,0,100,20,B11981,30/12/2028,100
Nitrous oxide 100mg,Nitrous oxide,,injection,100mg,100,0,100,20,B11982,30/12/2028,100
Oxygen 100mg,Oxygen,,injection,100mg,100,0,100,20,B11983,30/12/2028,100
Atropine 100mg,Atropine,,injection,100mg,100,0,100,20,B11984,30/12/2028,100
Diazepam 100mg,Diazepam,,injection,100mg,100,0,100,20,B11985,30/12/2028,100
Hyoscine N-Butylbromide 100mg,Hyoscine N-Butylbromide,,injection,100mg,100,0,100,20,B11986,30/12/2028,100
Midazolam 100mg,Midazolam,,injection,100mg,100,0,100,20,B11987,30/12/2028,100
Morphine 100mg,Morphine,,injection,100mg,100,0,100,20,B11988,30/12/2028,100
Promethazine 100mg,Promethazine,,injection,100mg,100,0,100,20,B11989,30/12/2028,100
Promethazine 100mg,Promethazine,,injection,100mg,100,0,100,20,B11990,30/12/2028,100
Atracurium 100mg,Atracurium,,injection,100mg,100,0,100,20,B11991,30/12/2028,100
Neostigmine 100mg,Neostigmine,,injection,100mg,100,0,100,20,B11992,30/12/2028,100
Suxamethonium 100mg,Suxamethonium,,injection,100mg,100,0,100,20,B11993,30/12/2028,100
Propofol 100mg,Propofol,,injection,100mg,100,0,100,20,B11994,30/12/2028,100
Lidocaine 100mg,Lidocaine,,injection,100mg,100,0,100,20,B11995,30/12/2028,100
Bupivacaine 100mg,Bupivacaine,,injection,100mg,100,0,100,20,B11996,30/12/2028,100
Pentazocine 100mg,Pentazocine,,injection,100mg,100,0,100,20,B11997,30/12/2028,100
Pethidine 100mg,Pethidine,,injection,100mg,100,0,100,20,B11998,30/12/2028,100
Tramadol 100mg,Tramadol,,injection,100mg,100,0,100,20,B11999,30/12/2028,100
Acetylsalicylic Acid 100mg,Acetylsalicylic Acid,,injection,100mg,100,0,100,20,B12000,30/12/2028,100
Paracetamol 100mg,Paracetamol,,injection,100mg,100,0,100,20,B12001,30/12/2028,100
Paracetamol 100mg,Paracetamol,,injection,100mg,100,0,100,20,B12002,30/12/2028,100
Paracetamol 100mg,Paracetamol,,injection,100mg,100,0,100,20,B12003,30/12/2028,100
Allopurinol 100mg,Allopurinol,,injection,100mg,100,0,100,20,B12004,30/12/2028,100
Diclofenac Sodium 100mg,Diclofenac Sodium,,injection,100mg,100,0,100,20,B12005,30/12/2028,100
Diclofenac Sodium 100mg,Diclofenac Sodium,,injection,100mg,100,0,100,20,B12006,30/12/2028,100
Ibuprofen 100mg,Ibuprofen,,injection,100mg,100,0,100,20,B12007,30/12/2028,100
Ibuprofen 100mg,Ibuprofen,,injection,100mg,100,0,100,20,B12008,30/12/2028,100
Naproxen 100mg,Naproxen,,injection,100mg,100,0,100,20,B12009,30/12/2028,100
Piroxicam 100mg,Piroxicam,,injection,100mg,100,0,100,20,B12010,30/12/2028,100
Meloxicam 100mg,Meloxicam,,injection,100mg,100,0,100,20,B12011,30/12/2028,100
Naloxone 100mg,Naloxone,,injection,100mg,100,0,100,20,B12012,30/12/2028,100
Chlorpheniramine 100mg,Chlorpheniramine,,injection,100mg,100,0,100,20,B12013,30/12/2028,100
Hydrocortisone 100mg,Hydrocortisone,,injection,100mg,100,0,100,20,B12014,30/12/2028,100
Prednisolone 100mg,Prednisolone,,injection,100mg,100,0,100,20,B12015,30/12/2028,100
Phenobarbital 100mg,Phenobarbital,,injection,100mg,100,0,100,20,B12016,30/12/2028,100
Phenytoin 100mg,Phenytoin,,injection,100mg,100,0,100,20,B12017,30/12/2028,100
Sodium Valproate 100mg,Sodium Valproate,,injection,100mg,100,0,100,20,B12018,30/12/2028,100
Carbamazepine 100mg,Carbamazepine,,injection,100mg,100,0,100,20,B12019,30/12/2028,100
Amoxicillin 100mg,Amoxicillin,,injection,100mg,100,0,100,20,B12020,30/12/2028,100
Amoxicillin 100mg,Amoxicillin,,injection,100mg,100,0,100,20,B12021,30/12/2028,100
Ampicillin 100mg,Ampicillin,,injection,100mg,100,0,100,20,B12022,30/12/2028,100
Cloxacillin 100mg,Cloxacillin,,injection,100mg,100,0,100,20,B12023,30/12/2028,100
Ceftriaxone 100mg,Ceftriaxone,,injection,100mg,100,0,100,20,B12024,30/12/2028,100
Cefuroxime 100mg,Cefuroxime,,injection,100mg,100,0,100,20,B12025,30/12/2028,100
Azithromycin 100mg,Azithromycin,,injection,100mg,100,0,100,20,B12026,30/12/2028,100
Erythromycin 100mg,Erythromycin,,injection,100mg,100,0,100,20,B12027,30/12/2028,100
Ciprofloxacin 100mg,Ciprofloxacin,,injection,100mg,100,0,100,20,B12028,30/12/2028,100
Metronidazole 100mg,Metronidazole,,injection,100mg,100,0,100,20,B12029,30/12/2028,100
Metronidazole 100mg,Metronidazole,,injection,100mg,100,0,100,20,B12030,30/12/2028,100
Gentamicin 100mg,Gentamicin,,injection,100mg,100,0,100,20,B12031,30/12/2028,100
Doxycycline 100mg,Doxycycline,,injection,100mg,100,0,100,20,B12032,30/12/2028,100
Cotrimoxazole 100mg,Cotrimoxazole,,injection,100mg,100,0,100,20,B12033,30/12/2028,100
Artemether + Lumefantrine 100mg,Artemether + Lumefantrine,,injection,100mg,100,0,100,20,B12034,30/12/2028,100
Artesunate 100mg,Artesunate,,injection,100mg,100,0,100,20,B12035,30/12/2028,100
Amodiaquine 100mg,Amodiaquine,,injection,100mg,100,0,100,20,B12036,30/12/2028,100
Quinine 100mg,Quinine,,injection,100mg,100,0,100,20,B12037,30/12/2028,100
Fluconazole 100mg,Fluconazole,,injection,100mg,100,0,100,20,B12038,30/12/2028,100
Nystatin 100mg,Nystatin,,injection,100mg,100,0,100,20,B12039,30/12/2028,100
Amlodipine 100mg,Amlodipine,,injection,100mg,100,0,100,20,B12040,30/12/2028,100
Amlodipine 100mg,Amlodipine,,injection,100mg,100,0,100,20,B12041,30/12/2028,100
Lisinopril 100mg,Lisinopril,,injection,100mg,100,0,100,20,B12042,30/12/2028,100
Lisinopril 100mg,Lisinopril,,injection,100mg,100,0,100,20,B12043,30/12/2028,100
Atenolol 100mg,Atenolol,,injection,100mg,100,0,100,20,B12044,30/12/2028,100
Propranolol 100mg,Propranolol,,injection,100mg,100,0,100,20,B12045,30/12/2028,100
Methyldopa 100mg,Methyldopa,,injection,100mg,100,0,100,20,B12046,30/12/2028,100
Hydralazine 100mg,Hydralazine,,injection,100mg,100,0,100,20,B12047,30/12/2028,100
Glyceryl Trinitrate 100mg,Glyceryl Trinitrate,,injection,100mg,100,0,100,20,B12048,30/12/2028,100
Isosorbide Dinitrate 100mg,Isosorbide Dinitrate,,injection,100mg,100,0,100,20,B12049,30/12/2028,100
Digoxin 100mg,Digoxin,,injection,100mg,100,0,100,20,B12050,30/12/2028,100
Furosemide 100mg,Furosemide,,injection,100mg,100,0,100,20,B12051,30/12/2028,100
Furosemide 100mg,Furosemide,,injection,100mg,100,0,100,20,B12052,30/12/2028,100
Hydrochlorothiazide 100mg,Hydrochlorothiazide,,injection,100mg,100,0,100,20,B12053,30/12/2028,100
Spironolactone 100mg,Spironolactone,,injection,100mg,100,0,100,20,B12054,30/12/2028,100
Atorvastatin 100mg,Atorvastatin,,injection,100mg,100,0,100,20,B12055,30/12/2028,100
Simvastatin 100mg,Simvastatin,,injection,100mg,100,0,100,20,B12056,30/12/2028,100
Salbutamol 100mg,Salbutamol,,injection,100mg,100,0,100,20,B12057,30/12/2028,100
Salbutamol 100mg,Salbutamol,,injection,100mg,100,0,100,20,B12058,30/12/2028,100
Aminophylline 100mg,Aminophylline,,injection,100mg,100,0,100,20,B12059,30/12/2028,100
Omeprazole 100mg,Omeprazole,,injection,100mg,100,0,100,20,B12060,30/12/2028,100
Cimetidine 100mg,Cimetidine,,injection,100mg,100,0,100,20,B12061,30/12/2028,100
Metoclopramide 100mg,Metoclopramide,,injection,100mg,100,0,100,20,B12062,30/12/2028,100
Zinc Sulfate 100mg,Zinc Sulfate,,injection,100mg,100,0,100,20,B12063,30/12/2028,100
Bisacodyl 100mg,Bisacodyl,,injection,100mg,100,0,100,20,B12064,30/12/2028,100
Metformin 100mg,Metformin,,injection,100mg,100,0,100,20,B12065,30/12/2028,100
Metformin 100mg,Metformin,,injection,100mg,100,0,100,20,B12066,30/12/2028,100
Glibenclamide 100mg,Glibenclamide,,injection,100mg,100,0,100,20,B12067,30/12/2028,100
Glimepiride 100mg,Glimepiride,,injection,100mg,100,0,100,20,B12068,30/12/2028,100
Levothyroxine 100mg,Levothyroxine,,injection,100mg,100,0,100,20,B12069,30/12/2028,100
Carbimazole 100mg,Carbimazole,,injection,100mg,100,0,100,20,B12070,30/12/2028,100
Folic Acid 100mg,Folic Acid,,injection,100mg,100,0,100,20,B12071,30/12/2028,100
Oxytocin 100mg,Oxytocin,,injection,100mg,100,0,100,20,B12072,30/12/2028,100
Misoprostol 100mg,Misoprostol,,injection,100mg,100,0,100,20,B12073,30/12/2028,100
Magnesium Sulfate 100mg,Magnesium Sulfate,,injection,100mg,100,0,100,20,B12074,30/12/2028,100
Amitriptyline 100mg,Amitriptyline,,injection,100mg,100,0,100,20,B12075,30/12/2028,100
Fluoxetine 100mg,Fluoxetine,,injection,100mg,100,0,100,20,B12076,30/12/2028,100
Haloperidol 100mg,Haloperidol,,injection,100mg,100,0,100,20,B12077,30/12/2028,100
Chlorpromazine 100mg,Chlorpromazine,,injection,100mg,100,0,100,20,B12078,30/12/2028,100
Halothane 250mg,Halothane,,injection,250mg,100,0,100,20,B12079,30/12/2028,100
Ketamine 250mg,Ketamine,,injection,250mg,100,0,100,20,B12080,30/12/2028,100
Nitrous oxide 250mg,Nitrous oxide,,injection,250mg,100,0,100,20,B12081,30/12/2028,100
Oxygen 250mg,Oxygen,,injection,250mg,100,0,100,20,B12082,30/12/2028,100
Atropine 250mg,Atropine,,injection,250mg,100,0,100,20,B12083,30/12/2028,100
Diazepam 250mg,Diazepam,,injection,250mg,100,0,100,20,B12084,30/12/2028,100
Hyoscine N-Butylbromide 250mg,Hyoscine N-Butylbromide,,injection,250mg,100,0,100,20,B12085,30/12/2028,100
Midazolam 250mg,Midazolam,,injection,250mg,100,0,100,20,B12086,30/12/2028,100
Morphine 250mg,Morphine,,injection,250mg,100,0,100,20,B12087,30/12/2028,100
Promethazine 250mg,Promethazine,,injection,250mg,100,0,100,20,B12088,30/12/2028,100
Promethazine 250mg,Promethazine,,injection,250mg,100,0,100,20,B12089,30/12/2028,100
Atracurium 250mg,Atracurium,,injection,250mg,100,0,100,20,B12090,30/12/2028,100
Neostigmine 250mg,Neostigmine,,injection,250mg,100,0,100,20,B12091,30/12/2028,100
Suxamethonium 250mg,Suxamethonium,,injection,250mg,100,0,100,20,B12092,30/12/2028,100
Propofol 250mg,Propofol,,injection,250mg,100,0,100,20,B12093,30/12/2028,100
Lidocaine 250mg,Lidocaine,,injection,250mg,100,0,100,20,B12094,30/12/2028,100
Bupivacaine 250mg,Bupivacaine,,injection,250mg,100,0,100,20,B12095,30/12/2028,100
Pentazocine 250mg,Pentazocine,,injection,250mg,100,0,100,20,B12096,30/12/2028,100
Pethidine 250mg,Pethidine,,injection,250mg,100,0,100,20,B12097,30/12/2028,100
Tramadol 250mg,Tramadol,,injection,250mg,100,0,100,20,B12098,30/12/2028,100
Acetylsalicylic Acid 250mg,Acetylsalicylic Acid,,injection,250mg,100,0,100,20,B12099,30/12/2028,100
Paracetamol 250mg,Paracetamol,,injection,250mg,100,0,100,20,B12100,30/12/2028,100
Paracetamol 250mg,Paracetamol,,injection,250mg,100,0,100,20,B12101,30/12/2028,100
Paracetamol 250mg,Paracetamol,,injection,250mg,100,0,100,20,B12102,30/12/2028,100
Allopurinol 250mg,Allopurinol,,injection,250mg,100,0,100,20,B12103,30/12/2028,100
Diclofenac Sodium 250mg,Diclofenac Sodium,,injection,250mg,100,0,100,20,B12104,30/12/2028,100
Diclofenac Sodium 250mg,Diclofenac Sodium,,injection,250mg,100,0,100,20,B12105,30/12/2028,100
Ibuprofen 250mg,Ibuprofen,,injection,250mg,100,0,100,20,B12106,30/12/2028,100
Ibuprofen 250mg,Ibuprofen,,injection,250mg,100,0,100,20,B12107,30/12/2028,100
Naproxen 250mg,Naproxen,,injection,250mg,100,0,100,20,B12108,30/12/2028,100
Piroxicam 250mg,Piroxicam,,injection,250mg,100,0,100,20,B12109,30/12/2028,100
Meloxicam 250mg,Meloxicam,,injection,250mg,100,0,100,20,B12110,30/12/2028,100
Naloxone 250mg,Naloxone,,injection,250mg,100,0,100,20,B12111,30/12/2028,100
Chlorpheniramine 250mg,Chlorpheniramine,,injection,250mg,100,0,100,20,B12112,30/12/2028,100
Hydrocortisone 250mg,Hydrocortisone,,injection,250mg,100,0,100,20,B12113,30/12/2028,100
Prednisolone 250mg,Prednisolone,,injection,250mg,100,0,100,20,B12114,30/12/2028,100
Phenobarbital 250mg,Phenobarbital,,injection,250mg,100,0,100,20,B12115,30/12/2028,100
Phenytoin 250mg,Phenytoin,,injection,250mg,100,0,100,20,B12116,30/12/2028,100
Sodium Valproate 250mg,Sodium Valproate,,injection,250mg,100,0,100,20,B12117,30/12/2028,100
Carbamazepine 250mg,Carbamazepine,,injection,250mg,100,0,100,20,B12118,30/12/2028,100
Amoxicillin 250mg,Amoxicillin,,injection,250mg,100,0,100,20,B12119,30/12/2028,100
Amoxicillin 250mg,Amoxicillin,,injection,250mg,100,0,100,20,B12120,30/12/2028,100
Ampicillin 250mg,Ampicillin,,injection,250mg,100,0,100,20,B12121,30/12/2028,100
Cloxacillin 250mg,Cloxacillin,,injection,250mg,100,0,100,20,B12122,30/12/2028,100
Ceftriaxone 250mg,Ceftriaxone,,injection,250mg,100,0,100,20,B12123,30/12/2028,100
Cefuroxime 250mg,Cefuroxime,,injection,250mg,100,0,100,20,B12124,30/12/2028,100
Azithromycin 250mg,Azithromycin,,injection,250mg,100,0,100,20,B12125,30/12/2028,100
Erythromycin 250mg,Erythromycin,,injection,250mg,100,0,100,20,B12126,30/12/2028,100
Ciprofloxacin 250mg,Ciprofloxacin,,injection,250mg,100,0,100,20,B12127,30/12/2028,100
Metronidazole 250mg,Metronidazole,,injection,250mg,100,0,100,20,B12128,30/12/2028,100
Metronidazole 250mg,Metronidazole,,injection,250mg,100,0,100,20,B12129,30/12/2028,100
Gentamicin 250mg,Gentamicin,,injection,250mg,100,0,100,20,B12130,30/12/2028,100
Doxycycline 250mg,Doxycycline,,injection,250mg,100,0,100,20,B12131,30/12/2028,100
Cotrimoxazole 250mg,Cotrimoxazole,,injection,250mg,100,0,100,20,B12132,30/12/2028,100
Artemether + Lumefantrine 250mg,Artemether + Lumefantrine,,injection,250mg,100,0,100,20,B12133,30/12/2028,100
Artesunate 250mg,Artesunate,,injection,250mg,100,0,100,20,B12134,30/12/2028,100
Amodiaquine 250mg,Amodiaquine,,injection,250mg,100,0,100,20,B12135,30/12/2028,100
Quinine 250mg,Quinine,,injection,250mg,100,0,100,20,B12136,30/12/2028,100
Fluconazole 250mg,Fluconazole,,injection,250mg,100,0,100,20,B12137,30/12/2028,100
Nystatin 250mg,Nystatin,,injection,250mg,100,0,100,20,B12138,30/12/2028,100
Amlodipine 250mg,Amlodipine,,injection,250mg,100,0,100,20,B12139,30/12/2028,100
Amlodipine 250mg,Amlodipine,,injection,250mg,100,0,100,20,B12140,30/12/2028,100
Lisinopril 250mg,Lisinopril,,injection,250mg,100,0,100,20,B12141,30/12/2028,100
Lisinopril 250mg,Lisinopril,,injection,250mg,100,0,100,20,B12142,30/12/2028,100
Atenolol 250mg,Atenolol,,injection,250mg,100,0,100,20,B12143,30/12/2028,100
Propranolol 250mg,Propranolol,,injection,250mg,100,0,100,20,B12144,30/12/2028,100
Methyldopa 250mg,Methyldopa,,injection,250mg,100,0,100,20,B12145,30/12/2028,100
Hydralazine 250mg,Hydralazine,,injection,250mg,100,0,100,20,B12146,30/12/2028,100
Glyceryl Trinitrate 250mg,Glyceryl Trinitrate,,injection,250mg,100,0,100,20,B12147,30/12/2028,100
Isosorbide Dinitrate 250mg,Isosorbide Dinitrate,,injection,250mg,100,0,100,20,B12148,30/12/2028,100
Digoxin 250mg,Digoxin,,injection,250mg,100,0,100,20,B12149,30/12/2028,100
Furosemide 250mg,Furosemide,,injection,250mg,100,0,100,20,B12150,30/12/2028,100
Furosemide 250mg,Furosemide,,injection,250mg,100,0,100,20,B12151,30/12/2028,100
Hydrochlorothiazide 250mg,Hydrochlorothiazide,,injection,250mg,100,0,100,20,B12152,30/12/2028,100
Spironolactone 250mg,Spironolactone,,injection,250mg,100,0,100,20,B12153,30/12/2028,100
Atorvastatin 250mg,Atorvastatin,,injection,250mg,100,0,100,20,B12154,30/12/2028,100
Simvastatin 250mg,Simvastatin,,injection,250mg,100,0,100,20,B12155,30/12/2028,100
Salbutamol 250mg,Salbutamol,,injection,250mg,100,0,100,20,B12156,30/12/2028,100
Salbutamol 250mg,Salbutamol,,injection,250mg,100,0,100,20,B12157,30/12/2028,100
Aminophylline 250mg,Aminophylline,,injection,250mg,100,0,100,20,B12158,30/12/2028,100
Omeprazole 250mg,Omeprazole,,injection,250mg,100,0,100,20,B12159,30/12/2028,100
Cimetidine 250mg,Cimetidine,,injection,250mg,100,0,100,20,B12160,30/12/2028,100
Metoclopramide 250mg,Metoclopramide,,injection,250mg,100,0,100,20,B12161,30/12/2028,100
Zinc Sulfate 250mg,Zinc Sulfate,,injection,250mg,100,0,100,20,B12162,30/12/2028,100
Bisacodyl 250mg,Bisacodyl,,injection,250mg,100,0,100,20,B12163,30/12/2028,100
Metformin 250mg,Metformin,,injection,250mg,100,0,100,20,B12164,30/12/2028,100
Metformin 250mg,Metformin,,injection,250mg,100,0,100,20,B12165,30/12/2028,100
Glibenclamide 250mg,Glibenclamide,,injection,250mg,100,0,100,20,B12166,30/12/2028,100
Glimepiride 250mg,Glimepiride,,injection,250mg,100,0,100,20,B12167,30/12/2028,100
Levothyroxine 250mg,Levothyroxine,,injection,250mg,100,0,100,20,B12168,30/12/2028,100
Carbimazole 250mg,Carbimazole,,injection,250mg,100,0,100,20,B12169,30/12/2028,100
Folic Acid 250mg,Folic Acid,,injection,250mg,100,0,100,20,B12170,30/12/2028,100
Oxytocin 250mg,Oxytocin,,injection,250mg,100,0,100,20,B12171,30/12/2028,100
Misoprostol 250mg,Misoprostol,,injection,250mg,100,0,100,20,B12172,30/12/2028,100
Magnesium Sulfate 250mg,Magnesium Sulfate,,injection,250mg,100,0,100,20,B12173,30/12/2028,100
Amitriptyline 250mg,Amitriptyline,,injection,250mg,100,0,100,20,B12174,30/12/2028,100
Fluoxetine 250mg,Fluoxetine,,injection,250mg,100,0,100,20,B12175,30/12/2028,100
Haloperidol 250mg,Haloperidol,,injection,250mg,100,0,100,20,B12176,30/12/2028,100
Chlorpromazine 250mg,Chlorpromazine,,injection,250mg,100,0,100,20,B12177,30/12/2028,100
Halothane 500mg,Halothane,,injection,500mg,100,0,100,20,B12178,30/12/2028,100
Ketamine 500mg,Ketamine,,injection,500mg,100,0,100,20,B12179,30/12/2028,100
Nitrous oxide 500mg,Nitrous oxide,,injection,500mg,100,0,100,20,B12180,30/12/2028,100
Oxygen 500mg,Oxygen,,injection,500mg,100,0,100,20,B12181,30/12/2028,100
Atropine 500mg,Atropine,,injection,500mg,100,0,100,20,B12182,30/12/2028,100
Diazepam 500mg,Diazepam,,injection,500mg,100,0,100,20,B12183,30/12/2028,100
Hyoscine N-Butylbromide 500mg,Hyoscine N-Butylbromide,,injection,500mg,100,0,100,20,B12184,30/12/2028,100
Midazolam 500mg,Midazolam,,injection,500mg,100,0,100,20,B12185,30/12/2028,100
Morphine 500mg,Morphine,,injection,500mg,100,0,100,20,B12186,30/12/2028,100
Promethazine 500mg,Promethazine,,injection,500mg,100,0,100,20,B12187,30/12/2028,100
Promethazine 500mg,Promethazine,,injection,500mg,100,0,100,20,B12188,30/12/2028,100
Atracurium 500mg,Atracurium,,injection,500mg,100,0,100,20,B12189,30/12/2028,100
Neostigmine 500mg,Neostigmine,,injection,500mg,100,0,100,20,B12190,30/12/2028,100
Suxamethonium 500mg,Suxamethonium,,injection,500mg,100,0,100,20,B12191,30/12/2028,100
Propofol 500mg,Propofol,,injection,500mg,100,0,100,20,B12192,30/12/2028,100
Lidocaine 500mg,Lidocaine,,injection,500mg,100,0,100,20,B12193,30/12/2028,100
Bupivacaine 500mg,Bupivacaine,,injection,500mg,100,0,100,20,B12194,30/12/2028,100
Pentazocine 500mg,Pentazocine,,injection,500mg,100,0,100,20,B12195,30/12/2028,100
Pethidine 500mg,Pethidine,,injection,500mg,100,0,100,20,B12196,30/12/2028,100
Tramadol 500mg,Tramadol,,injection,500mg,100,0,100,20,B12197,30/12/2028,100
Acetylsalicylic Acid 500mg,Acetylsalicylic Acid,,injection,500mg,100,0,100,20,B12198,30/12/2028,100
Paracetamol 500mg,Paracetamol,,injection,500mg,100,0,100,20,B12199,30/12/2028,100
Paracetamol 500mg,Paracetamol,,injection,500mg,100,0,100,20,B12200,30/12/2028,100
Paracetamol 500mg,Paracetamol,,injection,500mg,100,0,100,20,B12201,30/12/2028,100
Allopurinol 500mg,Allopurinol,,injection,500mg,100,0,100,20,B12202,30/12/2028,100
Diclofenac Sodium 500mg,Diclofenac Sodium,,injection,500mg,100,0,100,20,B12203,30/12/2028,100
Diclofenac Sodium 500mg,Diclofenac Sodium,,injection,500mg,100,0,100,20,B12204,30/12/2028,100
Ibuprofen 500mg,Ibuprofen,,injection,500mg,100,0,100,20,B12205,30/12/2028,100
Ibuprofen 500mg,Ibuprofen,,injection,500mg,100,0,100,20,B12206,30/12/2028,100
Naproxen 500mg,Naproxen,,injection,500mg,100,0,100,20,B12207,30/12/2028,100
Piroxicam 500mg,Piroxicam,,injection,500mg,100,0,100,20,B12208,30/12/2028,100
Meloxicam 500mg,Meloxicam,,injection,500mg,100,0,100,20,B12209,30/12/2028,100
Naloxone 500mg,Naloxone,,injection,500mg,100,0,100,20,B12210,30/12/2028,100
Chlorpheniramine 500mg,Chlorpheniramine,,injection,500mg,100,0,100,20,B12211,30/12/2028,100
Hydrocortisone 500mg,Hydrocortisone,,injection,500mg,100,0,100,20,B12212,30/12/2028,100
Prednisolone 500mg,Prednisolone,,injection,500mg,100,0,100,20,B12213,30/12/2028,100
Phenobarbital 500mg,Phenobarbital,,injection,500mg,100,0,100,20,B12214,30/12/2028,100
Phenytoin 500mg,Phenytoin,,injection,500mg,100,0,100,20,B12215,30/12/2028,100
Sodium Valproate 500mg,Sodium Valproate,,injection,500mg,100,0,100,20,B12216,30/12/2028,100
Carbamazepine 500mg,Carbamazepine,,injection,500mg,100,0,100,20,B12217,30/12/2028,100
Amoxicillin 500mg,Amoxicillin,,injection,500mg,100,0,100,20,B12218,30/12/2028,100
Amoxicillin 500mg,Amoxicillin,,injection,500mg,100,0,100,20,B12219,30/12/2028,100
Ampicillin 500mg,Ampicillin,,injection,500mg,100,0,100,20,B12220,30/12/2028,100
Cloxacillin 500mg,Cloxacillin,,injection,500mg,100,0,100,20,B12221,30/12/2028,100
Ceftriaxone 500mg,Ceftriaxone,,injection,500mg,100,0,100,20,B12222,30/12/2028,100
Cefuroxime 500mg,Cefuroxime,,injection,500mg,100,0,100,20,B12223,30/12/2028,100
Azithromycin 500mg,Azithromycin,,injection,500mg,100,0,100,20,B12224,30/12/2028,100
Erythromycin 500mg,Erythromycin,,injection,500mg,100,0,100,20,B12225,30/12/2028,100
Ciprofloxacin 500mg,Ciprofloxacin,,injection,500mg,100,0,100,20,B12226,30/12/2028,100
Metronidazole 500mg,Metronidazole,,injection,500mg,100,0,100,20,B12227,30/12/2028,100
Metronidazole 500mg,Metronidazole,,injection,500mg,100,0,100,20,B12228,30/12/2028,100
Gentamicin 500mg,Gentamicin,,injection,500mg,100,0,100,20,B12229,30/12/2028,100
Doxycycline 500mg,Doxycycline,,injection,500mg,100,0,100,20,B12230,30/12/2028,100
Cotrimoxazole 500mg,Cotrimoxazole,,injection,500mg,100,0,100,20,B12231,30/12/2028,100
Artemether + Lumefantrine 500mg,Artemether + Lumefantrine,,injection,500mg,100,0,100,20,B12232,30/12/2028,100
Artesunate 500mg,Artesunate,,injection,500mg,100,0,100,20,B12233,30/12/2028,100
Amodiaquine 500mg,Amodiaquine,,injection,500mg,100,0,100,20,B12234,30/12/2028,100
Quinine 500mg,Quinine,,injection,500mg,100,0,100,20,B12235,30/12/2028,100
Fluconazole 500mg,Fluconazole,,injection,500mg,100,0,100,20,B12236,30/12/2028,100
Nystatin 500mg,Nystatin,,injection,500mg,100,0,100,20,B12237,30/12/2028,100
Amlodipine 500mg,Amlodipine,,injection,500mg,100,0,100,20,B12238,30/12/2028,100
Amlodipine 500mg,Amlodipine,,injection,500mg,100,0,100,20,B12239,30/12/2028,100
Lisinopril 500mg,Lisinopril,,injection,500mg,100,0,100,20,B12240,30/12/2028,100
Lisinopril 500mg,Lisinopril,,injection,500mg,100,0,100,20,B12241,30/12/2028,100
Atenolol 500mg,Atenolol,,injection,500mg,100,0,100,20,B12242,30/12/2028,100
Propranolol 500mg,Propranolol,,injection,500mg,100,0,100,20,B12243,30/12/2028,100
Methyldopa 500mg,Methyldopa,,injection,500mg,100,0,100,20,B12244,30/12/2028,100
Hydralazine 500mg,Hydralazine,,injection,500mg,100,0,100,20,B12245,30/12/2028,100
Glyceryl Trinitrate 500mg,Glyceryl Trinitrate,,injection,500mg,100,0,100,20,B12246,30/12/2028,100
Isosorbide Dinitrate 500mg,Isosorbide Dinitrate,,injection,500mg,100,0,100,20,B12247,30/12/2028,100
Digoxin 500mg,Digoxin,,injection,500mg,100,0,100,20,B12248,30/12/2028,100
Furosemide 500mg,Furosemide,,injection,500mg,100,0,100,20,B12249,30/12/2028,100
Furosemide 500mg,Furosemide,,injection,500mg,100,0,100,20,B12250,30/12/2028,100
Hydrochlorothiazide 500mg,Hydrochlorothiazide,,injection,500mg,100,0,100,20,B12251,30/12/2028,100
Spironolactone 500mg,Spironolactone,,injection,500mg,100,0,100,20,B12252,30/12/2028,100
Atorvastatin 500mg,Atorvastatin,,injection,500mg,100,0,100,20,B12253,30/12/2028,100
Simvastatin 500mg,Simvastatin,,injection,500mg,100,0,100,20,B12254,30/12/2028,100
Salbutamol 500mg,Salbutamol,,injection,500mg,100,0,100,20,B12255,30/12/2028,100
Salbutamol 500mg,Salbutamol,,injection,500mg,100,0,100,20,B12256,30/12/2028,100
Aminophylline 500mg,Aminophylline,,injection,500mg,100,0,100,20,B12257,30/12/2028,100
Omeprazole 500mg,Omeprazole,,injection,500mg,100,0,100,20,B12258,30/12/2028,100
Cimetidine 500mg,Cimetidine,,injection,500mg,100,0,100,20,B12259,30/12/2028,100
Metoclopramide 500mg,Metoclopramide,,injection,500mg,100,0,100,20,B12260,30/12/2028,100
Zinc Sulfate 500mg,Zinc Sulfate,,injection,500mg,100,0,100,20,B12261,30/12/2028,100
Bisacodyl 500mg,Bisacodyl,,injection,500mg,100,0,100,20,B12262,30/12/2028,100
Metformin 500mg,Metformin,,injection,500mg,100,0,100,20,B12263,30/12/2028,100
Metformin 500mg,Metformin,,injection,500mg,100,0,100,20,B12264,30/12/2028,100
Glibenclamide 500mg,Glibenclamide,,injection,500mg,100,0,100,20,B12265,30/12/2028,100
Glimepiride 500mg,Glimepiride,,injection,500mg,100,0,100,20,B12266,30/12/2028,100
Levothyroxine 500mg,Levothyroxine,,injection,500mg,100,0,100,20,B12267,30/12/2028,100
Carbimazole 500mg,Carbimazole,,injection,500mg,100,0,100,20,B12268,30/12/2028,100
Folic Acid 500mg,Folic Acid,,injection,500mg,100,0,100,20,B12269,30/12/2028,100
Oxytocin 500mg,Oxytocin,,injection,500mg,100,0,100,20,B12270,30/12/2028,100
Misoprostol 500mg,Misoprostol,,injection,500mg,100,0,100,20,B12271,30/12/2028,100
Magnesium Sulfate 500mg,Magnesium Sulfate,,injection,500mg,100,0,100,20,B12272,30/12/2028,100
Amitriptyline 500mg,Amitriptyline,,injection,500mg,100,0,100,20,B12273,30/12/2028,100
Fluoxetine 500mg,Fluoxetine,,injection,500mg,100,0,100,20,B12274,30/12/2028,100
Haloperidol 500mg,Haloperidol,,injection,500mg,100,0,100,20,B12275,30/12/2028,100
Chlorpromazine 500mg,Chlorpromazine,,injection,500mg,100,0,100,20,B12276,30/12/2028,100
Halothane 1g,Halothane,,injection,1g,100,0,100,20,B12277,30/12/2028,100
Ketamine 1g,Ketamine,,injection,1g,100,0,100,20,B12278,30/12/2028,100
Nitrous oxide 1g,Nitrous oxide,,injection,1g,100,0,100,20,B12279,30/12/2028,100
Oxygen 1g,Oxygen,,injection,1g,100,0,100,20,B12280,30/12/2028,100
Atropine 1g,Atropine,,injection,1g,100,0,100,20,B12281,30/12/2028,100
Diazepam 1g,Diazepam,,injection,1g,100,0,100,20,B12282,30/12/2028,100
Hyoscine N-Butylbromide 1g,Hyoscine N-Butylbromide,,injection,1g,100,0,100,20,B12283,30/12/2028,100
Midazolam 1g,Midazolam,,injection,1g,100,0,100,20,B12284,30/12/2028,100
Morphine 1g,Morphine,,injection,1g,100,0,100,20,B12285,30/12/2028,100
Promethazine 1g,Promethazine,,injection,1g,100,0,100,20,B12286,30/12/2028,100
Promethazine 1g,Promethazine,,injection,1g,100,0,100,20,B12287,30/12/2028,100
Atracurium 1g,Atracurium,,injection,1g,100,0,100,20,B12288,30/12/2028,100
Neostigmine 1g,Neostigmine,,injection,1g,100,0,100,20,B12289,30/12/2028,100
Suxamethonium 1g,Suxamethonium,,injection,1g,100,0,100,20,B12290,30/12/2028,100
Propofol 1g,Propofol,,injection,1g,100,0,100,20,B12291,30/12/2028,100
Lidocaine 1g,Lidocaine,,injection,1g,100,0,100,20,B12292,30/12/2028,100
Bupivacaine 1g,Bupivacaine,,injection,1g,100,0,100,20,B12293,30/12/2028,100
Pentazocine 1g,Pentazocine,,injection,1g,100,0,100,20,B12294,30/12/2028,100
Pethidine 1g,Pethidine,,injection,1g,100,0,100,20,B12295,30/12/2028,100
Tramadol 1g,Tramadol,,injection,1g,100,0,100,20,B12296,30/12/2028,100
Acetylsalicylic Acid 1g,Acetylsalicylic Acid,,injection,1g,100,0,100,20,B12297,30/12/2028,100
Paracetamol 1g,Paracetamol,,injection,1g,100,0,100,20,B12298,30/12/2028,100
Paracetamol 1g,Paracetamol,,injection,1g,100,0,100,20,B12299,30/12/2028,100
Paracetamol 1g,Paracetamol,,injection,1g,100,0,100,20,B12300,30/12/2028,100
Allopurinol 1g,Allopurinol,,injection,1g,100,0,100,20,B12301,30/12/2028,100
Diclofenac Sodium 1g,Diclofenac Sodium,,injection,1g,100,0,100,20,B12302,30/12/2028,100
Diclofenac Sodium 1g,Diclofenac Sodium,,injection,1g,100,0,100,20,B12303,30/12/2028,100
Ibuprofen 1g,Ibuprofen,,injection,1g,100,0,100,20,B12304,30/12/2028,100
Ibuprofen 1g,Ibuprofen,,injection,1g,100,0,100,20,B12305,30/12/2028,100
Naproxen 1g,Naproxen,,injection,1g,100,0,100,20,B12306,30/12/2028,100
Piroxicam 1g,Piroxicam,,injection,1g,100,0,100,20,B12307,30/12/2028,100
Meloxicam 1g,Meloxicam,,injection,1g,100,0,100,20,B12308,30/12/2028,100
Naloxone 1g,Naloxone,,injection,1g,100,0,100,20,B12309,30/12/2028,100
Chlorpheniramine 1g,Chlorpheniramine,,injection,1g,100,0,100,20,B12310,30/12/2028,100
Hydrocortisone 1g,Hydrocortisone,,injection,1g,100,0,100,20,B12311,30/12/2028,100
Prednisolone 1g,Prednisolone,,injection,1g,100,0,100,20,B12312,30/12/2028,100
Phenobarbital 1g,Phenobarbital,,injection,1g,100,0,100,20,B12313,30/12/2028,100
Phenytoin 1g,Phenytoin,,injection,1g,100,0,100,20,B12314,30/12/2028,100
Sodium Valproate 1g,Sodium Valproate,,injection,1g,100,0,100,20,B12315,30/12/2028,100
Carbamazepine 1g,Carbamazepine,,injection,1g,100,0,100,20,B12316,30/12/2028,100
Amoxicillin 1g,Amoxicillin,,injection,1g,100,0,100,20,B12317,30/12/2028,100
Amoxicillin 1g,Amoxicillin,,injection,1g,100,0,100,20,B12318,30/12/2028,100
Ampicillin 1g,Ampicillin,,injection,1g,100,0,100,20,B12319,30/12/2028,100
Cloxacillin 1g,Cloxacillin,,injection,1g,100,0,100,20,B12320,30/12/2028,100
Ceftriaxone 1g,Ceftriaxone,,injection,1g,100,0,100,20,B12321,30/12/2028,100
Cefuroxime 1g,Cefuroxime,,injection,1g,100,0,100,20,B12322,30/12/2028,100
Azithromycin 1g,Azithromycin,,injection,1g,100,0,100,20,B12323,30/12/2028,100
Erythromycin 1g,Erythromycin,,injection,1g,100,0,100,20,B12324,30/12/2028,100
Ciprofloxacin 1g,Ciprofloxacin,,injection,1g,100,0,100,20,B12325,30/12/2028,100
Metronidazole 1g,Metronidazole,,injection,1g,100,0,100,20,B12326,30/12/2028,100
Metronidazole 1g,Metronidazole,,injection,1g,100,0,100,20,B12327,30/12/2028,100
Gentamicin 1g,Gentamicin,,injection,1g,100,0,100,20,B12328,30/12/2028,100
Doxycycline 1g,Doxycycline,,injection,1g,100,0,100,20,B12329,30/12/2028,100
Cotrimoxazole 1g,Cotrimoxazole,,injection,1g,100,0,100,20,B12330,30/12/2028,100
Artemether + Lumefantrine 1g,Artemether + Lumefantrine,,injection,1g,100,0,100,20,B12331,30/12/2028,100
Artesunate 1g,Artesunate,,injection,1g,100,0,100,20,B12332,30/12/2028,100
Amodiaquine 1g,Amodiaquine,,injection,1g,100,0,100,20,B12333,30/12/2028,100
Quinine 1g,Quinine,,injection,1g,100,0,100,20,B12334,30/12/2028,100
Fluconazole 1g,Fluconazole,,injection,1g,100,0,100,20,B12335,30/12/2028,100
Nystatin 1g,Nystatin,,injection,1g,100,0,100,20,B12336,30/12/2028,100
Amlodipine 1g,Amlodipine,,injection,1g,100,0,100,20,B12337,30/12/2028,100
Amlodipine 1g,Amlodipine,,injection,1g,100,0,100,20,B12338,30/12/2028,100
Lisinopril 1g,Lisinopril,,injection,1g,100,0,100,20,B12339,30/12/2028,100
Lisinopril 1g,Lisinopril,,injection,1g,100,0,100,20,B12340,30/12/2028,100
Atenolol 1g,Atenolol,,injection,1g,100,0,100,20,B12341,30/12/2028,100
Propranolol 1g,Propranolol,,injection,1g,100,0,100,20,B12342,30/12/2028,100
Methyldopa 1g,Methyldopa,,injection,1g,100,0,100,20,B12343,30/12/2028,100
Hydralazine 1g,Hydralazine,,injection,1g,100,0,100,20,B12344,30/12/2028,100
Glyceryl Trinitrate 1g,Glyceryl Trinitrate,,injection,1g,100,0,100,20,B12345,30/12/2028,100
Isosorbide Dinitrate 1g,Isosorbide Dinitrate,,injection,1g,100,0,100,20,B12346,30/12/2028,100
Digoxin 1g,Digoxin,,injection,1g,100,0,100,20,B12347,30/12/2028,100
Furosemide 1g,Furosemide,,injection,1g,100,0,100,20,B12348,30/12/2028,100
Furosemide 1g,Furosemide,,injection,1g,100,0,100,20,B12349,30/12/2028,100
Hydrochlorothiazide 1g,Hydrochlorothiazide,,injection,1g,100,0,100,20,B12350,30/12/2028,100
Spironolactone 1g,Spironolactone,,injection,1g,100,0,100,20,B12351,30/12/2028,100
Atorvastatin 1g,Atorvastatin,,injection,1g,100,0,100,20,B12352,30/12/2028,100
Simvastatin 1g,Simvastatin,,injection,1g,100,0,100,20,B12353,30/12/2028,100
Salbutamol 1g,Salbutamol,,injection,1g,100,0,100,20,B12354,30/12/2028,100
Salbutamol 1g,Salbutamol,,injection,1g,100,0,100,20,B12355,30/12/2028,100
Aminophylline 1g,Aminophylline,,injection,1g,100,0,100,20,B12356,30/12/2028,100
Omeprazole 1g,Omeprazole,,injection,1g,100,0,100,20,B12357,30/12/2028,100
Cimetidine 1g,Cimetidine,,injection,1g,100,0,100,20,B12358,30/12/2028,100
Metoclopramide 1g,Metoclopramide,,injection,1g,100,0,100,20,B12359,30/12/2028,100
Zinc Sulfate 1g,Zinc Sulfate,,injection,1g,100,0,100,20,B12360,30/12/2028,100
Bisacodyl 1g,Bisacodyl,,injection,1g,100,0,100,20,B12361,30/12/2028,100
Metformin 1g,Metformin,,injection,1g,100,0,100,20,B12362,30/12/2028,100
Metformin 1g,Metformin,,injection,1g,100,0,100,20,B12363,30/12/2028,100
Glibenclamide 1g,Glibenclamide,,injection,1g,100,0,100,20,B12364,30/12/2028,100
Glimepiride 1g,Glimepiride,,injection,1g,100,0,100,20,B12365,30/12/2028,100
Levothyroxine 1g,Levothyroxine,,injection,1g,100,0,100,20,B12366,30/12/2028,100
Carbimazole 1g,Carbimazole,,injection,1g,100,0,100,20,B12367,30/12/2028,100
Folic Acid 1g,Folic Acid,,injection,1g,100,0,100,20,B12368,30/12/2028,100
Oxytocin 1g,Oxytocin,,injection,1g,100,0,100,20,B12369,30/12/2028,100
Misoprostol 1g,Misoprostol,,injection,1g,100,0,100,20,B12370,30/12/2028,100
Magnesium Sulfate 1g,Magnesium Sulfate,,injection,1g,100,0,100,20,B12371,30/12/2028,100
Amitriptyline 1g,Amitriptyline,,injection,1g,100,0,100,20,B12372,30/12/2028,100
Fluoxetine 1g,Fluoxetine,,injection,1g,100,0,100,20,B12373,30/12/2028,100
Haloperidol 1g,Haloperidol,,injection,1g,100,0,100,20,B12374,30/12/2028,100
Chlorpromazine 1g,Chlorpromazine,,injection,1g,100,0,100,20,B12375,30/12/2028,100
Halothane 5mg,Halothane,,syrup,5mg,100,0,100,20,B12376,30/12/2028,100
Ketamine 5mg,Ketamine,,syrup,5mg,100,0,100,20,B12377,30/12/2028,100
Nitrous oxide 5mg,Nitrous oxide,,syrup,5mg,100,0,100,20,B12378,30/12/2028,100
Oxygen 5mg,Oxygen,,syrup,5mg,100,0,100,20,B12379,30/12/2028,100
Atropine 5mg,Atropine,,syrup,5mg,100,0,100,20,B12380,30/12/2028,100
Diazepam 5mg,Diazepam,,syrup,5mg,100,0,100,20,B12381,30/12/2028,100
Hyoscine N-Butylbromide 5mg,Hyoscine N-Butylbromide,,syrup,5mg,100,0,100,20,B12382,30/12/2028,100
Midazolam 5mg,Midazolam,,syrup,5mg,100,0,100,20,B12383,30/12/2028,100
Morphine 5mg,Morphine,,syrup,5mg,100,0,100,20,B12384,30/12/2028,100
Promethazine 5mg,Promethazine,,syrup,5mg,100,0,100,20,B12385,30/12/2028,100
Promethazine 5mg,Promethazine,,syrup,5mg,100,0,100,20,B12386,30/12/2028,100
Atracurium 5mg,Atracurium,,syrup,5mg,100,0,100,20,B12387,30/12/2028,100
Neostigmine 5mg,Neostigmine,,syrup,5mg,100,0,100,20,B12388,30/12/2028,100
Suxamethonium 5mg,Suxamethonium,,syrup,5mg,100,0,100,20,B12389,30/12/2028,100
Propofol 5mg,Propofol,,syrup,5mg,100,0,100,20,B12390,30/12/2028,100
Lidocaine 5mg,Lidocaine,,syrup,5mg,100,0,100,20,B12391,30/12/2028,100
Bupivacaine 5mg,Bupivacaine,,syrup,5mg,100,0,100,20,B12392,30/12/2028,100
Pentazocine 5mg,Pentazocine,,syrup,5mg,100,0,100,20,B12393,30/12/2028,100
Pethidine 5mg,Pethidine,,syrup,5mg,100,0,100,20,B12394,30/12/2028,100
Tramadol 5mg,Tramadol,,syrup,5mg,100,0,100,20,B12395,30/12/2028,100
Acetylsalicylic Acid 5mg,Acetylsalicylic Acid,,syrup,5mg,100,0,100,20,B12396,30/12/2028,100
Paracetamol 5mg,Paracetamol,,syrup,5mg,100,0,100,20,B12397,30/12/2028,100
Paracetamol 5mg,Paracetamol,,syrup,5mg,100,0,100,20,B12398,30/12/2028,100
Paracetamol 5mg,Paracetamol,,syrup,5mg,100,0,100,20,B12399,30/12/2028,100
Allopurinol 5mg,Allopurinol,,syrup,5mg,100,0,100,20,B12400,30/12/2028,100
Diclofenac Sodium 5mg,Diclofenac Sodium,,syrup,5mg,100,0,100,20,B12401,30/12/2028,100
Diclofenac Sodium 5mg,Diclofenac Sodium,,syrup,5mg,100,0,100,20,B12402,30/12/2028,100
Ibuprofen 5mg,Ibuprofen,,syrup,5mg,100,0,100,20,B12403,30/12/2028,100
Ibuprofen 5mg,Ibuprofen,,syrup,5mg,100,0,100,20,B12404,30/12/2028,100
Naproxen 5mg,Naproxen,,syrup,5mg,100,0,100,20,B12405,30/12/2028,100
Piroxicam 5mg,Piroxicam,,syrup,5mg,100,0,100,20,B12406,30/12/2028,100
Meloxicam 5mg,Meloxicam,,syrup,5mg,100,0,100,20,B12407,30/12/2028,100
Naloxone 5mg,Naloxone,,syrup,5mg,100,0,100,20,B12408,30/12/2028,100
Chlorpheniramine 5mg,Chlorpheniramine,,syrup,5mg,100,0,100,20,B12409,30/12/2028,100
Hydrocortisone 5mg,Hydrocortisone,,syrup,5mg,100,0,100,20,B12410,30/12/2028,100
Prednisolone 5mg,Prednisolone,,syrup,5mg,100,0,100,20,B12411,30/12/2028,100
Phenobarbital 5mg,Phenobarbital,,syrup,5mg,100,0,100,20,B12412,30/12/2028,100
Phenytoin 5mg,Phenytoin,,syrup,5mg,100,0,100,20,B12413,30/12/2028,100
Sodium Valproate 5mg,Sodium Valproate,,syrup,5mg,100,0,100,20,B12414,30/12/2028,100
Carbamazepine 5mg,Carbamazepine,,syrup,5mg,100,0,100,20,B12415,30/12/2028,100
Amoxicillin 5mg,Amoxicillin,,syrup,5mg,100,0,100,20,B12416,30/12/2028,100
Amoxicillin 5mg,Amoxicillin,,syrup,5mg,100,0,100,20,B12417,30/12/2028,100
Ampicillin 5mg,Ampicillin,,syrup,5mg,100,0,100,20,B12418,30/12/2028,100
Cloxacillin 5mg,Cloxacillin,,syrup,5mg,100,0,100,20,B12419,30/12/2028,100
Ceftriaxone 5mg,Ceftriaxone,,syrup,5mg,100,0,100,20,B12420,30/12/2028,100
Cefuroxime 5mg,Cefuroxime,,syrup,5mg,100,0,100,20,B12421,30/12/2028,100
Azithromycin 5mg,Azithromycin,,syrup,5mg,100,0,100,20,B12422,30/12/2028,100
Erythromycin 5mg,Erythromycin,,syrup,5mg,100,0,100,20,B12423,30/12/2028,100
Ciprofloxacin 5mg,Ciprofloxacin,,syrup,5mg,100,0,100,20,B12424,30/12/2028,100
Metronidazole 5mg,Metronidazole,,syrup,5mg,100,0,100,20,B12425,30/12/2028,100
Metronidazole 5mg,Metronidazole,,syrup,5mg,100,0,100,20,B12426,30/12/2028,100
Gentamicin 5mg,Gentamicin,,syrup,5mg,100,0,100,20,B12427,30/12/2028,100
Doxycycline 5mg,Doxycycline,,syrup,5mg,100,0,100,20,B12428,30/12/2028,100
Cotrimoxazole 5mg,Cotrimoxazole,,syrup,5mg,100,0,100,20,B12429,30/12/2028,100
Artemether + Lumefantrine 5mg,Artemether + Lumefantrine,,syrup,5mg,100,0,100,20,B12430,30/12/2028,100
Artesunate 5mg,Artesunate,,syrup,5mg,100,0,100,20,B12431,30/12/2028,100
Amodiaquine 5mg,Amodiaquine,,syrup,5mg,100,0,100,20,B12432,30/12/2028,100
Quinine 5mg,Quinine,,syrup,5mg,100,0,100,20,B12433,30/12/2028,100
Fluconazole 5mg,Fluconazole,,syrup,5mg,100,0,100,20,B12434,30/12/2028,100
Nystatin 5mg,Nystatin,,syrup,5mg,100,0,100,20,B12435,30/12/2028,100
Amlodipine 5mg,Amlodipine,,syrup,5mg,100,0,100,20,B12436,30/12/2028,100
Amlodipine 5mg,Amlodipine,,syrup,5mg,100,0,100,20,B12437,30/12/2028,100
Lisinopril 5mg,Lisinopril,,syrup,5mg,100,0,100,20,B12438,30/12/2028,100
Lisinopril 5mg,Lisinopril,,syrup,5mg,100,0,100,20,B12439,30/12/2028,100
Atenolol 5mg,Atenolol,,syrup,5mg,100,0,100,20,B12440,30/12/2028,100
Propranolol 5mg,Propranolol,,syrup,5mg,100,0,100,20,B12441,30/12/2028,100
Methyldopa 5mg,Methyldopa,,syrup,5mg,100,0,100,20,B12442,30/12/2028,100
Hydralazine 5mg,Hydralazine,,syrup,5mg,100,0,100,20,B12443,30/12/2028,100
Glyceryl Trinitrate 5mg,Glyceryl Trinitrate,,syrup,5mg,100,0,100,20,B12444,30/12/2028,100
Isosorbide Dinitrate 5mg,Isosorbide Dinitrate,,syrup,5mg,100,0,100,20,B12445,30/12/2028,100
Digoxin 5mg,Digoxin,,syrup,5mg,100,0,100,20,B12446,30/12/2028,100
Furosemide 5mg,Furosemide,,syrup,5mg,100,0,100,20,B12447,30/12/2028,100
Furosemide 5mg,Furosemide,,syrup,5mg,100,0,100,20,B12448,30/12/2028,100
Hydrochlorothiazide 5mg,Hydrochlorothiazide,,syrup,5mg,100,0,100,20,B12449,30/12/2028,100
Spironolactone 5mg,Spironolactone,,syrup,5mg,100,0,100,20,B12450,30/12/2028,100
Atorvastatin 5mg,Atorvastatin,,syrup,5mg,100,0,100,20,B12451,30/12/2028,100
Simvastatin 5mg,Simvastatin,,syrup,5mg,100,0,100,20,B12452,30/12/2028,100
Salbutamol 5mg,Salbutamol,,syrup,5mg,100,0,100,20,B12453,30/12/2028,100
Salbutamol 5mg,Salbutamol,,syrup,5mg,100,0,100,20,B12454,30/12/2028,100
Aminophylline 5mg,Aminophylline,,syrup,5mg,100,0,100,20,B12455,30/12/2028,100
Omeprazole 5mg,Omeprazole,,syrup,5mg,100,0,100,20,B12456,30/12/2028,100
Cimetidine 5mg,Cimetidine,,syrup,5mg,100,0,100,20,B12457,30/12/2028,100
Metoclopramide 5mg,Metoclopramide,,syrup,5mg,100,0,100,20,B12458,30/12/2028,100
Zinc Sulfate 5mg,Zinc Sulfate,,syrup,5mg,100,0,100,20,B12459,30/12/2028,100
Bisacodyl 5mg,Bisacodyl,,syrup,5mg,100,0,100,20,B12460,30/12/2028,100
Metformin 5mg,Metformin,,syrup,5mg,100,0,100,20,B12461,30/12/2028,100
Metformin 5mg,Metformin,,syrup,5mg,100,0,100,20,B12462,30/12/2028,100
Glibenclamide 5mg,Glibenclamide,,syrup,5mg,100,0,100,20,B12463,30/12/2028,100
Glimepiride 5mg,Glimepiride,,syrup,5mg,100,0,100,20,B12464,30/12/2028,100
Levothyroxine 5mg,Levothyroxine,,syrup,5mg,100,0,100,20,B12465,30/12/2028,100
Carbimazole 5mg,Carbimazole,,syrup,5mg,100,0,100,20,B12466,30/12/2028,100
Folic Acid 5mg,Folic Acid,,syrup,5mg,100,0,100,20,B12467,30/12/2028,100
Oxytocin 5mg,Oxytocin,,syrup,5mg,100,0,100,20,B12468,30/12/2028,100
Misoprostol 5mg,Misoprostol,,syrup,5mg,100,0,100,20,B12469,30/12/2028,100
Magnesium Sulfate 5mg,Magnesium Sulfate,,syrup,5mg,100,0,100,20,B12470,30/12/2028,100
Amitriptyline 5mg,Amitriptyline,,syrup,5mg,100,0,100,20,B12471,30/12/2028,100
Fluoxetine 5mg,Fluoxetine,,syrup,5mg,100,0,100,20,B12472,30/12/2028,100
Haloperidol 5mg,Haloperidol,,syrup,5mg,100,0,100,20,B12473,30/12/2028,100
Chlorpromazine 5mg,Chlorpromazine,,syrup,5mg,100,0,100,20,B12474,30/12/2028,100
Halothane 10mg,Halothane,,syrup,10mg,100,0,100,20,B12475,30/12/2028,100
Ketamine 10mg,Ketamine,,syrup,10mg,100,0,100,20,B12476,30/12/2028,100
Nitrous oxide 10mg,Nitrous oxide,,syrup,10mg,100,0,100,20,B12477,30/12/2028,100
Oxygen 10mg,Oxygen,,syrup,10mg,100,0,100,20,B12478,30/12/2028,100
Atropine 10mg,Atropine,,syrup,10mg,100,0,100,20,B12479,30/12/2028,100
Diazepam 10mg,Diazepam,,syrup,10mg,100,0,100,20,B12480,30/12/2028,100
Hyoscine N-Butylbromide 10mg,Hyoscine N-Butylbromide,,syrup,10mg,100,0,100,20,B12481,30/12/2028,100
Midazolam 10mg,Midazolam,,syrup,10mg,100,0,100,20,B12482,30/12/2028,100
Morphine 10mg,Morphine,,syrup,10mg,100,0,100,20,B12483,30/12/2028,100
Promethazine 10mg,Promethazine,,syrup,10mg,100,0,100,20,B12484,30/12/2028,100
Promethazine 10mg,Promethazine,,syrup,10mg,100,0,100,20,B12485,30/12/2028,100
Atracurium 10mg,Atracurium,,syrup,10mg,100,0,100,20,B12486,30/12/2028,100
Neostigmine 10mg,Neostigmine,,syrup,10mg,100,0,100,20,B12487,30/12/2028,100
Suxamethonium 10mg,Suxamethonium,,syrup,10mg,100,0,100,20,B12488,30/12/2028,100
Propofol 10mg,Propofol,,syrup,10mg,100,0,100,20,B12489,30/12/2028,100
Lidocaine 10mg,Lidocaine,,syrup,10mg,100,0,100,20,B12490,30/12/2028,100
Bupivacaine 10mg,Bupivacaine,,syrup,10mg,100,0,100,20,B12491,30/12/2028,100
Pentazocine 10mg,Pentazocine,,syrup,10mg,100,0,100,20,B12492,30/12/2028,100
Pethidine 10mg,Pethidine,,syrup,10mg,100,0,100,20,B12493,30/12/2028,100
Tramadol 10mg,Tramadol,,syrup,10mg,100,0,100,20,B12494,30/12/2028,100
Acetylsalicylic Acid 10mg,Acetylsalicylic Acid,,syrup,10mg,100,0,100,20,B12495,30/12/2028,100
Paracetamol 10mg,Paracetamol,,syrup,10mg,100,0,100,20,B12496,30/12/2028,100
Paracetamol 10mg,Paracetamol,,syrup,10mg,100,0,100,20,B12497,30/12/2028,100
Paracetamol 10mg,Paracetamol,,syrup,10mg,100,0,100,20,B12498,30/12/2028,100
Allopurinol 10mg,Allopurinol,,syrup,10mg,100,0,100,20,B12499,30/12/2028,100
Diclofenac Sodium 10mg,Diclofenac Sodium,,syrup,10mg,100,0,100,20,B12500,30/12/2028,100
Diclofenac Sodium 10mg,Diclofenac Sodium,,syrup,10mg,100,0,100,20,B12501,30/12/2028,100
Ibuprofen 10mg,Ibuprofen,,syrup,10mg,100,0,100,20,B12502,30/12/2028,100
Ibuprofen 10mg,Ibuprofen,,syrup,10mg,100,0,100,20,B12503,30/12/2028,100
Naproxen 10mg,Naproxen,,syrup,10mg,100,0,100,20,B12504,30/12/2028,100
Piroxicam 10mg,Piroxicam,,syrup,10mg,100,0,100,20,B12505,30/12/2028,100
Meloxicam 10mg,Meloxicam,,syrup,10mg,100,0,100,20,B12506,30/12/2028,100
Naloxone 10mg,Naloxone,,syrup,10mg,100,0,100,20,B12507,30/12/2028,100
Chlorpheniramine 10mg,Chlorpheniramine,,syrup,10mg,100,0,100,20,B12508,30/12/2028,100
Hydrocortisone 10mg,Hydrocortisone,,syrup,10mg,100,0,100,20,B12509,30/12/2028,100
Prednisolone 10mg,Prednisolone,,syrup,10mg,100,0,100,20,B12510,30/12/2028,100
Phenobarbital 10mg,Phenobarbital,,syrup,10mg,100,0,100,20,B12511,30/12/2028,100
Phenytoin 10mg,Phenytoin,,syrup,10mg,100,0,100,20,B12512,30/12/2028,100
Sodium Valproate 10mg,Sodium Valproate,,syrup,10mg,100,0,100,20,B12513,30/12/2028,100
Carbamazepine 10mg,Carbamazepine,,syrup,10mg,100,0,100,20,B12514,30/12/2028,100
Amoxicillin 10mg,Amoxicillin,,syrup,10mg,100,0,100,20,B12515,30/12/2028,100
Amoxicillin 10mg,Amoxicillin,,syrup,10mg,100,0,100,20,B12516,30/12/2028,100
Ampicillin 10mg,Ampicillin,,syrup,10mg,100,0,100,20,B12517,30/12/2028,100
Cloxacillin 10mg,Cloxacillin,,syrup,10mg,100,0,100,20,B12518,30/12/2028,100
Ceftriaxone 10mg,Ceftriaxone,,syrup,10mg,100,0,100,20,B12519,30/12/2028,100
Cefuroxime 10mg,Cefuroxime,,syrup,10mg,100,0,100,20,B12520,30/12/2028,100
Azithromycin 10mg,Azithromycin,,syrup,10mg,100,0,100,20,B12521,30/12/2028,100
Erythromycin 10mg,Erythromycin,,syrup,10mg,100,0,100,20,B12522,30/12/2028,100
Ciprofloxacin 10mg,Ciprofloxacin,,syrup,10mg,100,0,100,20,B12523,30/12/2028,100
Metronidazole 10mg,Metronidazole,,syrup,10mg,100,0,100,20,B12524,30/12/2028,100
Metronidazole 10mg,Metronidazole,,syrup,10mg,100,0,100,20,B12525,30/12/2028,100
Gentamicin 10mg,Gentamicin,,syrup,10mg,100,0,100,20,B12526,30/12/2028,100
Doxycycline 10mg,Doxycycline,,syrup,10mg,100,0,100,20,B12527,30/12/2028,100
Cotrimoxazole 10mg,Cotrimoxazole,,syrup,10mg,100,0,100,20,B12528,30/12/2028,100
Artemether + Lumefantrine 10mg,Artemether + Lumefantrine,,syrup,10mg,100,0,100,20,B12529,30/12/2028,100
Artesunate 10mg,Artesunate,,syrup,10mg,100,0,100,20,B12530,30/12/2028,100
Amodiaquine 10mg,Amodiaquine,,syrup,10mg,100,0,100,20,B12531,30/12/2028,100
Quinine 10mg,Quinine,,syrup,10mg,100,0,100,20,B12532,30/12/2028,100
Fluconazole 10mg,Fluconazole,,syrup,10mg,100,0,100,20,B12533,30/12/2028,100
Nystatin 10mg,Nystatin,,syrup,10mg,100,0,100,20,B12534,30/12/2028,100
Amlodipine 10mg,Amlodipine,,syrup,10mg,100,0,100,20,B12535,30/12/2028,100
Amlodipine 10mg,Amlodipine,,syrup,10mg,100,0,100,20,B12536,30/12/2028,100
Lisinopril 10mg,Lisinopril,,syrup,10mg,100,0,100,20,B12537,30/12/2028,100
Lisinopril 10mg,Lisinopril,,syrup,10mg,100,0,100,20,B12538,30/12/2028,100
Atenolol 10mg,Atenolol,,syrup,10mg,100,0,100,20,B12539,30/12/2028,100
Propranolol 10mg,Propranolol,,syrup,10mg,100,0,100,20,B12540,30/12/2028,100
Methyldopa 10mg,Methyldopa,,syrup,10mg,100,0,100,20,B12541,30/12/2028,100
Hydralazine 10mg,Hydralazine,,syrup,10mg,100,0,100,20,B12542,30/12/2028,100
Glyceryl Trinitrate 10mg,Glyceryl Trinitrate,,syrup,10mg,100,0,100,20,B12543,30/12/2028,100
Isosorbide Dinitrate 10mg,Isosorbide Dinitrate,,syrup,10mg,100,0,100,20,B12544,30/12/2028,100
Digoxin 10mg,Digoxin,,syrup,10mg,100,0,100,20,B12545,30/12/2028,100
Furosemide 10mg,Furosemide,,syrup,10mg,100,0,100,20,B12546,30/12/2028,100
Furosemide 10mg,Furosemide,,syrup,10mg,100,0,100,20,B12547,30/12/2028,100
Hydrochlorothiazide 10mg,Hydrochlorothiazide,,syrup,10mg,100,0,100,20,B12548,30/12/2028,100
Spironolactone 10mg,Spironolactone,,syrup,10mg,100,0,100,20,B12549,30/12/2028,100
Atorvastatin 10mg,Atorvastatin,,syrup,10mg,100,0,100,20,B12550,30/12/2028,100
Simvastatin 10mg,Simvastatin,,syrup,10mg,100,0,100,20,B12551,30/12/2028,100
Salbutamol 10mg,Salbutamol,,syrup,10mg,100,0,100,20,B12552,30/12/2028,100
Salbutamol 10mg,Salbutamol,,syrup,10mg,100,0,100,20,B12553,30/12/2028,100
Aminophylline 10mg,Aminophylline,,syrup,10mg,100,0,100,20,B12554,30/12/2028,100
Omeprazole 10mg,Omeprazole,,syrup,10mg,100,0,100,20,B12555,30/12/2028,100
Cimetidine 10mg,Cimetidine,,syrup,10mg,100,0,100,20,B12556,30/12/2028,100
Metoclopramide 10mg,Metoclopramide,,syrup,10mg,100,0,100,20,B12557,30/12/2028,100
Zinc Sulfate 10mg,Zinc Sulfate,,syrup,10mg,100,0,100,20,B12558,30/12/2028,100
Bisacodyl 10mg,Bisacodyl,,syrup,10mg,100,0,100,20,B12559,30/12/2028,100
Metformin 10mg,Metformin,,syrup,10mg,100,0,100,20,B12560,30/12/2028,100
Metformin 10mg,Metformin,,syrup,10mg,100,0,100,20,B12561,30/12/2028,100
Glibenclamide 10mg,Glibenclamide,,syrup,10mg,100,0,100,20,B12562,30/12/2028,100
Glimepiride 10mg,Glimepiride,,syrup,10mg,100,0,100,20,B12563,30/12/2028,100
Levothyroxine 10mg,Levothyroxine,,syrup,10mg,100,0,100,20,B12564,30/12/2028,100
Carbimazole 10mg,Carbimazole,,syrup,10mg,100,0,100,20,B12565,30/12/2028,100
Folic Acid 10mg,Folic Acid,,syrup,10mg,100,0,100,20,B12566,30/12/2028,100
Oxytocin 10mg,Oxytocin,,syrup,10mg,100,0,100,20,B12567,30/12/2028,100
Misoprostol 10mg,Misoprostol,,syrup,10mg,100,0,100,20,B12568,30/12/2028,100
Magnesium Sulfate 10mg,Magnesium Sulfate,,syrup,10mg,100,0,100,20,B12569,30/12/2028,100
Amitriptyline 10mg,Amitriptyline,,syrup,10mg,100,0,100,20,B12570,30/12/2028,100
Fluoxetine 10mg,Fluoxetine,,syrup,10mg,100,0,100,20,B12571,30/12/2028,100
Haloperidol 10mg,Haloperidol,,syrup,10mg,100,0,100,20,B12572,30/12/2028,100
Chlorpromazine 10mg,Chlorpromazine,,syrup,10mg,100,0,100,20,B12573,30/12/2028,100
Halothane 20mg,Halothane,,syrup,20mg,100,0,100,20,B12574,30/12/2028,100
Ketamine 20mg,Ketamine,,syrup,20mg,100,0,100,20,B12575,30/12/2028,100
Nitrous oxide 20mg,Nitrous oxide,,syrup,20mg,100,0,100,20,B12576,30/12/2028,100
Oxygen 20mg,Oxygen,,syrup,20mg,100,0,100,20,B12577,30/12/2028,100
Atropine 20mg,Atropine,,syrup,20mg,100,0,100,20,B12578,30/12/2028,100
Diazepam 20mg,Diazepam,,syrup,20mg,100,0,100,20,B12579,30/12/2028,100
Hyoscine N-Butylbromide 20mg,Hyoscine N-Butylbromide,,syrup,20mg,100,0,100,20,B12580,30/12/2028,100
Midazolam 20mg,Midazolam,,syrup,20mg,100,0,100,20,B12581,30/12/2028,100
Morphine 20mg,Morphine,,syrup,20mg,100,0,100,20,B12582,30/12/2028,100
Promethazine 20mg,Promethazine,,syrup,20mg,100,0,100,20,B12583,30/12/2028,100
Promethazine 20mg,Promethazine,,syrup,20mg,100,0,100,20,B12584,30/12/2028,100
Atracurium 20mg,Atracurium,,syrup,20mg,100,0,100,20,B12585,30/12/2028,100
Neostigmine 20mg,Neostigmine,,syrup,20mg,100,0,100,20,B12586,30/12/2028,100
Suxamethonium 20mg,Suxamethonium,,syrup,20mg,100,0,100,20,B12587,30/12/2028,100
Propofol 20mg,Propofol,,syrup,20mg,100,0,100,20,B12588,30/12/2028,100
Lidocaine 20mg,Lidocaine,,syrup,20mg,100,0,100,20,B12589,30/12/2028,100
Bupivacaine 20mg,Bupivacaine,,syrup,20mg,100,0,100,20,B12590,30/12/2028,100
Pentazocine 20mg,Pentazocine,,syrup,20mg,100,0,100,20,B12591,30/12/2028,100
Pethidine 20mg,Pethidine,,syrup,20mg,100,0,100,20,B12592,30/12/2028,100
Tramadol 20mg,Tramadol,,syrup,20mg,100,0,100,20,B12593,30/12/2028,100
Acetylsalicylic Acid 20mg,Acetylsalicylic Acid,,syrup,20mg,100,0,100,20,B12594,30/12/2028,100
Paracetamol 20mg,Paracetamol,,syrup,20mg,100,0,100,20,B12595,30/12/2028,100
Paracetamol 20mg,Paracetamol,,syrup,20mg,100,0,100,20,B12596,30/12/2028,100
Paracetamol 20mg,Paracetamol,,syrup,20mg,100,0,100,20,B12597,30/12/2028,100
Allopurinol 20mg,Allopurinol,,syrup,20mg,100,0,100,20,B12598,30/12/2028,100
Diclofenac Sodium 20mg,Diclofenac Sodium,,syrup,20mg,100,0,100,20,B12599,30/12/2028,100
Diclofenac Sodium 20mg,Diclofenac Sodium,,syrup,20mg,100,0,100,20,B12600,30/12/2028,100
Ibuprofen 20mg,Ibuprofen,,syrup,20mg,100,0,100,20,B12601,30/12/2028,100
Ibuprofen 20mg,Ibuprofen,,syrup,20mg,100,0,100,20,B12602,30/12/2028,100
Naproxen 20mg,Naproxen,,syrup,20mg,100,0,100,20,B12603,30/12/2028,100
Piroxicam 20mg,Piroxicam,,syrup,20mg,100,0,100,20,B12604,30/12/2028,100
Meloxicam 20mg,Meloxicam,,syrup,20mg,100,0,100,20,B12605,30/12/2028,100
Naloxone 20mg,Naloxone,,syrup,20mg,100,0,100,20,B12606,30/12/2028,100
Chlorpheniramine 20mg,Chlorpheniramine,,syrup,20mg,100,0,100,20,B12607,30/12/2028,100
Hydrocortisone 20mg,Hydrocortisone,,syrup,20mg,100,0,100,20,B12608,30/12/2028,100
Prednisolone 20mg,Prednisolone,,syrup,20mg,100,0,100,20,B12609,30/12/2028,100
Phenobarbital 20mg,Phenobarbital,,syrup,20mg,100,0,100,20,B12610,30/12/2028,100
Phenytoin 20mg,Phenytoin,,syrup,20mg,100,0,100,20,B12611,30/12/2028,100
Sodium Valproate 20mg,Sodium Valproate,,syrup,20mg,100,0,100,20,B12612,30/12/2028,100
Carbamazepine 20mg,Carbamazepine,,syrup,20mg,100,0,100,20,B12613,30/12/2028,100
Amoxicillin 20mg,Amoxicillin,,syrup,20mg,100,0,100,20,B12614,30/12/2028,100
Amoxicillin 20mg,Amoxicillin,,syrup,20mg,100,0,100,20,B12615,30/12/2028,100
Ampicillin 20mg,Ampicillin,,syrup,20mg,100,0,100,20,B12616,30/12/2028,100
Cloxacillin 20mg,Cloxacillin,,syrup,20mg,100,0,100,20,B12617,30/12/2028,100
Ceftriaxone 20mg,Ceftriaxone,,syrup,20mg,100,0,100,20,B12618,30/12/2028,100
Cefuroxime 20mg,Cefuroxime,,syrup,20mg,100,0,100,20,B12619,30/12/2028,100
Azithromycin 20mg,Azithromycin,,syrup,20mg,100,0,100,20,B12620,30/12/2028,100
Erythromycin 20mg,Erythromycin,,syrup,20mg,100,0,100,20,B12621,30/12/2028,100
Ciprofloxacin 20mg,Ciprofloxacin,,syrup,20mg,100,0,100,20,B12622,30/12/2028,100
Metronidazole 20mg,Metronidazole,,syrup,20mg,100,0,100,20,B12623,30/12/2028,100
Metronidazole 20mg,Metronidazole,,syrup,20mg,100,0,100,20,B12624,30/12/2028,100
Gentamicin 20mg,Gentamicin,,syrup,20mg,100,0,100,20,B12625,30/12/2028,100
Doxycycline 20mg,Doxycycline,,syrup,20mg,100,0,100,20,B12626,30/12/2028,100
Cotrimoxazole 20mg,Cotrimoxazole,,syrup,20mg,100,0,100,20,B12627,30/12/2028,100
Artemether + Lumefantrine 20mg,Artemether + Lumefantrine,,syrup,20mg,100,0,100,20,B12628,30/12/2028,100
Artesunate 20mg,Artesunate,,syrup,20mg,100,0,100,20,B12629,30/12/2028,100
Amodiaquine 20mg,Amodiaquine,,syrup,20mg,100,0,100,20,B12630,30/12/2028,100
Quinine 20mg,Quinine,,syrup,20mg,100,0,100,20,B12631,30/12/2028,100
Fluconazole 20mg,Fluconazole,,syrup,20mg,100,0,100,20,B12632,30/12/2028,100
Nystatin 20mg,Nystatin,,syrup,20mg,100,0,100,20,B12633,30/12/2028,100
Amlodipine 20mg,Amlodipine,,syrup,20mg,100,0,100,20,B12634,30/12/2028,100
Amlodipine 20mg,Amlodipine,,syrup,20mg,100,0,100,20,B12635,30/12/2028,100
Lisinopril 20mg,Lisinopril,,syrup,20mg,100,0,100,20,B12636,30/12/2028,100
Lisinopril 20mg,Lisinopril,,syrup,20mg,100,0,100,20,B12637,30/12/2028,100
Atenolol 20mg,Atenolol,,syrup,20mg,100,0,100,20,B12638,30/12/2028,100
Propranolol 20mg,Propranolol,,syrup,20mg,100,0,100,20,B12639,30/12/2028,100
Methyldopa 20mg,Methyldopa,,syrup,20mg,100,0,100,20,B12640,30/12/2028,100
Hydralazine 20mg,Hydralazine,,syrup,20mg,100,0,100,20,B12641,30/12/2028,100
Glyceryl Trinitrate 20mg,Glyceryl Trinitrate,,syrup,20mg,100,0,100,20,B12642,30/12/2028,100
Isosorbide Dinitrate 20mg,Isosorbide Dinitrate,,syrup,20mg,100,0,100,20,B12643,30/12/2028,100
Digoxin 20mg,Digoxin,,syrup,20mg,100,0,100,20,B12644,30/12/2028,100
Furosemide 20mg,Furosemide,,syrup,20mg,100,0,100,20,B12645,30/12/2028,100
Furosemide 20mg,Furosemide,,syrup,20mg,100,0,100,20,B12646,30/12/2028,100
Hydrochlorothiazide 20mg,Hydrochlorothiazide,,syrup,20mg,100,0,100,20,B12647,30/12/2028,100
Spironolactone 20mg,Spironolactone,,syrup,20mg,100,0,100,20,B12648,30/12/2028,100
Atorvastatin 20mg,Atorvastatin,,syrup,20mg,100,0,100,20,B12649,30/12/2028,100
Simvastatin 20mg,Simvastatin,,syrup,20mg,100,0,100,20,B12650,30/12/2028,100
Salbutamol 20mg,Salbutamol,,syrup,20mg,100,0,100,20,B12651,30/12/2028,100
Salbutamol 20mg,Salbutamol,,syrup,20mg,100,0,100,20,B12652,30/12/2028,100
Aminophylline 20mg,Aminophylline,,syrup,20mg,100,0,100,20,B12653,30/12/2028,100
Omeprazole 20mg,Omeprazole,,syrup,20mg,100,0,100,20,B12654,30/12/2028,100
Cimetidine 20mg,Cimetidine,,syrup,20mg,100,0,100,20,B12655,30/12/2028,100
Metoclopramide 20mg,Metoclopramide,,syrup,20mg,100,0,100,20,B12656,30/12/2028,100
Zinc Sulfate 20mg,Zinc Sulfate,,syrup,20mg,100,0,100,20,B12657,30/12/2028,100
Bisacodyl 20mg,Bisacodyl,,syrup,20mg,100,0,100,20,B12658,30/12/2028,100
Metformin 20mg,Metformin,,syrup,20mg,100,0,100,20,B12659,30/12/2028,100
Metformin 20mg,Metformin,,syrup,20mg,100,0,100,20,B12660,30/12/2028,100
Glibenclamide 20mg,Glibenclamide,,syrup,20mg,100,0,100,20,B12661,30/12/2028,100
Glimepiride 20mg,Glimepiride,,syrup,20mg,100,0,100,20,B12662,30/12/2028,100
Levothyroxine 20mg,Levothyroxine,,syrup,20mg,100,0,100,20,B12663,30/12/2028,100
Carbimazole 20mg,Carbimazole,,syrup,20mg,100,0,100,20,B12664,30/12/2028,100
Folic Acid 20mg,Folic Acid,,syrup,20mg,100,0,100,20,B12665,30/12/2028,100
Oxytocin 20mg,Oxytocin,,syrup,20mg,100,0,100,20,B12666,30/12/2028,100
Misoprostol 20mg,Misoprostol,,syrup,20mg,100,0,100,20,B12667,30/12/2028,100
Magnesium Sulfate 20mg,Magnesium Sulfate,,syrup,20mg,100,0,100,20,B12668,30/12/2028,100
Amitriptyline 20mg,Amitriptyline,,syrup,20mg,100,0,100,20,B12669,30/12/2028,100
Fluoxetine 20mg,Fluoxetine,,syrup,20mg,100,0,100,20,B12670,30/12/2028,100
Haloperidol 20mg,Haloperidol,,syrup,20mg,100,0,100,20,B12671,30/12/2028,100
Chlorpromazine 20mg,Chlorpromazine,,syrup,20mg,100,0,100,20,B12672,30/12/2028,100
Halothane 50mg,Halothane,,syrup,50mg,100,0,100,20,B12673,30/12/2028,100
Ketamine 50mg,Ketamine,,syrup,50mg,100,0,100,20,B12674,30/12/2028,100
Nitrous oxide 50mg,Nitrous oxide,,syrup,50mg,100,0,100,20,B12675,30/12/2028,100
Oxygen 50mg,Oxygen,,syrup,50mg,100,0,100,20,B12676,30/12/2028,100
Atropine 50mg,Atropine,,syrup,50mg,100,0,100,20,B12677,30/12/2028,100
Diazepam 50mg,Diazepam,,syrup,50mg,100,0,100,20,B12678,30/12/2028,100
Hyoscine N-Butylbromide 50mg,Hyoscine N-Butylbromide,,syrup,50mg,100,0,100,20,B12679,30/12/2028,100
Midazolam 50mg,Midazolam,,syrup,50mg,100,0,100,20,B12680,30/12/2028,100
Morphine 50mg,Morphine,,syrup,50mg,100,0,100,20,B12681,30/12/2028,100
Promethazine 50mg,Promethazine,,syrup,50mg,100,0,100,20,B12682,30/12/2028,100
Promethazine 50mg,Promethazine,,syrup,50mg,100,0,100,20,B12683,30/12/2028,100
Atracurium 50mg,Atracurium,,syrup,50mg,100,0,100,20,B12684,30/12/2028,100
Neostigmine 50mg,Neostigmine,,syrup,50mg,100,0,100,20,B12685,30/12/2028,100
Suxamethonium 50mg,Suxamethonium,,syrup,50mg,100,0,100,20,B12686,30/12/2028,100
Propofol 50mg,Propofol,,syrup,50mg,100,0,100,20,B12687,30/12/2028,100
Lidocaine 50mg,Lidocaine,,syrup,50mg,100,0,100,20,B12688,30/12/2028,100
Bupivacaine 50mg,Bupivacaine,,syrup,50mg,100,0,100,20,B12689,30/12/2028,100
Pentazocine 50mg,Pentazocine,,syrup,50mg,100,0,100,20,B12690,30/12/2028,100
Pethidine 50mg,Pethidine,,syrup,50mg,100,0,100,20,B12691,30/12/2028,100
Tramadol 50mg,Tramadol,,syrup,50mg,100,0,100,20,B12692,30/12/2028,100
Acetylsalicylic Acid 50mg,Acetylsalicylic Acid,,syrup,50mg,100,0,100,20,B12693,30/12/2028,100
Paracetamol 50mg,Paracetamol,,syrup,50mg,100,0,100,20,B12694,30/12/2028,100
Paracetamol 50mg,Paracetamol,,syrup,50mg,100,0,100,20,B12695,30/12/2028,100
Paracetamol 50mg,Paracetamol,,syrup,50mg,100,0,100,20,B12696,30/12/2028,100
Allopurinol 50mg,Allopurinol,,syrup,50mg,100,0,100,20,B12697,30/12/2028,100
Diclofenac Sodium 50mg,Diclofenac Sodium,,syrup,50mg,100,0,100,20,B12698,30/12/2028,100
Diclofenac Sodium 50mg,Diclofenac Sodium,,syrup,50mg,100,0,100,20,B12699,30/12/2028,100
Ibuprofen 50mg,Ibuprofen,,syrup,50mg,100,0,100,20,B12700,30/12/2028,100
Ibuprofen 50mg,Ibuprofen,,syrup,50mg,100,0,100,20,B12701,30/12/2028,100
Naproxen 50mg,Naproxen,,syrup,50mg,100,0,100,20,B12702,30/12/2028,100
Piroxicam 50mg,Piroxicam,,syrup,50mg,100,0,100,20,B12703,30/12/2028,100
Meloxicam 50mg,Meloxicam,,syrup,50mg,100,0,100,20,B12704,30/12/2028,100
Naloxone 50mg,Naloxone,,syrup,50mg,100,0,100,20,B12705,30/12/2028,100
Chlorpheniramine 50mg,Chlorpheniramine,,syrup,50mg,100,0,100,20,B12706,30/12/2028,100
Hydrocortisone 50mg,Hydrocortisone,,syrup,50mg,100,0,100,20,B12707,30/12/2028,100
Prednisolone 50mg,Prednisolone,,syrup,50mg,100,0,100,20,B12708,30/12/2028,100
Phenobarbital 50mg,Phenobarbital,,syrup,50mg,100,0,100,20,B12709,30/12/2028,100
Phenytoin 50mg,Phenytoin,,syrup,50mg,100,0,100,20,B12710,30/12/2028,100
Sodium Valproate 50mg,Sodium Valproate,,syrup,50mg,100,0,100,20,B12711,30/12/2028,100
Carbamazepine 50mg,Carbamazepine,,syrup,50mg,100,0,100,20,B12712,30/12/2028,100
Amoxicillin 50mg,Amoxicillin,,syrup,50mg,100,0,100,20,B12713,30/12/2028,100
Amoxicillin 50mg,Amoxicillin,,syrup,50mg,100,0,100,20,B12714,30/12/2028,100
Ampicillin 50mg,Ampicillin,,syrup,50mg,100,0,100,20,B12715,30/12/2028,100
Cloxacillin 50mg,Cloxacillin,,syrup,50mg,100,0,100,20,B12716,30/12/2028,100
Ceftriaxone 50mg,Ceftriaxone,,syrup,50mg,100,0,100,20,B12717,30/12/2028,100
Cefuroxime 50mg,Cefuroxime,,syrup,50mg,100,0,100,20,B12718,30/12/2028,100
Azithromycin 50mg,Azithromycin,,syrup,50mg,100,0,100,20,B12719,30/12/2028,100
Erythromycin 50mg,Erythromycin,,syrup,50mg,100,0,100,20,B12720,30/12/2028,100
Ciprofloxacin 50mg,Ciprofloxacin,,syrup,50mg,100,0,100,20,B12721,30/12/2028,100
Metronidazole 50mg,Metronidazole,,syrup,50mg,100,0,100,20,B12722,30/12/2028,100
Metronidazole 50mg,Metronidazole,,syrup,50mg,100,0,100,20,B12723,30/12/2028,100
Gentamicin 50mg,Gentamicin,,syrup,50mg,100,0,100,20,B12724,30/12/2028,100
Doxycycline 50mg,Doxycycline,,syrup,50mg,100,0,100,20,B12725,30/12/2028,100
Cotrimoxazole 50mg,Cotrimoxazole,,syrup,50mg,100,0,100,20,B12726,30/12/2028,100
Artemether + Lumefantrine 50mg,Artemether + Lumefantrine,,syrup,50mg,100,0,100,20,B12727,30/12/2028,100
Artesunate 50mg,Artesunate,,syrup,50mg,100,0,100,20,B12728,30/12/2028,100
Amodiaquine 50mg,Amodiaquine,,syrup,50mg,100,0,100,20,B12729,30/12/2028,100
Quinine 50mg,Quinine,,syrup,50mg,100,0,100,20,B12730,30/12/2028,100
Fluconazole 50mg,Fluconazole,,syrup,50mg,100,0,100,20,B12731,30/12/2028,100
Nystatin 50mg,Nystatin,,syrup,50mg,100,0,100,20,B12732,30/12/2028,100
Amlodipine 50mg,Amlodipine,,syrup,50mg,100,0,100,20,B12733,30/12/2028,100
Amlodipine 50mg,Amlodipine,,syrup,50mg,100,0,100,20,B12734,30/12/2028,100
Lisinopril 50mg,Lisinopril,,syrup,50mg,100,0,100,20,B12735,30/12/2028,100
Lisinopril 50mg,Lisinopril,,syrup,50mg,100,0,100,20,B12736,30/12/2028,100
Atenolol 50mg,Atenolol,,syrup,50mg,100,0,100,20,B12737,30/12/2028,100
Propranolol 50mg,Propranolol,,syrup,50mg,100,0,100,20,B12738,30/12/2028,100
Methyldopa 50mg,Methyldopa,,syrup,50mg,100,0,100,20,B12739,30/12/2028,100
Hydralazine 50mg,Hydralazine,,syrup,50mg,100,0,100,20,B12740,30/12/2028,100
Glyceryl Trinitrate 50mg,Glyceryl Trinitrate,,syrup,50mg,100,0,100,20,B12741,30/12/2028,100
Isosorbide Dinitrate 50mg,Isosorbide Dinitrate,,syrup,50mg,100,0,100,20,B12742,30/12/2028,100
Digoxin 50mg,Digoxin,,syrup,50mg,100,0,100,20,B12743,30/12/2028,100
Furosemide 50mg,Furosemide,,syrup,50mg,100,0,100,20,B12744,30/12/2028,100
Furosemide 50mg,Furosemide,,syrup,50mg,100,0,100,20,B12745,30/12/2028,100
Hydrochlorothiazide 50mg,Hydrochlorothiazide,,syrup,50mg,100,0,100,20,B12746,30/12/2028,100
Spironolactone 50mg,Spironolactone,,syrup,50mg,100,0,100,20,B12747,30/12/2028,100
Atorvastatin 50mg,Atorvastatin,,syrup,50mg,100,0,100,20,B12748,30/12/2028,100
Simvastatin 50mg,Simvastatin,,syrup,50mg,100,0,100,20,B12749,30/12/2028,100
Salbutamol 50mg,Salbutamol,,syrup,50mg,100,0,100,20,B12750,30/12/2028,100
Salbutamol 50mg,Salbutamol,,syrup,50mg,100,0,100,20,B12751,30/12/2028,100
Aminophylline 50mg,Aminophylline,,syrup,50mg,100,0,100,20,B12752,30/12/2028,100
Omeprazole 50mg,Omeprazole,,syrup,50mg,100,0,100,20,B12753,30/12/2028,100
Cimetidine 50mg,Cimetidine,,syrup,50mg,100,0,100,20,B12754,30/12/2028,100
Metoclopramide 50mg,Metoclopramide,,syrup,50mg,100,0,100,20,B12755,30/12/2028,100
Zinc Sulfate 50mg,Zinc Sulfate,,syrup,50mg,100,0,100,20,B12756,30/12/2028,100
Bisacodyl 50mg,Bisacodyl,,syrup,50mg,100,0,100,20,B12757,30/12/2028,100
Metformin 50mg,Metformin,,syrup,50mg,100,0,100,20,B12758,30/12/2028,100
Metformin 50mg,Metformin,,syrup,50mg,100,0,100,20,B12759,30/12/2028,100
Glibenclamide 50mg,Glibenclamide,,syrup,50mg,100,0,100,20,B12760,30/12/2028,100
Glimepiride 50mg,Glimepiride,,syrup,50mg,100,0,100,20,B12761,30/12/2028,100
Levothyroxine 50mg,Levothyroxine,,syrup,50mg,100,0,100,20,B12762,30/12/2028,100
Carbimazole 50mg,Carbimazole,,syrup,50mg,100,0,100,20,B12763,30/12/2028,100
Folic Acid 50mg,Folic Acid,,syrup,50mg,100,0,100,20,B12764,30/12/2028,100
Oxytocin 50mg,Oxytocin,,syrup,50mg,100,0,100,20,B12765,30/12/2028,100
Misoprostol 50mg,Misoprostol,,syrup,50mg,100,0,100,20,B12766,30/12/2028,100
Magnesium Sulfate 50mg,Magnesium Sulfate,,syrup,50mg,100,0,100,20,B12767,30/12/2028,100
Amitriptyline 50mg,Amitriptyline,,syrup,50mg,100,0,100,20,B12768,30/12/2028,100
Fluoxetine 50mg,Fluoxetine,,syrup,50mg,100,0,100,20,B12769,30/12/2028,100
Haloperidol 50mg,Haloperidol,,syrup,50mg,100,0,100,20,B12770,30/12/2028,100
Chlorpromazine 50mg,Chlorpromazine,,syrup,50mg,100,0,100,20,B12771,30/12/2028,100
Halothane 100mg,Halothane,,syrup,100mg,100,0,100,20,B12772,30/12/2028,100
Ketamine 100mg,Ketamine,,syrup,100mg,100,0,100,20,B12773,30/12/2028,100
Nitrous oxide 100mg,Nitrous oxide,,syrup,100mg,100,0,100,20,B12774,30/12/2028,100
Oxygen 100mg,Oxygen,,syrup,100mg,100,0,100,20,B12775,30/12/2028,100
Atropine 100mg,Atropine,,syrup,100mg,100,0,100,20,B12776,30/12/2028,100
Diazepam 100mg,Diazepam,,syrup,100mg,100,0,100,20,B12777,30/12/2028,100
Hyoscine N-Butylbromide 100mg,Hyoscine N-Butylbromide,,syrup,100mg,100,0,100,20,B12778,30/12/2028,100
Midazolam 100mg,Midazolam,,syrup,100mg,100,0,100,20,B12779,30/12/2028,100
Morphine 100mg,Morphine,,syrup,100mg,100,0,100,20,B12780,30/12/2028,100
Promethazine 100mg,Promethazine,,syrup,100mg,100,0,100,20,B12781,30/12/2028,100
Promethazine 100mg,Promethazine,,syrup,100mg,100,0,100,20,B12782,30/12/2028,100
Atracurium 100mg,Atracurium,,syrup,100mg,100,0,100,20,B12783,30/12/2028,100
Neostigmine 100mg,Neostigmine,,syrup,100mg,100,0,100,20,B12784,30/12/2028,100
Suxamethonium 100mg,Suxamethonium,,syrup,100mg,100,0,100,20,B12785,30/12/2028,100
Propofol 100mg,Propofol,,syrup,100mg,100,0,100,20,B12786,30/12/2028,100
Lidocaine 100mg,Lidocaine,,syrup,100mg,100,0,100,20,B12787,30/12/2028,100
Bupivacaine 100mg,Bupivacaine,,syrup,100mg,100,0,100,20,B12788,30/12/2028,100
Pentazocine 100mg,Pentazocine,,syrup,100mg,100,0,100,20,B12789,30/12/2028,100
Pethidine 100mg,Pethidine,,syrup,100mg,100,0,100,20,B12790,30/12/2028,100
Tramadol 100mg,Tramadol,,syrup,100mg,100,0,100,20,B12791,30/12/2028,100
Acetylsalicylic Acid 100mg,Acetylsalicylic Acid,,syrup,100mg,100,0,100,20,B12792,30/12/2028,100
Paracetamol 100mg,Paracetamol,,syrup,100mg,100,0,100,20,B12793,30/12/2028,100
Paracetamol 100mg,Paracetamol,,syrup,100mg,100,0,100,20,B12794,30/12/2028,100
Paracetamol 100mg,Paracetamol,,syrup,100mg,100,0,100,20,B12795,30/12/2028,100
Allopurinol 100mg,Allopurinol,,syrup,100mg,100,0,100,20,B12796,30/12/2028,100
Diclofenac Sodium 100mg,Diclofenac Sodium,,syrup,100mg,100,0,100,20,B12797,30/12/2028,100
Diclofenac Sodium 100mg,Diclofenac Sodium,,syrup,100mg,100,0,100,20,B12798,30/12/2028,100
Ibuprofen 100mg,Ibuprofen,,syrup,100mg,100,0,100,20,B12799,30/12/2028,100
Ibuprofen 100mg,Ibuprofen,,syrup,100mg,100,0,100,20,B12800,30/12/2028,100
Naproxen 100mg,Naproxen,,syrup,100mg,100,0,100,20,B12801,30/12/2028,100
Piroxicam 100mg,Piroxicam,,syrup,100mg,100,0,100,20,B12802,30/12/2028,100
Meloxicam 100mg,Meloxicam,,syrup,100mg,100,0,100,20,B12803,30/12/2028,100
Naloxone 100mg,Naloxone,,syrup,100mg,100,0,100,20,B12804,30/12/2028,100
Chlorpheniramine 100mg,Chlorpheniramine,,syrup,100mg,100,0,100,20,B12805,30/12/2028,100
Hydrocortisone 100mg,Hydrocortisone,,syrup,100mg,100,0,100,20,B12806,30/12/2028,100
Prednisolone 100mg,Prednisolone,,syrup,100mg,100,0,100,20,B12807,30/12/2028,100
Phenobarbital 100mg,Phenobarbital,,syrup,100mg,100,0,100,20,B12808,30/12/2028,100
Phenytoin 100mg,Phenytoin,,syrup,100mg,100,0,100,20,B12809,30/12/2028,100
Sodium Valproate 100mg,Sodium Valproate,,syrup,100mg,100,0,100,20,B12810,30/12/2028,100
Carbamazepine 100mg,Carbamazepine,,syrup,100mg,100,0,100,20,B12811,30/12/2028,100
Amoxicillin 100mg,Amoxicillin,,syrup,100mg,100,0,100,20,B12812,30/12/2028,100
Amoxicillin 100mg,Amoxicillin,,syrup,100mg,100,0,100,20,B12813,30/12/2028,100
Ampicillin 100mg,Ampicillin,,syrup,100mg,100,0,100,20,B12814,30/12/2028,100
Cloxacillin 100mg,Cloxacillin,,syrup,100mg,100,0,100,20,B12815,30/12/2028,100
Ceftriaxone 100mg,Ceftriaxone,,syrup,100mg,100,0,100,20,B12816,30/12/2028,100
Cefuroxime 100mg,Cefuroxime,,syrup,100mg,100,0,100,20,B12817,30/12/2028,100
Azithromycin 100mg,Azithromycin,,syrup,100mg,100,0,100,20,B12818,30/12/2028,100
Erythromycin 100mg,Erythromycin,,syrup,100mg,100,0,100,20,B12819,30/12/2028,100
Ciprofloxacin 100mg,Ciprofloxacin,,syrup,100mg,100,0,100,20,B12820,30/12/2028,100
Metronidazole 100mg,Metronidazole,,syrup,100mg,100,0,100,20,B12821,30/12/2028,100
Metronidazole 100mg,Metronidazole,,syrup,100mg,100,0,100,20,B12822,30/12/2028,100
Gentamicin 100mg,Gentamicin,,syrup,100mg,100,0,100,20,B12823,30/12/2028,100
Doxycycline 100mg,Doxycycline,,syrup,100mg,100,0,100,20,B12824,30/12/2028,100
Cotrimoxazole 100mg,Cotrimoxazole,,syrup,100mg,100,0,100,20,B12825,30/12/2028,100
Artemether + Lumefantrine 100mg,Artemether + Lumefantrine,,syrup,100mg,100,0,100,20,B12826,30/12/2028,100
Artesunate 100mg,Artesunate,,syrup,100mg,100,0,100,20,B12827,30/12/2028,100
Amodiaquine 100mg,Amodiaquine,,syrup,100mg,100,0,100,20,B12828,30/12/2028,100
Quinine 100mg,Quinine,,syrup,100mg,100,0,100,20,B12829,30/12/2028,100
Fluconazole 100mg,Fluconazole,,syrup,100mg,100,0,100,20,B12830,30/12/2028,100
Nystatin 100mg,Nystatin,,syrup,100mg,100,0,100,20,B12831,30/12/2028,100
Amlodipine 100mg,Amlodipine,,syrup,100mg,100,0,100,20,B12832,30/12/2028,100
Amlodipine 100mg,Amlodipine,,syrup,100mg,100,0,100,20,B12833,30/12/2028,100
Lisinopril 100mg,Lisinopril,,syrup,100mg,100,0,100,20,B12834,30/12/2028,100
Lisinopril 100mg,Lisinopril,,syrup,100mg,100,0,100,20,B12835,30/12/2028,100
Atenolol 100mg,Atenolol,,syrup,100mg,100,0,100,20,B12836,30/12/2028,100
Propranolol 100mg,Propranolol,,syrup,100mg,100,0,100,20,B12837,30/12/2028,100
Methyldopa 100mg,Methyldopa,,syrup,100mg,100,0,100,20,B12838,30/12/2028,100
Hydralazine 100mg,Hydralazine,,syrup,100mg,100,0,100,20,B12839,30/12/2028,100
Glyceryl Trinitrate 100mg,Glyceryl Trinitrate,,syrup,100mg,100,0,100,20,B12840,30/12/2028,100
Isosorbide Dinitrate 100mg,Isosorbide Dinitrate,,syrup,100mg,100,0,100,20,B12841,30/12/2028,100
Digoxin 100mg,Digoxin,,syrup,100mg,100,0,100,20,B12842,30/12/2028,100
Furosemide 100mg,Furosemide,,syrup,100mg,100,0,100,20,B12843,30/12/2028,100
Furosemide 100mg,Furosemide,,syrup,100mg,100,0,100,20,B12844,30/12/2028,100
Hydrochlorothiazide 100mg,Hydrochlorothiazide,,syrup,100mg,100,0,100,20,B12845,30/12/2028,100
Spironolactone 100mg,Spironolactone,,syrup,100mg,100,0,100,20,B12846,30/12/2028,100
Atorvastatin 100mg,Atorvastatin,,syrup,100mg,100,0,100,20,B12847,30/12/2028,100
Simvastatin 100mg,Simvastatin,,syrup,100mg,100,0,100,20,B12848,30/12/2028,100
Salbutamol 100mg,Salbutamol,,syrup,100mg,100,0,100,20,B12849,30/12/2028,100
Salbutamol 100mg,Salbutamol,,syrup,100mg,100,0,100,20,B12850,30/12/2028,100
Aminophylline 100mg,Aminophylline,,syrup,100mg,100,0,100,20,B12851,30/12/2028,100
Omeprazole 100mg,Omeprazole,,syrup,100mg,100,0,100,20,B12852,30/12/2028,100
Cimetidine 100mg,Cimetidine,,syrup,100mg,100,0,100,20,B12853,30/12/2028,100
Metoclopramide 100mg,Metoclopramide,,syrup,100mg,100,0,100,20,B12854,30/12/2028,100
Zinc Sulfate 100mg,Zinc Sulfate,,syrup,100mg,100,0,100,20,B12855,30/12/2028,100
Bisacodyl 100mg,Bisacodyl,,syrup,100mg,100,0,100,20,B12856,30/12/2028,100
Metformin 100mg,Metformin,,syrup,100mg,100,0,100,20,B12857,30/12/2028,100
Metformin 100mg,Metformin,,syrup,100mg,100,0,100,20,B12858,30/12/2028,100
Glibenclamide 100mg,Glibenclamide,,syrup,100mg,100,0,100,20,B12859,30/12/2028,100
Glimepiride 100mg,Glimepiride,,syrup,100mg,100,0,100,20,B12860,30/12/2028,100
Levothyroxine 100mg,Levothyroxine,,syrup,100mg,100,0,100,20,B12861,30/12/2028,100
Carbimazole 100mg,Carbimazole,,syrup,100mg,100,0,100,20,B12862,30/12/2028,100
Folic Acid 100mg,Folic Acid,,syrup,100mg,100,0,100,20,B12863,30/12/2028,100
Oxytocin 100mg,Oxytocin,,syrup,100mg,100,0,100,20,B12864,30/12/2028,100
Misoprostol 100mg,Misoprostol,,syrup,100mg,100,0,100,20,B12865,30/12/2028,100
Magnesium Sulfate 100mg,Magnesium Sulfate,,syrup,100mg,100,0,100,20,B12866,30/12/2028,100
Amitriptyline 100mg,Amitriptyline,,syrup,100mg,100,0,100,20,B12867,30/12/2028,100
Fluoxetine 100mg,Fluoxetine,,syrup,100mg,100,0,100,20,B12868,30/12/2028,100
Haloperidol 100mg,Haloperidol,,syrup,100mg,100,0,100,20,B12869,30/12/2028,100
Chlorpromazine 100mg,Chlorpromazine,,syrup,100mg,100,0,100,20,B12870,30/12/2028,100
Halothane 250mg,Halothane,,syrup,250mg,100,0,100,20,B12871,30/12/2028,100
Ketamine 250mg,Ketamine,,syrup,250mg,100,0,100,20,B12872,30/12/2028,100
Nitrous oxide 250mg,Nitrous oxide,,syrup,250mg,100,0,100,20,B12873,30/12/2028,100
Oxygen 250mg,Oxygen,,syrup,250mg,100,0,100,20,B12874,30/12/2028,100
Atropine 250mg,Atropine,,syrup,250mg,100,0,100,20,B12875,30/12/2028,100
Diazepam 250mg,Diazepam,,syrup,250mg,100,0,100,20,B12876,30/12/2028,100
Hyoscine N-Butylbromide 250mg,Hyoscine N-Butylbromide,,syrup,250mg,100,0,100,20,B12877,30/12/2028,100
Midazolam 250mg,Midazolam,,syrup,250mg,100,0,100,20,B12878,30/12/2028,100
Morphine 250mg,Morphine,,syrup,250mg,100,0,100,20,B12879,30/12/2028,100
Promethazine 250mg,Promethazine,,syrup,250mg,100,0,100,20,B12880,30/12/2028,100
Promethazine 250mg,Promethazine,,syrup,250mg,100,0,100,20,B12881,30/12/2028,100
Atracurium 250mg,Atracurium,,syrup,250mg,100,0,100,20,B12882,30/12/2028,100
Neostigmine 250mg,Neostigmine,,syrup,250mg,100,0,100,20,B12883,30/12/2028,100
Suxamethonium 250mg,Suxamethonium,,syrup,250mg,100,0,100,20,B12884,30/12/2028,100
Propofol 250mg,Propofol,,syrup,250mg,100,0,100,20,B12885,30/12/2028,100
Lidocaine 250mg,Lidocaine,,syrup,250mg,100,0,100,20,B12886,30/12/2028,100
Bupivacaine 250mg,Bupivacaine,,syrup,250mg,100,0,100,20,B12887,30/12/2028,100
Pentazocine 250mg,Pentazocine,,syrup,250mg,100,0,100,20,B12888,30/12/2028,100
Pethidine 250mg,Pethidine,,syrup,250mg,100,0,100,20,B12889,30/12/2028,100
Tramadol 250mg,Tramadol,,syrup,250mg,100,0,100,20,B12890,30/12/2028,100
Acetylsalicylic Acid 250mg,Acetylsalicylic Acid,,syrup,250mg,100,0,100,20,B12891,30/12/2028,100
Paracetamol 250mg,Paracetamol,,syrup,250mg,100,0,100,20,B12892,30/12/2028,100
Paracetamol 250mg,Paracetamol,,syrup,250mg,100,0,100,20,B12893,30/12/2028,100
Paracetamol 250mg,Paracetamol,,syrup,250mg,100,0,100,20,B12894,30/12/2028,100
Allopurinol 250mg,Allopurinol,,syrup,250mg,100,0,100,20,B12895,30/12/2028,100
Diclofenac Sodium 250mg,Diclofenac Sodium,,syrup,250mg,100,0,100,20,B12896,30/12/2028,100
Diclofenac Sodium 250mg,Diclofenac Sodium,,syrup,250mg,100,0,100,20,B12897,30/12/2028,100
Ibuprofen 250mg,Ibuprofen,,syrup,250mg,100,0,100,20,B12898,30/12/2028,100
Ibuprofen 250mg,Ibuprofen,,syrup,250mg,100,0,100,20,B12899,30/12/2028,100
Naproxen 250mg,Naproxen,,syrup,250mg,100,0,100,20,B12900,30/12/2028,100
Piroxicam 250mg,Piroxicam,,syrup,250mg,100,0,100,20,B12901,30/12/2028,100
Meloxicam 250mg,Meloxicam,,syrup,250mg,100,0,100,20,B12902,30/12/2028,100
Naloxone 250mg,Naloxone,,syrup,250mg,100,0,100,20,B12903,30/12/2028,100
Chlorpheniramine 250mg,Chlorpheniramine,,syrup,250mg,100,0,100,20,B12904,30/12/2028,100
Hydrocortisone 250mg,Hydrocortisone,,syrup,250mg,100,0,100,20,B12905,30/12/2028,100
Prednisolone 250mg,Prednisolone,,syrup,250mg,100,0,100,20,B12906,30/12/2028,100
Phenobarbital 250mg,Phenobarbital,,syrup,250mg,100,0,100,20,B12907,30/12/2028,100
Phenytoin 250mg,Phenytoin,,syrup,250mg,100,0,100,20,B12908,30/12/2028,100
Sodium Valproate 250mg,Sodium Valproate,,syrup,250mg,100,0,100,20,B12909,30/12/2028,100
Carbamazepine 250mg,Carbamazepine,,syrup,250mg,100,0,100,20,B12910,30/12/2028,100
Amoxicillin 250mg,Amoxicillin,,syrup,250mg,100,0,100,20,B12911,30/12/2028,100
Amoxicillin 250mg,Amoxicillin,,syrup,250mg,100,0,100,20,B12912,30/12/2028,100
Ampicillin 250mg,Ampicillin,,syrup,250mg,100,0,100,20,B12913,30/12/2028,100
Cloxacillin 250mg,Cloxacillin,,syrup,250mg,100,0,100,20,B12914,30/12/2028,100
Ceftriaxone 250mg,Ceftriaxone,,syrup,250mg,100,0,100,20,B12915,30/12/2028,100
Cefuroxime 250mg,Cefuroxime,,syrup,250mg,100,0,100,20,B12916,30/12/2028,100
Azithromycin 250mg,Azithromycin,,syrup,250mg,100,0,100,20,B12917,30/12/2028,100
Erythromycin 250mg,Erythromycin,,syrup,250mg,100,0,100,20,B12918,30/12/2028,100
Ciprofloxacin 250mg,Ciprofloxacin,,syrup,250mg,100,0,100,20,B12919,30/12/2028,100
Metronidazole 250mg,Metronidazole,,syrup,250mg,100,0,100,20,B12920,30/12/2028,100
Metronidazole 250mg,Metronidazole,,syrup,250mg,100,0,100,20,B12921,30/12/2028,100
Gentamicin 250mg,Gentamicin,,syrup,250mg,100,0,100,20,B12922,30/12/2028,100
Doxycycline 250mg,Doxycycline,,syrup,250mg,100,0,100,20,B12923,30/12/2028,100
Cotrimoxazole 250mg,Cotrimoxazole,,syrup,250mg,100,0,100,20,B12924,30/12/2028,100
Artemether + Lumefantrine 250mg,Artemether + Lumefantrine,,syrup,250mg,100,0,100,20,B12925,30/12/2028,100
Artesunate 250mg,Artesunate,,syrup,250mg,100,0,100,20,B12926,30/12/2028,100
Amodiaquine 250mg,Amodiaquine,,syrup,250mg,100,0,100,20,B12927,30/12/2028,100
Quinine 250mg,Quinine,,syrup,250mg,100,0,100,20,B12928,30/12/2028,100
Fluconazole 250mg,Fluconazole,,syrup,250mg,100,0,100,20,B12929,30/12/2028,100
Nystatin 250mg,Nystatin,,syrup,250mg,100,0,100,20,B12930,30/12/2028,100
Amlodipine 250mg,Amlodipine,,syrup,250mg,100,0,100,20,B12931,30/12/2028,100
Amlodipine 250mg,Amlodipine,,syrup,250mg,100,0,100,20,B12932,30/12/2028,100
Lisinopril 250mg,Lisinopril,,syrup,250mg,100,0,100,20,B12933,30/12/2028,100
Lisinopril 250mg,Lisinopril,,syrup,250mg,100,0,100,20,B12934,30/12/2028,100
Atenolol 250mg,Atenolol,,syrup,250mg,100,0,100,20,B12935,30/12/2028,100
Propranolol 250mg,Propranolol,,syrup,250mg,100,0,100,20,B12936,30/12/2028,100
Methyldopa 250mg,Methyldopa,,syrup,250mg,100,0,100,20,B12937,30/12/2028,100
Hydralazine 250mg,Hydralazine,,syrup,250mg,100,0,100,20,B12938,30/12/2028,100
Glyceryl Trinitrate 250mg,Glyceryl Trinitrate,,syrup,250mg,100,0,100,20,B12939,30/12/2028,100
Isosorbide Dinitrate 250mg,Isosorbide Dinitrate,,syrup,250mg,100,0,100,20,B12940,30/12/2028,100
Digoxin 250mg,Digoxin,,syrup,250mg,100,0,100,20,B12941,30/12/2028,100
Furosemide 250mg,Furosemide,,syrup,250mg,100,0,100,20,B12942,30/12/2028,100
Furosemide 250mg,Furosemide,,syrup,250mg,100,0,100,20,B12943,30/12/2028,100
Hydrochlorothiazide 250mg,Hydrochlorothiazide,,syrup,250mg,100,0,100,20,B12944,30/12/2028,100
Spironolactone 250mg,Spironolactone,,syrup,250mg,100,0,100,20,B12945,30/12/2028,100
Atorvastatin 250mg,Atorvastatin,,syrup,250mg,100,0,100,20,B12946,30/12/2028,100
Simvastatin 250mg,Simvastatin,,syrup,250mg,100,0,100,20,B12947,30/12/2028,100
Salbutamol 250mg,Salbutamol,,syrup,250mg,100,0,100,20,B12948,30/12/2028,100
Salbutamol 250mg,Salbutamol,,syrup,250mg,100,0,100,20,B12949,30/12/2028,100
Aminophylline 250mg,Aminophylline,,syrup,250mg,100,0,100,20,B12950,30/12/2028,100
Omeprazole 250mg,Omeprazole,,syrup,250mg,100,0,100,20,B12951,30/12/2028,100
Cimetidine 250mg,Cimetidine,,syrup,250mg,100,0,100,20,B12952,30/12/2028,100
Metoclopramide 250mg,Metoclopramide,,syrup,250mg,100,0,100,20,B12953,30/12/2028,100
Zinc Sulfate 250mg,Zinc Sulfate,,syrup,250mg,100,0,100,20,B12954,30/12/2028,100
Bisacodyl 250mg,Bisacodyl,,syrup,250mg,100,0,100,20,B12955,30/12/2028,100
Metformin 250mg,Metformin,,syrup,250mg,100,0,100,20,B12956,30/12/2028,100
Metformin 250mg,Metformin,,syrup,250mg,100,0,100,20,B12957,30/12/2028,100
Glibenclamide 250mg,Glibenclamide,,syrup,250mg,100,0,100,20,B12958,30/12/2028,100
Glimepiride 250mg,Glimepiride,,syrup,250mg,100,0,100,20,B12959,30/12/2028,100
Levothyroxine 250mg,Levothyroxine,,syrup,250mg,100,0,100,20,B12960,30/12/2028,100
Carbimazole 250mg,Carbimazole,,syrup,250mg,100,0,100,20,B12961,30/12/2028,100
Folic Acid 250mg,Folic Acid,,syrup,250mg,100,0,100,20,B12962,30/12/2028,100
Oxytocin 250mg,Oxytocin,,syrup,250mg,100,0,100,20,B12963,30/12/2028,100
Misoprostol 250mg,Misoprostol,,syrup,250mg,100,0,100,20,B12964,30/12/2028,100
Magnesium Sulfate 250mg,Magnesium Sulfate,,syrup,250mg,100,0,100,20,B12965,30/12/2028,100
Amitriptyline 250mg,Amitriptyline,,syrup,250mg,100,0,100,20,B12966,30/12/2028,100
Fluoxetine 250mg,Fluoxetine,,syrup,250mg,100,0,100,20,B12967,30/12/2028,100
Haloperidol 250mg,Haloperidol,,syrup,250mg,100,0,100,20,B12968,30/12/2028,100
Chlorpromazine 250mg,Chlorpromazine,,syrup,250mg,100,0,100,20,B12969,30/12/2028,100
Halothane 500mg,Halothane,,syrup,500mg,100,0,100,20,B12970,30/12/2028,100
Ketamine 500mg,Ketamine,,syrup,500mg,100,0,100,20,B12971,30/12/2028,100
Nitrous oxide 500mg,Nitrous oxide,,syrup,500mg,100,0,100,20,B12972,30/12/2028,100
Oxygen 500mg,Oxygen,,syrup,500mg,100,0,100,20,B12973,30/12/2028,100
Atropine 500mg,Atropine,,syrup,500mg,100,0,100,20,B12974,30/12/2028,100
Diazepam 500mg,Diazepam,,syrup,500mg,100,0,100,20,B12975,30/12/2028,100
Hyoscine N-Butylbromide 500mg,Hyoscine N-Butylbromide,,syrup,500mg,100,0,100,20,B12976,30/12/2028,100
Midazolam 500mg,Midazolam,,syrup,500mg,100,0,100,20,B12977,30/12/2028,100
Morphine 500mg,Morphine,,syrup,500mg,100,0,100,20,B12978,30/12/2028,100
Promethazine 500mg,Promethazine,,syrup,500mg,100,0,100,20,B12979,30/12/2028,100
Promethazine 500mg,Promethazine,,syrup,500mg,100,0,100,20,B12980,30/12/2028,100
Atracurium 500mg,Atracurium,,syrup,500mg,100,0,100,20,B12981,30/12/2028,100
Neostigmine 500mg,Neostigmine,,syrup,500mg,100,0,100,20,B12982,30/12/2028,100
Suxamethonium 500mg,Suxamethonium,,syrup,500mg,100,0,100,20,B12983,30/12/2028,100
Propofol 500mg,Propofol,,syrup,500mg,100,0,100,20,B12984,30/12/2028,100
Lidocaine 500mg,Lidocaine,,syrup,500mg,100,0,100,20,B12985,30/12/2028,100
Bupivacaine 500mg,Bupivacaine,,syrup,500mg,100,0,100,20,B12986,30/12/2028,100
Pentazocine 500mg,Pentazocine,,syrup,500mg,100,0,100,20,B12987,30/12/2028,100
Pethidine 500mg,Pethidine,,syrup,500mg,100,0,100,20,B12988,30/12/2028,100
Tramadol 500mg,Tramadol,,syrup,500mg,100,0,100,20,B12989,30/12/2028,100
Acetylsalicylic Acid 500mg,Acetylsalicylic Acid,,syrup,500mg,100,0,100,20,B12990,30/12/2028,100
Paracetamol 500mg,Paracetamol,,syrup,500mg,100,0,100,20,B12991,30/12/2028,100
Paracetamol 500mg,Paracetamol,,syrup,500mg,100,0,100,20,B12992,30/12/2028,100
Paracetamol 500mg,Paracetamol,,syrup,500mg,100,0,100,20,B12993,30/12/2028,100
Allopurinol 500mg,Allopurinol,,syrup,500mg,100,0,100,20,B12994,30/12/2028,100
Diclofenac Sodium 500mg,Diclofenac Sodium,,syrup,500mg,100,0,100,20,B12995,30/12/2028,100
Diclofenac Sodium 500mg,Diclofenac Sodium,,syrup,500mg,100,0,100,20,B12996,30/12/2028,100
Ibuprofen 500mg,Ibuprofen,,syrup,500mg,100,0,100,20,B12997,30/12/2028,100
Ibuprofen 500mg,Ibuprofen,,syrup,500mg,100,0,100,20,B12998,30/12/2028,100
Naproxen 500mg,Naproxen,,syrup,500mg,100,0,100,20,B12999,30/12/2028,100
