name,slug,sku,genericName,brand,description,form,strength,packSize,categoryIds,regulatoryClass,nafdacRegNo,manufacturer,status,price,cost,compareAt,isAvailable,openingQuantity,reorderLevel,batchNo,expiry,reason
Halothane 250-mL bottle,halothane-250-ml-bottle-inhaler,,Halothane,,,inhaler,250-mL bottle,,,POM,,,draft,0,,,true,100,20,B10000,2028-12-30,Bulk import: inventory_3000
Ketamine 50mg/ml in 10ml,ketamine-50mg-ml-in-10ml-injection,,Ketamine,,,injection,50mg/ml in 10ml,,,POM,,,draft,0,,,true,100,20,B10001,2028-12-30,Bulk import: inventory_3000
Nitrous oxide Medical gas,nitrous-oxide-medical-gas-inhaler,,Nitrous oxide,,,inhaler,Medical gas,,,POM,,,draft,0,,,true,100,20,B10002,2028-12-30,Bulk import: inventory_3000
Oxygen Medical gas,oxygen-medical-gas-inhaler,,Oxygen,,,inhaler,Medical gas,,,POM,,,draft,0,,,true,100,20,B10003,2028-12-30,Bulk import: inventory_3000
Atropine 1mg/1ml,atropine-1mg-1ml-injection,,Atropine,,,injection,1mg/1ml,,,POM,,,draft,0,,,true,100,20,B10004,2028-12-30,Bulk import: inventory_3000
Diazepam 5mg/ml in 2ml,diazepam-5mg-ml-in-2ml-injection,,Diazepam,,,injection,5mg/ml in 2ml,,,POM,,,draft,0,,,true,100,20,B10005,2028-12-30,Bulk import: inventory_3000
Hyoscine N-Butylbromide 20mg/ml,hyoscine-n-butylbromide-20mg-ml-injection,,Hyoscine N-Butylbromide,,,injection,20mg/ml,,,POM,,,draft,0,,,true,100,20,B10006,2028-12-30,Bulk import: inventory_3000
Midazolam 15mg/3ml,midazolam-15mg-3ml-injection,,Midazolam,,,injection,15mg/3ml,,,POM,,,draft,0,,,true,100,20,B10007,2028-12-30,Bulk import: inventory_3000
Morphine 10mg/ml,morphine-10mg-ml-injection,,Morphine,,,injection,10mg/ml,,,POM,,,draft,0,,,true,100,20,B10008,2028-12-30,Bulk import: inventory_3000
Promethazine 25mg,promethazine-25mg-tablet,,Promethazine,,,tablet,25mg,,,POM,,,draft,0,,,true,100,20,B10009,2028-12-30,Bulk import: inventory_3000
Promethazine 5mg/5ml,promethazine-5mg-5ml-syrup,,Promethazine,,,syrup,5mg/5ml,,,POM,,,draft,0,,,true,100,20,B10010,2028-12-30,Bulk import: inventory_3000
Atracurium 10mg/ml,atracurium-10mg-ml-injection,,Atracurium,,,injection,10mg/ml,,,POM,,,draft,0,,,true,100,20,B10011,2028-12-30,Bulk import: inventory_3000
Neostigmine 2.5mg/ml,neostigmine-2-5mg-ml-injection,,Neostigmine,,,injection,2.5mg/ml,,,POM,,,draft,0,,,true,100,20,B10012,2028-12-30,Bulk import: inventory_3000
Suxamethonium 50mg/ml,suxamethonium-50mg-ml-injection,,Suxamethonium,,,injection,50mg/ml,,,POM,,,draft,0,,,true,100,20,B10013,2028-12-30,Bulk import: inventory_3000
Propofol 10mg/ml,propofol-10mg-ml-injection,,Propofol,,,injection,10mg/ml,,,POM,,,draft,0,,,true,100,20,B10014,2028-12-30,Bulk import: inventory_3000
Lidocaine 2%,lidocaine-2-injection,,Lidocaine,,,injection,2%,,,POM,,,draft,0,,,true,100,20,B10015,2028-12-30,Bulk import: inventory_3000
Bupivacaine 0.5%,bupivacaine-0-5-injection,,Bupivacaine,,,injection,0.5%,,,POM,,,draft,0,,,true,100,20,B10016,2028-12-30,Bulk import: inventory_3000
Pentazocine 30mg/ml,pentazocine-30mg-ml-injection,,Pentazocine,,,injection,30mg/ml,,,POM,,,draft,0,,,true,100,20,B10017,2028-12-30,Bulk import: inventory_3000
Pethidine 50mg/ml,pethidine-50mg-ml-injection,,Pethidine,,,injection,50mg/ml,,,POM,,,draft,0,,,true,100,20,B10018,2028-12-30,Bulk import: inventory_3000
Tramadol 50mg,tramadol-50mg-capsule,,Tramadol,,,capsule,50mg,,,POM,,,draft,0,,,true,200,20,B10019,2028-12-30,Bulk import: inventory_3000
Acetylsalicylic Acid 300mg,acetylsalicylic-acid-300mg-tablet,,Acetylsalicylic Acid,,,tablet,300mg,,,POM,,,draft,0,,,true,100,20,B10020,2028-12-30,Bulk import: inventory_3000
Paracetamol 500mg,paracetamol-500mg-tablet,,Paracetamol,,,tablet,500mg,,,POM,,,draft,0,,,true,400,20,B10021,2028-12-30,Bulk import: inventory_3000
Paracetamol 125mg/5ml,paracetamol-125mg-5ml-syrup,,Paracetamol,,,syrup,125mg/5ml,,,POM,,,draft,0,,,true,100,20,B10022,2028-12-30,Bulk import: inventory_3000
Paracetamol 150mg/ml,paracetamol-150mg-ml-injection,,Paracetamol,,,injection,150mg/ml,,,POM,,,draft,0,,,true,100,20,B10023,2028-12-30,Bulk import: inventory_3000
Allopurinol 100mg,allopurinol-100mg-tablet,,Allopurinol,,,tablet,100mg,,,POM,,,draft,0,,,true,200,20,B10024,2028-12-30,Bulk import: inventory_3000
Diclofenac Sodium 50mg,diclofenac-sodium-50mg-tablet,,Diclofenac Sodium,,,tablet,50mg,,,POM,,,draft,0,,,true,300,20,B10025,2028-12-30,Bulk import: inventory_3000
Diclofenac Sodium 25mg/ml,diclofenac-sodium-25mg-ml-injection,,Diclofenac Sodium,,,injection,25mg/ml,,,POM,,,draft,0,,,true,100,20,B10026,2028-12-30,Bulk import: inventory_3000
Ibuprofen 400mg,ibuprofen-400mg-tablet,,Ibuprofen,,,tablet,400mg,,,POM,,,draft,0,,,true,100,20,B10027,2028-12-30,Bulk import: inventory_3000
Ibuprofen 100mg/5ml,ibuprofen-100mg-5ml-suspension,,Ibuprofen,,,suspension,100mg/5ml,,,POM,,,draft,0,,,true,100,20,B10028,2028-12-30,Bulk import: inventory_3000
Naproxen 250mg,naproxen-250mg-tablet,,Naproxen,,,tablet,250mg,,,POM,,,draft,0,,,true,200,20,B10029,2028-12-30,Bulk import: inventory_3000
Piroxicam 20mg,piroxicam-20mg-capsule,,Piroxicam,,,capsule,20mg,,,POM,,,draft,0,,,true,200,20,B10030,2028-12-30,Bulk import: inventory_3000
Meloxicam 15mg,meloxicam-15mg-tablet,,Meloxicam,,,tablet,15mg,,,POM,,,draft,0,,,true,100,20,B10031,2028-12-30,Bulk import: inventory_3000
Naloxone 0.4mg/ml,naloxone-0-4mg-ml-injection,,Naloxone,,,injection,0.4mg/ml,,,POM,,,draft,0,,,true,100,20,B10032,2028-12-30,Bulk import: inventory_3000
Chlorpheniramine 4mg,chlorpheniramine-4mg-tablet,,Chlorpheniramine,,,tablet,4mg,,,POM,,,draft,0,,,true,100,20,B10033,2028-12-30,Bulk import: inventory_3000
Hydrocortisone 100mg,hydrocortisone-100mg-injection,,Hydrocortisone,,,injection,100mg,,,POM,,,draft,0,,,true,200,20,B10034,2028-12-30,Bulk import: inventory_3000
Prednisolone 5mg,prednisolone-5mg-tablet,,Prednisolone,,,tablet,5mg,,,POM,,,draft,0,,,true,100,20,B10035,2028-12-30,Bulk import: inventory_3000
Phenobarbital 30mg,phenobarbital-30mg-tablet,,Phenobarbital,,,tablet,30mg,,,POM,,,draft,0,,,true,100,20,B10036,2028-12-30,Bulk import: inventory_3000
Phenytoin 100mg,phenytoin-100mg-capsule,,Phenytoin,,,capsule,100mg,,,POM,,,draft,0,,,true,200,20,B10037,2028-12-30,Bulk import: inventory_3000
Sodium Valproate 200mg,sodium-valproate-200mg-tablet,,Sodium Valproate,,,tablet,200mg,,,POM,,,draft,0,,,true,100,20,B10038,2028-12-30,Bulk import: inventory_3000
Carbamazepine 200mg,carbamazepine-200mg-tablet,,Carbamazepine,,,tablet,200mg,,,POM,,,draft,0,,,true,100,20,B10039,2028-12-30,Bulk import: inventory_3000
Amoxicillin 500mg,amoxicillin-500mg-capsule,,Amoxicillin,,,capsule,500mg,,,POM,,,draft,0,,,true,300,20,B10040,2028-12-30,Bulk import: inventory_3000
Amoxicillin 125mg/5ml,amoxicillin-125mg-5ml-suspension,,Amoxicillin,,,suspension,125mg/5ml,,,POM,,,draft,0,,,true,100,20,B10041,2028-12-30,Bulk import: inventory_3000
Ampicillin 500mg,ampicillin-500mg-injection,,Ampicillin,,,injection,500mg,,,POM,,,draft,0,,,true,200,20,B10042,2028-12-30,Bulk import: inventory_3000
Cloxacillin 250mg,cloxacillin-250mg-capsule,,Cloxacillin,,,capsule,250mg,,,POM,,,draft,0,,,true,200,20,B10043,2028-12-30,Bulk import: inventory_3000
Ceftriaxone 1g,ceftriaxone-1g-injection,,Ceftriaxone,,,injection,1g,,,POM,,,draft,0,,,true,200,20,B10044,2028-12-30,Bulk import: inventory_3000
Cefuroxime 250mg,cefuroxime-250mg-tablet,,Cefuroxime,,,tablet,250mg,,,POM,,,draft,0,,,true,200,20,B10045,2028-12-30,Bulk import: inventory_3000
Azithromycin 500mg,azithromycin-500mg-tablet,,Azithromycin,,,tablet,500mg,,,POM,,,draft,0,,,true,200,20,B10046,2028-12-30,Bulk import: inventory_3000
Erythromycin 250mg,erythromycin-250mg-tablet,,Erythromycin,,,tablet,250mg,,,POM,,,draft,0,,,true,200,20,B10047,2028-12-30,Bulk import: inventory_3000
Ciprofloxacin 500mg,ciprofloxacin-500mg-tablet,,Ciprofloxacin,,,tablet,500mg,,,POM,,,draft,0,,,true,200,20,B10048,2028-12-30,Bulk import: inventory_3000
Metronidazole 200mg,metronidazole-200mg-tablet,,Metronidazole,,,tablet,200mg,,,POM,,,draft,0,,,true,100,20,B10049,2028-12-30,Bulk import: inventory_3000
Metronidazole 5mg/ml,metronidazole-5mg-ml-injection,,Metronidazole,,,injection,5mg/ml,,,POM,,,draft,0,,,true,100,20,B10050,2028-12-30,Bulk import: inventory_3000
Gentamicin 40mg/ml,gentamicin-40mg-ml-injection,,Gentamicin,,,injection,40mg/ml,,,POM,,,draft,0,,,true,100,20,B10051,2028-12-30,Bulk import: inventory_3000
Doxycycline 100mg,doxycycline-100mg-capsule,,Doxycycline,,,capsule,100mg,,,POM,,,draft,0,,,true,200,20,B10052,2028-12-30,Bulk import: inventory_3000
Cotrimoxazole 480mg,cotrimoxazole-480mg-tablet,,Cotrimoxazole,,,tablet,480mg,,,POM,,,draft,0,,,true,100,20,B10053,2028-12-30,Bulk import: inventory_3000
Artemether + Lumefantrine 20mg/120mg,artemether-lumefantrine-20mg-120mg-tablet,,Artemether + Lumefantrine,,,tablet,20mg/120mg,,,POM,,,draft,0,,,true,100,20,B10054,2028-12-30,Bulk import: inventory_3000
Artesunate 60mg,artesunate-60mg-injection,,Artesunate,,,injection,60mg,,,POM,,,draft,0,,,true,100,20,B10055,2028-12-30,Bulk import: inventory_3000
Amodiaquine 200mg,amodiaquine-200mg-tablet,,Amodiaquine,,,tablet,200mg,,,POM,,,draft,0,,,true,100,20,B10056,2028-12-30,Bulk import: inventory_3000
Quinine 300mg/ml,quinine-300mg-ml-injection,,Quinine,,,injection,300mg/ml,,,POM,,,draft,0,,,true,100,20,B10057,2028-12-30,Bulk import: inventory_3000
Fluconazole 150mg,fluconazole-150mg-capsule,,Fluconazole,,,capsule,150mg,,,POM,,,draft,0,,,true,100,20,B10058,2028-12-30,Bulk import: inventory_3000
"Nystatin 100,000 IU/ml",nystatin-100-000-iu-ml-suspension,,Nystatin,,,suspension,"100,000 IU/ml",,,POM,,,draft,0,,,true,100,20,B10059,2028-12-30,Bulk import: inventory_3000
Amlodipine 5mg,amlodipine-5mg-tablet,,Amlodipine,,,tablet,5mg,,,POM,,,draft,0,,,true,100,20,B10060,2028-12-30,Bulk import: inventory_3000
Amlodipine 10mg,amlodipine-10mg-tablet,,Amlodipine,,,tablet,10mg,,,POM,,,draft,0,,,true,300,20,B10061,2028-12-30,Bulk import: inventory_3000
Lisinopril 10mg,lisinopril-10mg-tablet,,Lisinopril,,,tablet,10mg,,,POM,,,draft,0,,,true,300,20,B10062,2028-12-30,Bulk import: inventory_3000
Lisinopril 20mg,lisinopril-20mg-tablet,,Lisinopril,,,tablet,20mg,,,POM,,,draft,0,,,true,300,20,B10063,2028-12-30,Bulk import: inventory_3000
Atenolol 50mg,atenolol-50mg-tablet,,Atenolol,,,tablet,50mg,,,POM,,,draft,0,,,true,200,20,B10064,2028-12-30,Bulk import: inventory_3000
Propranolol 40mg,propranolol-40mg-tablet,,Propranolol,,,tablet,40mg,,,POM,,,draft,0,,,true,100,20,B10065,2028-12-30,Bulk import: inventory_3000
Methyldopa 250mg,methyldopa-250mg-tablet,,Methyldopa,,,tablet,250mg,,,POM,,,draft,0,,,true,200,20,B10066,2028-12-30,Bulk import: inventory_3000
Hydralazine 20mg,hydralazine-20mg-injection,,Hydralazine,,,injection,20mg,,,POM,,,draft,0,,,true,200,20,B10067,2028-12-30,Bulk import: inventory_3000
Glyceryl Trinitrate 0.5mg,glyceryl-trinitrate-0-5mg-tablet,,Glyceryl Trinitrate,,,tablet,0.5mg,,,POM,,,draft,0,,,true,100,20,B10068,2028-12-30,Bulk import: inventory_3000
Isosorbide Dinitrate 10mg,isosorbide-dinitrate-10mg-tablet,,Isosorbide Dinitrate,,,tablet,10mg,,,POM,,,draft,0,,,true,200,20,B10069,2028-12-30,Bulk import: inventory_3000
Digoxin 0.25mg,digoxin-0-25mg-tablet,,Digoxin,,,tablet,0.25mg,,,POM,,,draft,0,,,true,100,20,B10070,2028-12-30,Bulk import: inventory_3000
Furosemide 40mg,furosemide-40mg-tablet,,Furosemide,,,tablet,40mg,,,POM,,,draft,0,,,true,100,20,B10071,2028-12-30,Bulk import: inventory_3000
Furosemide 10mg/ml,furosemide-10mg-ml-injection,,Furosemide,,,injection,10mg/ml,,,POM,,,draft,0,,,true,100,20,B10072,2028-12-30,Bulk import: inventory_3000
Hydrochlorothiazide 25mg,hydrochlorothiazide-25mg-tablet,,Hydrochlorothiazide,,,tablet,25mg,,,POM,,,draft,0,,,true,100,20,B10073,2028-12-30,Bulk import: inventory_3000
Spironolactone 25mg,spironolactone-25mg-tablet,,Spironolactone,,,tablet,25mg,,,POM,,,draft,0,,,true,100,20,B10074,2028-12-30,Bulk import: inventory_3000
Atorvastatin 20mg,atorvastatin-20mg-tablet,,Atorvastatin,,,tablet,20mg,,,POM,,,draft,0,,,true,200,20,B10075,2028-12-30,Bulk import: inventory_3000
Simvastatin 20mg,simvastatin-20mg-tablet,,Simvastatin,,,tablet,20mg,,,POM,,,draft,0,,,true,200,20,B10076,2028-12-30,Bulk import: inventory_3000
Salbutamol 100mcg,salbutamol-100mcg-inhaler,,Salbutamol,,,inhaler,100mcg,,,POM,,,draft,0,,,true,100,20,B10077,2028-12-30,Bulk import: inventory_3000
Salbutamol 4mg,salbutamol-4mg-tablet,,Salbutamol,,,tablet,4mg,,,POM,,,draft,0,,,true,100,20,B10078,2028-12-30,Bulk import: inventory_3000
Aminophylline 25mg/ml,aminophylline-25mg-ml-injection,,Aminophylline,,,injection,25mg/ml,,,POM,,,draft,0,,,true,100,20,B10079,2028-12-30,Bulk import: inventory_3000
Omeprazole 20mg,omeprazole-20mg-capsule,,Omeprazole,,,capsule,20mg,,,POM,,,draft,0,,,true,200,20,B10080,2028-12-30,Bulk import: inventory_3000
Cimetidine 200mg,cimetidine-200mg-tablet,,Cimetidine,,,tablet,200mg,,,POM,,,draft,0,,,true,100,20,B10081,2028-12-30,Bulk import: inventory_3000
Metoclopramide 10mg,metoclopramide-10mg-tablet,,Metoclopramide,,,tablet,10mg,,,POM,,,draft,0,,,true,200,20,B10082,2028-12-30,Bulk import: inventory_3000
Zinc Sulfate 20mg,zinc-sulfate-20mg-tablet,,Zinc Sulfate,,,tablet,20mg,,,POM,,,draft,0,,,true,200,20,B10083,2028-12-30,Bulk import: inventory_3000
Bisacodyl 5mg,bisacodyl-5mg-tablet,,Bisacodyl,,,tablet,5mg,,,POM,,,draft,0,,,true,100,20,B10084,2028-12-30,Bulk import: inventory_3000
Metformin 500mg,metformin-500mg-tablet,,Metformin,,,tablet,500mg,,,POM,,,draft,0,,,true,300,20,B10085,2028-12-30,Bulk import: inventory_3000
Metformin 850mg,metformin-850mg-tablet,,Metformin,,,tablet,850mg,,,POM,,,draft,0,,,true,100,20,B10086,2028-12-30,Bulk import: inventory_3000
Glibenclamide 5mg,glibenclamide-5mg-tablet,,Glibenclamide,,,tablet,5mg,,,POM,,,draft,0,,,true,100,20,B10087,2028-12-30,Bulk import: inventory_3000
Glimepiride 2mg,glimepiride-2mg-tablet,,Glimepiride,,,tablet,2mg,,,POM,,,draft,0,,,true,100,20,B10088,2028-12-30,Bulk import: inventory_3000
Levothyroxine 50mcg,levothyroxine-50mcg-tablet,,Levothyroxine,,,tablet,50mcg,,,POM,,,draft,0,,,true,100,20,B10089,2028-12-30,Bulk import: inventory_3000
Carbimazole 5mg,carbimazole-5mg-tablet,,Carbimazole,,,tablet,5mg,,,POM,,,draft,0,,,true,100,20,B10090,2028-12-30,Bulk import: inventory_3000
Folic Acid 5mg,folic-acid-5mg-tablet,,Folic Acid,,,tablet,5mg,,,POM,,,draft,0,,,true,100,20,B10091,2028-12-30,Bulk import: inventory_3000
Oxytocin 10 IU/ml,oxytocin-10-iu-ml-injection,,Oxytocin,,,injection,10 IU/ml,,,POM,,,draft,0,,,true,100,20,B10092,2028-12-30,Bulk import: inventory_3000
Misoprostol 200mcg,misoprostol-200mcg-tablet,,Misoprostol,,,tablet,200mcg,,,POM,,,draft,0,,,true,100,20,B10093,2028-12-30,Bulk import: inventory_3000
Magnesium Sulfate 50%,magnesium-sulfate-50-injection,,Magnesium Sulfate,,,injection,50%,,,POM,,,draft,0,,,true,100,20,B10094,2028-12-30,Bulk import: inventory_3000
Amitriptyline 25mg,amitriptyline-25mg-tablet,,Amitriptyline,,,tablet,25mg,,,POM,,,draft,0,,,true,100,20,B10095,2028-12-30,Bulk import: inventory_3000
Fluoxetine 20mg,fluoxetine-20mg-capsule,,Fluoxetine,,,capsule,20mg,,,POM,,,draft,0,,,true,200,20,B10096,2028-12-30,Bulk import: inventory_3000
Haloperidol 5mg,haloperidol-5mg-tablet,,Haloperidol,,,tablet,5mg,,,POM,,,draft,0,,,true,100,20,B10097,2028-12-30,Bulk import: inventory_3000
Chlorpromazine 100mg,chlorpromazine-100mg-tablet,,Chlorpromazine,,,tablet,100mg,,,POM,,,draft,0,,,true,200,20,B10098,2028-12-30,Bulk import: inventory_3000
Halothane 10mg,halothane-10mg-tablet,,Halothane,,,tablet,10mg,,,POM,,,draft,0,,,true,100,20,B10099,2028-12-30,Bulk import: inventory_3000
Ketamine 10mg,ketamine-10mg-tablet,,Ketamine,,,tablet,10mg,,,POM,,,draft,0,,,true,100,20,B10100,2028-12-30,Bulk import: inventory_3000
Nitrous oxide 10mg,nitrous-oxide-10mg-tablet,,Nitrous oxide,,,tablet,10mg,,,POM,,,draft,0,,,true,100,20,B10101,2028-12-30,Bulk import: inventory_3000
Oxygen 10mg,oxygen-10mg-tablet,,Oxygen,,,tablet,10mg,,,POM,,,draft,0,,,true,100,20,B10102,2028-12-30,Bulk import: inventory_3000
Atropine 10mg,atropine-10mg-tablet,,Atropine,,,tablet,10mg,,,POM,,,draft,0,,,true,100,20,B10103,2028-12-30,Bulk import: inventory_3000
Diazepam 10mg,diazepam-10mg-tablet,,Diazepam,,,tablet,10mg,,,POM,,,draft,0,,,true,100,20,B10104,2028-12-30,Bulk import: inventory_3000
Hyoscine N-Butylbromide 10mg,hyoscine-n-butylbromide-10mg-tablet,,Hyoscine N-Butylbromide,,,tablet,10mg,,,POM,,,draft,0,,,true,100,20,B10105,2028-12-30,Bulk import: inventory_3000
Midazolam 10mg,midazolam-10mg-tablet,,Midazolam,,,tablet,10mg,,,POM,,,draft,0,,,true,100,20,B10106,2028-12-30,Bulk import: inventory_3000
Morphine 10mg,morphine-10mg-tablet,,Morphine,,,tablet,10mg,,,POM,,,draft,0,,,true,100,20,B10107,2028-12-30,Bulk import: inventory_3000
Promethazine 10mg,promethazine-10mg-tablet,,Promethazine,,,tablet,10mg,,,POM,,,draft,0,,,true,200,20,B10108,2028-12-30,Bulk import: inventory_3000
Atracurium 10mg,atracurium-10mg-tablet,,Atracurium,,,tablet,10mg,,,POM,,,draft,0,,,true,100,20,B10110,2028-12-30,Bulk import: inventory_3000
Neostigmine 10mg,neostigmine-10mg-tablet,,Neostigmine,,,tablet,10mg,,,POM,,,draft,0,,,true,100,20,B10111,2028-12-30,Bulk import: inventory_3000
Suxamethonium 10mg,suxamethonium-10mg-tablet,,Suxamethonium,,,tablet,10mg,,,POM,,,draft,0,,,true,100,20,B10112,2028-12-30,Bulk import: inventory_3000
Propofol 10mg,propofol-10mg-tablet,,Propofol,,,tablet,10mg,,,POM,,,draft,0,,,true,100,20,B10113,2028-12-30,Bulk import: inventory_3000
Lidocaine 10mg,lidocaine-10mg-tablet,,Lidocaine,,,tablet,10mg,,,POM,,,draft,0,,,true,100,20,B10114,2028-12-30,Bulk import: inventory_3000
Bupivacaine 10mg,bupivacaine-10mg-tablet,,Bupivacaine,,,tablet,10mg,,,POM,,,draft,0,,,true,100,20,B10115,2028-12-30,Bulk import: inventory_3000
Pentazocine 10mg,pentazocine-10mg-tablet,,Pentazocine,,,tablet,10mg,,,POM,,,draft,0,,,true,100,20,B10116,2028-12-30,Bulk import: inventory_3000
Pethidine 10mg,pethidine-10mg-tablet,,Pethidine,,,tablet,10mg,,,POM,,,draft,0,,,true,100,20,B10117,2028-12-30,Bulk import: inventory_3000
Tramadol 10mg,tramadol-10mg-tablet,,Tramadol,,,tablet,10mg,,,POM,,,draft,0,,,true,100,20,B10118,2028-12-30,Bulk import: inventory_3000
Acetylsalicylic Acid 10mg,acetylsalicylic-acid-10mg-tablet,,Acetylsalicylic Acid,,,tablet,10mg,,,POM,,,draft,0,,,true,100,20,B10119,2028-12-30,Bulk import: inventory_3000
Paracetamol 10mg,paracetamol-10mg-tablet,,Paracetamol,,,tablet,10mg,,,POM,,,draft,0,,,true,300,20,B10120,2028-12-30,Bulk import: inventory_3000
Allopurinol 10mg,allopurinol-10mg-tablet,,Allopurinol,,,tablet,10mg,,,POM,,,draft,0,,,true,100,20,B10123,2028-12-30,Bulk import: inventory_3000
Diclofenac Sodium 10mg,diclofenac-sodium-10mg-tablet,,Diclofenac Sodium,,,tablet,10mg,,,POM,,,draft,0,,,true,200,20,B10124,2028-12-30,Bulk import: inventory_3000
Ibuprofen 10mg,ibuprofen-10mg-tablet,,Ibuprofen,,,tablet,10mg,,,POM,,,draft,0,,,true,200,20,B10126,2028-12-30,Bulk import: inventory_3000
Naproxen 10mg,naproxen-10mg-tablet,,Naproxen,,,tablet,10mg,,,POM,,,draft,0,,,true,100,20,B10128,2028-12-30,Bulk import: inventory_3000
Piroxicam 10mg,piroxicam-10mg-tablet,,Piroxicam,,,tablet,10mg,,,POM,,,draft,0,,,true,100,20,B10129,2028-12-30,Bulk import: inventory_3000
Meloxicam 10mg,meloxicam-10mg-tablet,,Meloxicam,,,tablet,10mg,,,POM,,,draft,0,,,true,100,20,B10130,2028-12-30,Bulk import: inventory_3000
Naloxone 10mg,naloxone-10mg-tablet,,Naloxone,,,tablet,10mg,,,POM,,,draft,0,,,true,100,20,B10131,2028-12-30,Bulk import: inventory_3000
Chlorpheniramine 10mg,chlorpheniramine-10mg-tablet,,Chlorpheniramine,,,tablet,10mg,,,POM,,,draft,0,,,true,100,20,B10132,2028-12-30,Bulk import: inventory_3000
Hydrocortisone 10mg,hydrocortisone-10mg-tablet,,Hydrocortisone,,,tablet,10mg,,,POM,,,draft,0,,,true,100,20,B10133,2028-12-30,Bulk import: inventory_3000
Prednisolone 10mg,prednisolone-10mg-tablet,,Prednisolone,,,tablet,10mg,,,POM,,,draft,0,,,true,100,20,B10134,2028-12-30,Bulk import: inventory_3000
Phenobarbital 10mg,phenobarbital-10mg-tablet,,Phenobarbital,,,tablet,10mg,,,POM,,,draft,0,,,true,100,20,B10135,2028-12-30,Bulk import: inventory_3000
Phenytoin 10mg,phenytoin-10mg-tablet,,Phenytoin,,,tablet,10mg,,,POM,,,draft,0,,,true,100,20,B10136,2028-12-30,Bulk import: inventory_3000
Sodium Valproate 10mg,sodium-valproate-10mg-tablet,,Sodium Valproate,,,tablet,10mg,,,POM,,,draft,0,,,true,100,20,B10137,2028-12-30,Bulk import: inventory_3000
Carbamazepine 10mg,carbamazepine-10mg-tablet,,Carbamazepine,,,tablet,10mg,,,POM,,,draft,0,,,true,100,20,B10138,2028-12-30,Bulk import: inventory_3000
Amoxicillin 10mg,amoxicillin-10mg-tablet,,Amoxicillin,,,tablet,10mg,,,POM,,,draft,0,,,true,200,20,B10139,2028-12-30,Bulk import: inventory_3000
Ampicillin 10mg,ampicillin-10mg-tablet,,Ampicillin,,,tablet,10mg,,,POM,,,draft,0,,,true,100,20,B10141,2028-12-30,Bulk import: inventory_3000
Cloxacillin 10mg,cloxacillin-10mg-tablet,,Cloxacillin,,,tablet,10mg,,,POM,,,draft,0,,,true,100,20,B10142,2028-12-30,Bulk import: inventory_3000
Ceftriaxone 10mg,ceftriaxone-10mg-tablet,,Ceftriaxone,,,tablet,10mg,,,POM,,,draft,0,,,true,100,20,B10143,2028-12-30,Bulk import: inventory_3000
Cefuroxime 10mg,cefuroxime-10mg-tablet,,Cefuroxime,,,tablet,10mg,,,POM,,,draft,0,,,true,100,20,B10144,2028-12-30,Bulk import: inventory_3000
Azithromycin 10mg,azithromycin-10mg-tablet,,Azithromycin,,,tablet,10mg,,,POM,,,draft,0,,,true,100,20,B10145,2028-12-30,Bulk import: inventory_3000
Erythromycin 10mg,erythromycin-10mg-tablet,,Erythromycin,,,tablet,10mg,,,POM,,,draft,0,,,true,100,20,B10146,2028-12-30,Bulk import: inventory_3000
Ciprofloxacin 10mg,ciprofloxacin-10mg-tablet,,Ciprofloxacin,,,tablet,10mg,,,POM,,,draft,0,,,true,100,20,B10147,2028-12-30,Bulk import: inventory_3000
Metronidazole 10mg,metronidazole-10mg-tablet,,Metronidazole,,,tablet,10mg,,,POM,,,draft,0,,,true,200,20,B10148,2028-12-30,Bulk import: inventory_3000
Gentamicin 10mg,gentamicin-10mg-tablet,,Gentamicin,,,tablet,10mg,,,POM,,,draft,0,,,true,100,20,B10150,2028-12-30,Bulk import: inventory_3000
Doxycycline 10mg,doxycycline-10mg-tablet,,Doxycycline,,,tablet,10mg,,,POM,,,draft,0,,,true,100,20,B10151,2028-12-30,Bulk import: inventory_3000
Cotrimoxazole 10mg,cotrimoxazole-10mg-tablet,,Cotrimoxazole,,,tablet,10mg,,,POM,,,draft,0,,,true,100,20,B10152,2028-12-30,Bulk import: inventory_3000
Artemether + Lumefantrine 10mg,artemether-lumefantrine-10mg-tablet,,Artemether + Lumefantrine,,,tablet,10mg,,,POM,,,draft,0,,,true,100,20,B10153,2028-12-30,Bulk import: inventory_3000
Artesunate 10mg,artesunate-10mg-tablet,,Artesunate,,,tablet,10mg,,,POM,,,draft,0,,,true,100,20,B10154,2028-12-30,Bulk import: inventory_3000
Amodiaquine 10mg,amodiaquine-10mg-tablet,,Amodiaquine,,,tablet,10mg,,,POM,,,draft,0,,,true,100,20,B10155,2028-12-30,Bulk import: inventory_3000
Quinine 10mg,quinine-10mg-tablet,,Quinine,,,tablet,10mg,,,POM,,,draft,0,,,true,100,20,B10156,2028-12-30,Bulk import: inventory_3000
Fluconazole 10mg,fluconazole-10mg-tablet,,Fluconazole,,,tablet,10mg,,,POM,,,draft,0,,,true,100,20,B10157,2028-12-30,Bulk import: inventory_3000
Nystatin 10mg,nystatin-10mg-tablet,,Nystatin,,,tablet,10mg,,,POM,,,draft,0,,,true,100,20,B10158,2028-12-30,Bulk import: inventory_3000
Atenolol 10mg,atenolol-10mg-tablet,,Atenolol,,,tablet,10mg,,,POM,,,draft,0,,,true,100,20,B10163,2028-12-30,Bulk import: inventory_3000
Propranolol 10mg,propranolol-10mg-tablet,,Propranolol,,,tablet,10mg,,,POM,,,draft,0,,,true,100,20,B10164,2028-12-30,Bulk import: inventory_3000
Methyldopa 10mg,methyldopa-10mg-tablet,,Methyldopa,,,tablet,10mg,,,POM,,,draft,0,,,true,100,20,B10165,2028-12-30,Bulk import: inventory_3000
Hydralazine 10mg,hydralazine-10mg-tablet,,Hydralazine,,,tablet,10mg,,,POM,,,draft,0,,,true,100,20,B10166,2028-12-30,Bulk import: inventory_3000
Glyceryl Trinitrate 10mg,glyceryl-trinitrate-10mg-tablet,,Glyceryl Trinitrate,,,tablet,10mg,,,POM,,,draft,0,,,true,100,20,B10167,2028-12-30,Bulk import: inventory_3000
Digoxin 10mg,digoxin-10mg-tablet,,Digoxin,,,tablet,10mg,,,POM,,,draft,0,,,true,100,20,B10169,2028-12-30,Bulk import: inventory_3000
Furosemide 10mg,furosemide-10mg-tablet,,Furosemide,,,tablet,10mg,,,POM,,,draft,0,,,true,200,20,B10170,2028-12-30,Bulk import: inventory_3000
Hydrochlorothiazide 10mg,hydrochlorothiazide-10mg-tablet,,Hydrochlorothiazide,,,tablet,10mg,,,POM,,,draft,0,,,true,100,20,B10172,2028-12-30,Bulk import: inventory_3000
Spironolactone 10mg,spironolactone-10mg-tablet,,Spironolactone,,,tablet,10mg,,,POM,,,draft,0,,,true,100,20,B10173,2028-12-30,Bulk import: inventory_3000
Atorvastatin 10mg,atorvastatin-10mg-tablet,,Atorvastatin,,,tablet,10mg,,,POM,,,draft,0,,,true,100,20,B10174,2028-12-30,Bulk import: inventory_3000
Simvastatin 10mg,simvastatin-10mg-tablet,,Simvastatin,,,tablet,10mg,,,POM,,,draft,0,,,true,100,20,B10175,2028-12-30,Bulk import: inventory_3000
Salbutamol 10mg,salbutamol-10mg-tablet,,Salbutamol,,,tablet,10mg,,,POM,,,draft,0,,,true,200,20,B10176,2028-12-30,Bulk import: inventory_3000
Aminophylline 10mg,aminophylline-10mg-tablet,,Aminophylline,,,tablet,10mg,,,POM,,,draft,0,,,true,100,20,B10178,2028-12-30,Bulk import: inventory_3000
Omeprazole 10mg,omeprazole-10mg-tablet,,Omeprazole,,,tablet,10mg,,,POM,,,draft,0,,,true,100,20,B10179,2028-12-30,Bulk import: inventory_3000
Cimetidine 10mg,cimetidine-10mg-tablet,,Cimetidine,,,tablet,10mg,,,POM,,,draft,0,,,true,100,20,B10180,2028-12-30,Bulk import: inventory_3000
Zinc Sulfate 10mg,zinc-sulfate-10mg-tablet,,Zinc Sulfate,,,tablet,10mg,,,POM,,,draft,0,,,true,100,20,B10182,2028-12-30,Bulk import: inventory_3000
Bisacodyl 10mg,bisacodyl-10mg-tablet,,Bisacodyl,,,tablet,10mg,,,POM,,,draft,0,,,true,100,20,B10183,2028-12-30,Bulk import: inventory_3000
Metformin 10mg,metformin-10mg-tablet,,Metformin,,,tablet,10mg,,,POM,,,draft,0,,,true,200,20,B10184,2028-12-30,Bulk import: inventory_3000
Glibenclamide 10mg,glibenclamide-10mg-tablet,,Glibenclamide,,,tablet,10mg,,,POM,,,draft,0,,,true,100,20,B10186,2028-12-30,Bulk import: inventory_3000
Glimepiride 10mg,glimepiride-10mg-tablet,,Glimepiride,,,tablet,10mg,,,POM,,,draft,0,,,true,100,20,B10187,2028-12-30,Bulk import: inventory_3000
Levothyroxine 10mg,levothyroxine-10mg-tablet,,Levothyroxine,,,tablet,10mg,,,POM,,,draft,0,,,true,100,20,B10188,2028-12-30,Bulk import: inventory_3000
Carbimazole 10mg,carbimazole-10mg-tablet,,Carbimazole,,,tablet,10mg,,,POM,,,draft,0,,,true,100,20,B10189,2028-12-30,Bulk import: inventory_3000
Folic Acid 10mg,folic-acid-10mg-tablet,,Folic Acid,,,tablet,10mg,,,POM,,,draft,0,,,true,100,20,B10190,2028-12-30,Bulk import: inventory_3000
Oxytocin 10mg,oxytocin-10mg-tablet,,Oxytocin,,,tablet,10mg,,,POM,,,draft,0,,,true,100,20,B10191,2028-12-30,Bulk import: inventory_3000
Misoprostol 10mg,misoprostol-10mg-tablet,,Misoprostol,,,tablet,10mg,,,POM,,,draft,0,,,true,100,20,B10192,2028-12-30,Bulk import: inventory_3000
Magnesium Sulfate 10mg,magnesium-sulfate-10mg-tablet,,Magnesium Sulfate,,,tablet,10mg,,,POM,,,draft,0,,,true,100,20,B10193,2028-12-30,Bulk import: inventory_3000
Amitriptyline 10mg,amitriptyline-10mg-tablet,,Amitriptyline,,,tablet,10mg,,,POM,,,draft,0,,,true,100,20,B10194,2028-12-30,Bulk import: inventory_3000
Fluoxetine 10mg,fluoxetine-10mg-tablet,,Fluoxetine,,,tablet,10mg,,,POM,,,draft,0,,,true,100,20,B10195,2028-12-30,Bulk import: inventory_3000
Haloperidol 10mg,haloperidol-10mg-tablet,,Haloperidol,,,tablet,10mg,,,POM,,,draft,0,,,true,100,20,B10196,2028-12-30,Bulk import: inventory_3000
Chlorpromazine 10mg,chlorpromazine-10mg-tablet,,Chlorpromazine,,,tablet,10mg,,,POM,,,draft,0,,,true,100,20,B10197,2028-12-30,Bulk import: inventory_3000
Halothane 20mg,halothane-20mg-tablet,,Halothane,,,tablet,20mg,,,POM,,,draft,0,,,true,100,20,B10198,2028-12-30,Bulk import: inventory_3000
Ketamine 20mg,ketamine-20mg-tablet,,Ketamine,,,tablet,20mg,,,POM,,,draft,0,,,true,100,20,B10199,2028-12-30,Bulk import: inventory_3000
Nitrous oxide 20mg,nitrous-oxide-20mg-tablet,,Nitrous oxide,,,tablet,20mg,,,POM,,,draft,0,,,true,100,20,B10200,2028-12-30,Bulk import: inventory_3000
Oxygen 20mg,oxygen-20mg-tablet,,Oxygen,,,tablet,20mg,,,POM,,,draft,0,,,true,100,20,B10201,2028-12-30,Bulk import: inventory_3000
Atropine 20mg,atropine-20mg-tablet,,Atropine,,,tablet,20mg,,,POM,,,draft,0,,,true,100,20,B10202,2028-12-30,Bulk import: inventory_3000
Diazepam 20mg,diazepam-20mg-tablet,,Diazepam,,,tablet,20mg,,,POM,,,draft,0,,,true,100,20,B10203,2028-12-30,Bulk import: inventory_3000
Hyoscine N-Butylbromide 20mg,hyoscine-n-butylbromide-20mg-tablet,,Hyoscine N-Butylbromide,,,tablet,20mg,,,POM,,,draft,0,,,true,100,20,B10204,2028-12-30,Bulk import: inventory_3000
Midazolam 20mg,midazolam-20mg-tablet,,Midazolam,,,tablet,20mg,,,POM,,,draft,0,,,true,100,20,B10205,2028-12-30,Bulk import: inventory_3000
Morphine 20mg,morphine-20mg-tablet,,Morphine,,,tablet,20mg,,,POM,,,draft,0,,,true,100,20,B10206,2028-12-30,Bulk import: inventory_3000
Promethazine 20mg,promethazine-20mg-tablet,,Promethazine,,,tablet,20mg,,,POM,,,draft,0,,,true,200,20,B10207,2028-12-30,Bulk import: inventory_3000
Atracurium 20mg,atracurium-20mg-tablet,,Atracurium,,,tablet,20mg,,,POM,,,draft,0,,,true,100,20,B10209,2028-12-30,Bulk import: inventory_3000
Neostigmine 20mg,neostigmine-20mg-tablet,,Neostigmine,,,tablet,20mg,,,POM,,,draft,0,,,true,100,20,B10210,2028-12-30,Bulk import: inventory_3000
Suxamethonium 20mg,suxamethonium-20mg-tablet,,Suxamethonium,,,tablet,20mg,,,POM,,,draft,0,,,true,100,20,B10211,2028-12-30,Bulk import: inventory_3000
Propofol 20mg,propofol-20mg-tablet,,Propofol,,,tablet,20mg,,,POM,,,draft,0,,,true,100,20,B10212,2028-12-30,Bulk import: inventory_3000
Lidocaine 20mg,lidocaine-20mg-tablet,,Lidocaine,,,tablet,20mg,,,POM,,,draft,0,,,true,100,20,B10213,2028-12-30,Bulk import: inventory_3000
Bupivacaine 20mg,bupivacaine-20mg-tablet,,Bupivacaine,,,tablet,20mg,,,POM,,,draft,0,,,true,100,20,B10214,2028-12-30,Bulk import: inventory_3000
Pentazocine 20mg,pentazocine-20mg-tablet,,Pentazocine,,,tablet,20mg,,,POM,,,draft,0,,,true,100,20,B10215,2028-12-30,Bulk import: inventory_3000
Pethidine 20mg,pethidine-20mg-tablet,,Pethidine,,,tablet,20mg,,,POM,,,draft,0,,,true,100,20,B10216,2028-12-30,Bulk import: inventory_3000
Tramadol 20mg,tramadol-20mg-tablet,,Tramadol,,,tablet,20mg,,,POM,,,draft,0,,,true,100,20,B10217,2028-12-30,Bulk import: inventory_3000
Acetylsalicylic Acid 20mg,acetylsalicylic-acid-20mg-tablet,,Acetylsalicylic Acid,,,tablet,20mg,,,POM,,,draft,0,,,true,100,20,B10218,2028-12-30,Bulk import: inventory_3000
Paracetamol 20mg,paracetamol-20mg-tablet,,Paracetamol,,,tablet,20mg,,,POM,,,draft,0,,,true,300,20,B10219,2028-12-30,Bulk import: inventory_3000
Allopurinol 20mg,allopurinol-20mg-tablet,,Allopurinol,,,tablet,20mg,,,POM,,,draft,0,,,true,100,20,B10222,2028-12-30,Bulk import: inventory_3000
Diclofenac Sodium 20mg,diclofenac-sodium-20mg-tablet,,Diclofenac Sodium,,,tablet,20mg,,,POM,,,draft,0,,,true,200,20,B10223,2028-12-30,Bulk import: inventory_3000
Ibuprofen 20mg,ibuprofen-20mg-tablet,,Ibuprofen,,,tablet,20mg,,,POM,,,draft,0,,,true,200,20,B10225,2028-12-30,Bulk import: inventory_3000
Naproxen 20mg,naproxen-20mg-tablet,,Naproxen,,,tablet,20mg,,,POM,,,draft,0,,,true,100,20,B10227,2028-12-30,Bulk import: inventory_3000
Piroxicam 20mg,piroxicam-20mg-tablet,,Piroxicam,,,tablet,20mg,,,POM,,,draft,0,,,true,100,20,B10228,2028-12-30,Bulk import: inventory_3000
Meloxicam 20mg,meloxicam-20mg-tablet,,Meloxicam,,,tablet,20mg,,,POM,,,draft,0,,,true,100,20,B10229,2028-12-30,Bulk import: inventory_3000
Naloxone 20mg,naloxone-20mg-tablet,,Naloxone,,,tablet,20mg,,,POM,,,draft,0,,,true,100,20,B10230,2028-12-30,Bulk import: inventory_3000
Chlorpheniramine 20mg,chlorpheniramine-20mg-tablet,,Chlorpheniramine,,,tablet,20mg,,,POM,,,draft,0,,,true,100,20,B10231,2028-12-30,Bulk import: inventory_3000
Hydrocortisone 20mg,hydrocortisone-20mg-tablet,,Hydrocortisone,,,tablet,20mg,,,POM,,,draft,0,,,true,100,20,B10232,2028-12-30,Bulk import: inventory_3000
Prednisolone 20mg,prednisolone-20mg-tablet,,Prednisolone,,,tablet,20mg,,,POM,,,draft,0,,,true,100,20,B10233,2028-12-30,Bulk import: inventory_3000
Phenobarbital 20mg,phenobarbital-20mg-tablet,,Phenobarbital,,,tablet,20mg,,,POM,,,draft,0,,,true,100,20,B10234,2028-12-30,Bulk import: inventory_3000
Phenytoin 20mg,phenytoin-20mg-tablet,,Phenytoin,,,tablet,20mg,,,POM,,,draft,0,,,true,100,20,B10235,2028-12-30,Bulk import: inventory_3000
Sodium Valproate 20mg,sodium-valproate-20mg-tablet,,Sodium Valproate,,,tablet,20mg,,,POM,,,draft,0,,,true,100,20,B10236,2028-12-30,Bulk import: inventory_3000
Carbamazepine 20mg,carbamazepine-20mg-tablet,,Carbamazepine,,,tablet,20mg,,,POM,,,draft,0,,,true,100,20,B10237,2028-12-30,Bulk import: inventory_3000
Amoxicillin 20mg,amoxicillin-20mg-tablet,,Amoxicillin,,,tablet,20mg,,,POM,,,draft,0,,,true,200,20,B10238,2028-12-30,Bulk import: inventory_3000
Ampicillin 20mg,ampicillin-20mg-tablet,,Ampicillin,,,tablet,20mg,,,POM,,,draft,0,,,true,100,20,B10240,2028-12-30,Bulk import: inventory_3000
Cloxacillin 20mg,cloxacillin-20mg-tablet,,Cloxacillin,,,tablet,20mg,,,POM,,,draft,0,,,true,100,20,B10241,2028-12-30,Bulk import: inventory_3000
Ceftriaxone 20mg,ceftriaxone-20mg-tablet,,Ceftriaxone,,,tablet,20mg,,,POM,,,draft,0,,,true,100,20,B10242,2028-12-30,Bulk import: inventory_3000
Cefuroxime 20mg,cefuroxime-20mg-tablet,,Cefuroxime,,,tablet,20mg,,,POM,,,draft,0,,,true,100,20,B10243,2028-12-30,Bulk import: inventory_3000
Azithromycin 20mg,azithromycin-20mg-tablet,,Azithromycin,,,tablet,20mg,,,POM,,,draft,0,,,true,100,20,B10244,2028-12-30,Bulk import: inventory_3000
Erythromycin 20mg,erythromycin-20mg-tablet,,Erythromycin,,,tablet,20mg,,,POM,,,draft,0,,,true,100,20,B10245,2028-12-30,Bulk import: inventory_3000
Ciprofloxacin 20mg,ciprofloxacin-20mg-tablet,,Ciprofloxacin,,,tablet,20mg,,,POM,,,draft,0,,,true,100,20,B10246,2028-12-30,Bulk import: inventory_3000
Metronidazole 20mg,metronidazole-20mg-tablet,,Metronidazole,,,tablet,20mg,,,POM,,,draft,0,,,true,200,20,B10247,2028-12-30,Bulk import: inventory_3000
Gentamicin 20mg,gentamicin-20mg-tablet,,Gentamicin,,,tablet,20mg,,,POM,,,draft,0,,,true,100,20,B10249,2028-12-30,Bulk import: inventory_3000
Doxycycline 20mg,doxycycline-20mg-tablet,,Doxycycline,,,tablet,20mg,,,POM,,,draft,0,,,true,100,20,B10250,2028-12-30,Bulk import: inventory_3000
Cotrimoxazole 20mg,cotrimoxazole-20mg-tablet,,Cotrimoxazole,,,tablet,20mg,,,POM,,,draft,0,,,true,100,20,B10251,2028-12-30,Bulk import: inventory_3000
Artemether + Lumefantrine 20mg,artemether-lumefantrine-20mg-tablet,,Artemether + Lumefantrine,,,tablet,20mg,,,POM,,,draft,0,,,true,100,20,B10252,2028-12-30,Bulk import: inventory_3000
Artesunate 20mg,artesunate-20mg-tablet,,Artesunate,,,tablet,20mg,,,POM,,,draft,0,,,true,100,20,B10253,2028-12-30,Bulk import: inventory_3000
Amodiaquine 20mg,amodiaquine-20mg-tablet,,Amodiaquine,,,tablet,20mg,,,POM,,,draft,0,,,true,100,20,B10254,2028-12-30,Bulk import: inventory_3000
Quinine 20mg,quinine-20mg-tablet,,Quinine,,,tablet,20mg,,,POM,,,draft,0,,,true,100,20,B10255,2028-12-30,Bulk import: inventory_3000
Fluconazole 20mg,fluconazole-20mg-tablet,,Fluconazole,,,tablet,20mg,,,POM,,,draft,0,,,true,100,20,B10256,2028-12-30,Bulk import: inventory_3000
Nystatin 20mg,nystatin-20mg-tablet,,Nystatin,,,tablet,20mg,,,POM,,,draft,0,,,true,100,20,B10257,2028-12-30,Bulk import: inventory_3000
Amlodipine 20mg,amlodipine-20mg-tablet,,Amlodipine,,,tablet,20mg,,,POM,,,draft,0,,,true,200,20,B10258,2028-12-30,Bulk import: inventory_3000
Atenolol 20mg,atenolol-20mg-tablet,,Atenolol,,,tablet,20mg,,,POM,,,draft,0,,,true,100,20,B10262,2028-12-30,Bulk import: inventory_3000
Propranolol 20mg,propranolol-20mg-tablet,,Propranolol,,,tablet,20mg,,,POM,,,draft,0,,,true,100,20,B10263,2028-12-30,Bulk import: inventory_3000
Methyldopa 20mg,methyldopa-20mg-tablet,,Methyldopa,,,tablet,20mg,,,POM,,,draft,0,,,true,100,20,B10264,2028-12-30,Bulk import: inventory_3000
Hydralazine 20mg,hydralazine-20mg-tablet,,Hydralazine,,,tablet,20mg,,,POM,,,draft,0,,,true,100,20,B10265,2028-12-30,Bulk import: inventory_3000
Glyceryl Trinitrate 20mg,glyceryl-trinitrate-20mg-tablet,,Glyceryl Trinitrate,,,tablet,20mg,,,POM,,,draft,0,,,true,100,20,B10266,2028-12-30,Bulk import: inventory_3000
Isosorbide Dinitrate 20mg,isosorbide-dinitrate-20mg-tablet,,Isosorbide Dinitrate,,,tablet,20mg,,,POM,,,draft,0,,,true,100,20,B10267,2028-12-30,Bulk import: inventory_3000
Digoxin 20mg,digoxin-20mg-tablet,,Digoxin,,,tablet,20mg,,,POM,,,draft,0,,,true,100,20,B10268,2028-12-30,Bulk import: inventory_3000
Furosemide 20mg,furosemide-20mg-tablet,,Furosemide,,,tablet,20mg,,,POM,,,draft,0,,,true,200,20,B10269,2028-12-30,Bulk import: inventory_3000
Hydrochlorothiazide 20mg,hydrochlorothiazide-20mg-tablet,,Hydrochlorothiazide,,,tablet,20mg,,,POM,,,draft,0,,,true,100,20,B10271,2028-12-30,Bulk import: inventory_3000
Spironolactone 20mg,spironolactone-20mg-tablet,,Spironolactone,,,tablet,20mg,,,POM,,,draft,0,,,true,100,20,B10272,2028-12-30,Bulk import: inventory_3000
Salbutamol 20mg,salbutamol-20mg-tablet,,Salbutamol,,,tablet,20mg,,,POM,,,draft,0,,,true,200,20,B10275,2028-12-30,Bulk import: inventory_3000
Aminophylline 20mg,aminophylline-20mg-tablet,,Aminophylline,,,tablet,20mg,,,POM,,,draft,0,,,true,100,20,B10277,2028-12-30,Bulk import: inventory_3000
Omeprazole 20mg,omeprazole-20mg-tablet,,Omeprazole,,,tablet,20mg,,,POM,,,draft,0,,,true,100,20,B10278,2028-12-30,Bulk import: inventory_3000
Cimetidine 20mg,cimetidine-20mg-tablet,,Cimetidine,,,tablet,20mg,,,POM,,,draft,0,,,true,100,20,B10279,2028-12-30,Bulk import: inventory_3000
Metoclopramide 20mg,metoclopramide-20mg-tablet,,Metoclopramide,,,tablet,20mg,,,POM,,,draft,0,,,true,100,20,B10280,2028-12-30,Bulk import: inventory_3000
Bisacodyl 20mg,bisacodyl-20mg-tablet,,Bisacodyl,,,tablet,20mg,,,POM,,,draft,0,,,true,100,20,B10282,2028-12-30,Bulk import: inventory_3000
Metformin 20mg,metformin-20mg-tablet,,Metformin,,,tablet,20mg,,,POM,,,draft,0,,,true,200,20,B10283,2028-12-30,Bulk import: inventory_3000
Glibenclamide 20mg,glibenclamide-20mg-tablet,,Glibenclamide,,,tablet,20mg,,,POM,,,draft,0,,,true,100,20,B10285,2028-12-30,Bulk import: inventory_3000
Glimepiride 20mg,glimepiride-20mg-tablet,,Glimepiride,,,tablet,20mg,,,POM,,,draft,0,,,true,100,20,B10286,2028-12-30,Bulk import: inventory_3000
Levothyroxine 20mg,levothyroxine-20mg-tablet,,Levothyroxine,,,tablet,20mg,,,POM,,,draft,0,,,true,100,20,B10287,2028-12-30,Bulk import: inventory_3000
Carbimazole 20mg,carbimazole-20mg-tablet,,Carbimazole,,,tablet,20mg,,,POM,,,draft,0,,,true,100,20,B10288,2028-12-30,Bulk import: inventory_3000
Folic Acid 20mg,folic-acid-20mg-tablet,,Folic Acid,,,tablet,20mg,,,POM,,,draft,0,,,true,100,20,B10289,2028-12-30,Bulk import: inventory_3000
Oxytocin 20mg,oxytocin-20mg-tablet,,Oxytocin,,,tablet,20mg,,,POM,,,draft,0,,,true,100,20,B10290,2028-12-30,Bulk import: inventory_3000
Misoprostol 20mg,misoprostol-20mg-tablet,,Misoprostol,,,tablet,20mg,,,POM,,,draft,0,,,true,100,20,B10291,2028-12-30,Bulk import: inventory_3000
Magnesium Sulfate 20mg,magnesium-sulfate-20mg-tablet,,Magnesium Sulfate,,,tablet,20mg,,,POM,,,draft,0,,,true,100,20,B10292,2028-12-30,Bulk import: inventory_3000
Amitriptyline 20mg,amitriptyline-20mg-tablet,,Amitriptyline,,,tablet,20mg,,,POM,,,draft,0,,,true,100,20,B10293,2028-12-30,Bulk import: inventory_3000
Fluoxetine 20mg,fluoxetine-20mg-tablet,,Fluoxetine,,,tablet,20mg,,,POM,,,draft,0,,,true,100,20,B10294,2028-12-30,Bulk import: inventory_3000
Haloperidol 20mg,haloperidol-20mg-tablet,,Haloperidol,,,tablet,20mg,,,POM,,,draft,0,,,true,100,20,B10295,2028-12-30,Bulk import: inventory_3000
Chlorpromazine 20mg,chlorpromazine-20mg-tablet,,Chlorpromazine,,,tablet,20mg,,,POM,,,draft,0,,,true,100,20,B10296,2028-12-30,Bulk import: inventory_3000
Halothane 50mg,halothane-50mg-tablet,,Halothane,,,tablet,50mg,,,POM,,,draft,0,,,true,100,20,B10297,2028-12-30,Bulk import: inventory_3000
Ketamine 50mg,ketamine-50mg-tablet,,Ketamine,,,tablet,50mg,,,POM,,,draft,0,,,true,100,20,B10298,2028-12-30,Bulk import: inventory_3000
Nitrous oxide 50mg,nitrous-oxide-50mg-tablet,,Nitrous oxide,,,tablet,50mg,,,POM,,,draft,0,,,true,100,20,B10299,2028-12-30,Bulk import: inventory_3000
Oxygen 50mg,oxygen-50mg-tablet,,Oxygen,,,tablet,50mg,,,POM,,,draft,0,,,true,100,20,B10300,2028-12-30,Bulk import: inventory_3000
Atropine 50mg,atropine-50mg-tablet,,Atropine,,,tablet,50mg,,,POM,,,draft,0,,,true,100,20,B10301,2028-12-30,Bulk import: inventory_3000
Diazepam 50mg,diazepam-50mg-tablet,,Diazepam,,,tablet,50mg,,,POM,,,draft,0,,,true,100,20,B10302,2028-12-30,Bulk import: inventory_3000
Hyoscine N-Butylbromide 50mg,hyoscine-n-butylbromide-50mg-tablet,,Hyoscine N-Butylbromide,,,tablet,50mg,,,POM,,,draft,0,,,true,100,20,B10303,2028-12-30,Bulk import: inventory_3000
Midazolam 50mg,midazolam-50mg-tablet,,Midazolam,,,tablet,50mg,,,POM,,,draft,0,,,true,100,20,B10304,2028-12-30,Bulk import: inventory_3000
Morphine 50mg,morphine-50mg-tablet,,Morphine,,,tablet,50mg,,,POM,,,draft,0,,,true,100,20,B10305,2028-12-30,Bulk import: inventory_3000
Promethazine 50mg,promethazine-50mg-tablet,,Promethazine,,,tablet,50mg,,,POM,,,draft,0,,,true,200,20,B10306,2028-12-30,Bulk import: inventory_3000
Atracurium 50mg,atracurium-50mg-tablet,,Atracurium,,,tablet,50mg,,,POM,,,draft,0,,,true,100,20,B10308,2028-12-30,Bulk import: inventory_3000
Neostigmine 50mg,neostigmine-50mg-tablet,,Neostigmine,,,tablet,50mg,,,POM,,,draft,0,,,true,100,20,B10309,2028-12-30,Bulk import: inventory_3000
Suxamethonium 50mg,suxamethonium-50mg-tablet,,Suxamethonium,,,tablet,50mg,,,POM,,,draft,0,,,true,100,20,B10310,2028-12-30,Bulk import: inventory_3000
Propofol 50mg,propofol-50mg-tablet,,Propofol,,,tablet,50mg,,,POM,,,draft,0,,,true,100,20,B10311,2028-12-30,Bulk import: inventory_3000
Lidocaine 50mg,lidocaine-50mg-tablet,,Lidocaine,,,tablet,50mg,,,POM,,,draft,0,,,true,100,20,B10312,2028-12-30,Bulk import: inventory_3000
Bupivacaine 50mg,bupivacaine-50mg-tablet,,Bupivacaine,,,tablet,50mg,,,POM,,,draft,0,,,true,100,20,B10313,2028-12-30,Bulk import: inventory_3000
Pentazocine 50mg,pentazocine-50mg-tablet,,Pentazocine,,,tablet,50mg,,,POM,,,draft,0,,,true,100,20,B10314,2028-12-30,Bulk import: inventory_3000
Pethidine 50mg,pethidine-50mg-tablet,,Pethidine,,,tablet,50mg,,,POM,,,draft,0,,,true,100,20,B10315,2028-12-30,Bulk import: inventory_3000
Tramadol 50mg,tramadol-50mg-tablet,,Tramadol,,,tablet,50mg,,,POM,,,draft,0,,,true,100,20,B10316,2028-12-30,Bulk import: inventory_3000
Acetylsalicylic Acid 50mg,acetylsalicylic-acid-50mg-tablet,,Acetylsalicylic Acid,,,tablet,50mg,,,POM,,,draft,0,,,true,100,20,B10317,2028-12-30,Bulk import: inventory_3000
Paracetamol 50mg,paracetamol-50mg-tablet,,Paracetamol,,,tablet,50mg,,,POM,,,draft,0,,,true,300,20,B10318,2028-12-30,Bulk import: inventory_3000
Allopurinol 50mg,allopurinol-50mg-tablet,,Allopurinol,,,tablet,50mg,,,POM,,,draft,0,,,true,100,20,B10321,2028-12-30,Bulk import: inventory_3000
Ibuprofen 50mg,ibuprofen-50mg-tablet,,Ibuprofen,,,tablet,50mg,,,POM,,,draft,0,,,true,200,20,B10324,2028-12-30,Bulk import: inventory_3000
Naproxen 50mg,naproxen-50mg-tablet,,Naproxen,,,tablet,50mg,,,POM,,,draft,0,,,true,100,20,B10326,2028-12-30,Bulk import: inventory_3000
Piroxicam 50mg,piroxicam-50mg-tablet,,Piroxicam,,,tablet,50mg,,,POM,,,draft,0,,,true,100,20,B10327,2028-12-30,Bulk import: inventory_3000
Meloxicam 50mg,meloxicam-50mg-tablet,,Meloxicam,,,tablet,50mg,,,POM,,,draft,0,,,true,100,20,B10328,2028-12-30,Bulk import: inventory_3000
Naloxone 50mg,naloxone-50mg-tablet,,Naloxone,,,tablet,50mg,,,POM,,,draft,0,,,true,100,20,B10329,2028-12-30,Bulk import: inventory_3000
Chlorpheniramine 50mg,chlorpheniramine-50mg-tablet,,Chlorpheniramine,,,tablet,50mg,,,POM,,,draft,0,,,true,100,20,B10330,2028-12-30,Bulk import: inventory_3000
Hydrocortisone 50mg,hydrocortisone-50mg-tablet,,Hydrocortisone,,,tablet,50mg,,,POM,,,draft,0,,,true,100,20,B10331,2028-12-30,Bulk import: inventory_3000
Prednisolone 50mg,prednisolone-50mg-tablet,,Prednisolone,,,tablet,50mg,,,POM,,,draft,0,,,true,100,20,B10332,2028-12-30,Bulk import: inventory_3000
Phenobarbital 50mg,phenobarbital-50mg-tablet,,Phenobarbital,,,tablet,50mg,,,POM,,,draft,0,,,true,100,20,B10333,2028-12-30,Bulk import: inventory_3000
Phenytoin 50mg,phenytoin-50mg-tablet,,Phenytoin,,,tablet,50mg,,,POM,,,draft,0,,,true,100,20,B10334,2028-12-30,Bulk import: inventory_3000
Sodium Valproate 50mg,sodium-valproate-50mg-tablet,,Sodium Valproate,,,tablet,50mg,,,POM,,,draft,0,,,true,100,20,B10335,2028-12-30,Bulk import: inventory_3000
Carbamazepine 50mg,carbamazepine-50mg-tablet,,Carbamazepine,,,tablet,50mg,,,POM,,,draft,0,,,true,100,20,B10336,2028-12-30,Bulk import: inventory_3000
Amoxicillin 50mg,amoxicillin-50mg-tablet,,Amoxicillin,,,tablet,50mg,,,POM,,,draft,0,,,true,200,20,B10337,2028-12-30,Bulk import: inventory_3000
Ampicillin 50mg,ampicillin-50mg-tablet,,Ampicillin,,,tablet,50mg,,,POM,,,draft,0,,,true,100,20,B10339,2028-12-30,Bulk import: inventory_3000
Cloxacillin 50mg,cloxacillin-50mg-tablet,,Cloxacillin,,,tablet,50mg,,,POM,,,draft,0,,,true,100,20,B10340,2028-12-30,Bulk import: inventory_3000
Ceftriaxone 50mg,ceftriaxone-50mg-tablet,,Ceftriaxone,,,tablet,50mg,,,POM,,,draft,0,,,true,100,20,B10341,2028-12-30,Bulk import: inventory_3000
Cefuroxime 50mg,cefuroxime-50mg-tablet,,Cefuroxime,,,tablet,50mg,,,POM,,,draft,0,,,true,100,20,B10342,2028-12-30,Bulk import: inventory_3000
Azithromycin 50mg,azithromycin-50mg-tablet,,Azithromycin,,,tablet,50mg,,,POM,,,draft,0,,,true,100,20,B10343,2028-12-30,Bulk import: inventory_3000
Erythromycin 50mg,erythromycin-50mg-tablet,,Erythromycin,,,tablet,50mg,,,POM,,,draft,0,,,true,100,20,B10344,2028-12-30,Bulk import: inventory_3000
Ciprofloxacin 50mg,ciprofloxacin-50mg-tablet,,Ciprofloxacin,,,tablet,50mg,,,POM,,,draft,0,,,true,100,20,B10345,2028-12-30,Bulk import: inventory_3000
Metronidazole 50mg,metronidazole-50mg-tablet,,Metronidazole,,,tablet,50mg,,,POM,,,draft,0,,,true,200,20,B10346,2028-12-30,Bulk import: inventory_3000
Gentamicin 50mg,gentamicin-50mg-tablet,,Gentamicin,,,tablet,50mg,,,POM,,,draft,0,,,true,100,20,B10348,2028-12-30,Bulk import: inventory_3000
Doxycycline 50mg,doxycycline-50mg-tablet,,Doxycycline,,,tablet,50mg,,,POM,,,draft,0,,,true,100,20,B10349,2028-12-30,Bulk import: inventory_3000
Cotrimoxazole 50mg,cotrimoxazole-50mg-tablet,,Cotrimoxazole,,,tablet,50mg,,,POM,,,draft,0,,,true,100,20,B10350,2028-12-30,Bulk import: inventory_3000
Artemether + Lumefantrine 50mg,artemether-lumefantrine-50mg-tablet,,Artemether + Lumefantrine,,,tablet,50mg,,,POM,,,draft,0,,,true,100,20,B10351,2028-12-30,Bulk import: inventory_3000
Artesunate 50mg,artesunate-50mg-tablet,,Artesunate,,,tablet,50mg,,,POM,,,draft,0,,,true,100,20,B10352,2028-12-30,Bulk import: inventory_3000
Amodiaquine 50mg,amodiaquine-50mg-tablet,,Amodiaquine,,,tablet,50mg,,,POM,,,draft,0,,,true,100,20,B10353,2028-12-30,Bulk import: inventory_3000
Quinine 50mg,quinine-50mg-tablet,,Quinine,,,tablet,50mg,,,POM,,,draft,0,,,true,100,20,B10354,2028-12-30,Bulk import: inventory_3000
Fluconazole 50mg,fluconazole-50mg-tablet,,Fluconazole,,,tablet,50mg,,,POM,,,draft,0,,,true,100,20,B10355,2028-12-30,Bulk import: inventory_3000
Nystatin 50mg,nystatin-50mg-tablet,,Nystatin,,,tablet,50mg,,,POM,,,draft,0,,,true,100,20,B10356,2028-12-30,Bulk import: inventory_3000
Amlodipine 50mg,amlodipine-50mg-tablet,,Amlodipine,,,tablet,50mg,,,POM,,,draft,0,,,true,200,20,B10357,2028-12-30,Bulk import: inventory_3000
Lisinopril 50mg,lisinopril-50mg-tablet,,Lisinopril,,,tablet,50mg,,,POM,,,draft,0,,,true,200,20,B10359,2028-12-30,Bulk import: inventory_3000
Propranolol 50mg,propranolol-50mg-tablet,,Propranolol,,,tablet,50mg,,,POM,,,draft,0,,,true,100,20,B10362,2028-12-30,Bulk import: inventory_3000
Methyldopa 50mg,methyldopa-50mg-tablet,,Methyldopa,,,tablet,50mg,,,POM,,,draft,0,,,true,100,20,B10363,2028-12-30,Bulk import: inventory_3000
Hydralazine 50mg,hydralazine-50mg-tablet,,Hydralazine,,,tablet,50mg,,,POM,,,draft,0,,,true,100,20,B10364,2028-12-30,Bulk import: inventory_3000
Glyceryl Trinitrate 50mg,glyceryl-trinitrate-50mg-tablet,,Glyceryl Trinitrate,,,tablet,50mg,,,POM,,,draft,0,,,true,100,20,B10365,2028-12-30,Bulk import: inventory_3000
Isosorbide Dinitrate 50mg,isosorbide-dinitrate-50mg-tablet,,Isosorbide Dinitrate,,,tablet,50mg,,,POM,,,draft,0,,,true,100,20,B10366,2028-12-30,Bulk import: inventory_3000
Digoxin 50mg,digoxin-50mg-tablet,,Digoxin,,,tablet,50mg,,,POM,,,draft,0,,,true,100,20,B10367,2028-12-30,Bulk import: inventory_3000
Furosemide 50mg,furosemide-50mg-tablet,,Furosemide,,,tablet,50mg,,,POM,,,draft,0,,,true,200,20,B10368,2028-12-30,Bulk import: inventory_3000
Hydrochlorothiazide 50mg,hydrochlorothiazide-50mg-tablet,,Hydrochlorothiazide,,,tablet,50mg,,,POM,,,draft,0,,,true,100,20,B10370,2028-12-30,Bulk import: inventory_3000
Spironolactone 50mg,spironolactone-50mg-tablet,,Spironolactone,,,tablet,50mg,,,POM,,,draft,0,,,true,100,20,B10371,2028-12-30,Bulk import: inventory_3000
Atorvastatin 50mg,atorvastatin-50mg-tablet,,Atorvastatin,,,tablet,50mg,,,POM,,,draft,0,,,true,100,20,B10372,2028-12-30,Bulk import: inventory_3000
Simvastatin 50mg,simvastatin-50mg-tablet,,Simvastatin,,,tablet,50mg,,,POM,,,draft,0,,,true,100,20,B10373,2028-12-30,Bulk import: inventory_3000
Salbutamol 50mg,salbutamol-50mg-tablet,,Salbutamol,,,tablet,50mg,,,POM,,,draft,0,,,true,200,20,B10374,2028-12-30,Bulk import: inventory_3000
Aminophylline 50mg,aminophylline-50mg-tablet,,Aminophylline,,,tablet,50mg,,,POM,,,draft,0,,,true,100,20,B10376,2028-12-30,Bulk import: inventory_3000
Omeprazole 50mg,omeprazole-50mg-tablet,,Omeprazole,,,tablet,50mg,,,POM,,,draft,0,,,true,100,20,B10377,2028-12-30,Bulk import: inventory_3000
Cimetidine 50mg,cimetidine-50mg-tablet,,Cimetidine,,,tablet,50mg,,,POM,,,draft,0,,,true,100,20,B10378,2028-12-30,Bulk import: inventory_3000
Metoclopramide 50mg,metoclopramide-50mg-tablet,,Metoclopramide,,,tablet,50mg,,,POM,,,draft,0,,,true,100,20,B10379,2028-12-30,Bulk import: inventory_3000
Zinc Sulfate 50mg,zinc-sulfate-50mg-tablet,,Zinc Sulfate,,,tablet,50mg,,,POM,,,draft,0,,,true,100,20,B10380,2028-12-30,Bulk import: inventory_3000
Bisacodyl 50mg,bisacodyl-50mg-tablet,,Bisacodyl,,,tablet,50mg,,,POM,,,draft,0,,,true,100,20,B10381,2028-12-30,Bulk import: inventory_3000
Metformin 50mg,metformin-50mg-tablet,,Metformin,,,tablet,50mg,,,POM,,,draft,0,,,true,200,20,B10382,2028-12-30,Bulk import: inventory_3000
Glibenclamide 50mg,glibenclamide-50mg-tablet,,Glibenclamide,,,tablet,50mg,,,POM,,,draft,0,,,true,100,20,B10384,2028-12-30,Bulk import: inventory_3000
Glimepiride 50mg,glimepiride-50mg-tablet,,Glimepiride,,,tablet,50mg,,,POM,,,draft,0,,,true,100,20,B10385,2028-12-30,Bulk import: inventory_3000
Levothyroxine 50mg,levothyroxine-50mg-tablet,,Levothyroxine,,,tablet,50mg,,,POM,,,draft,0,,,true,100,20,B10386,2028-12-30,Bulk import: inventory_3000
Carbimazole 50mg,carbimazole-50mg-tablet,,Carbimazole,,,tablet,50mg,,,POM,,,draft,0,,,true,100,20,B10387,2028-12-30,Bulk import: inventory_3000
Folic Acid 50mg,folic-acid-50mg-tablet,,Folic Acid,,,tablet,50mg,,,POM,,,draft,0,,,true,100,20,B10388,2028-12-30,Bulk import: inventory_3000
Oxytocin 50mg,oxytocin-50mg-tablet,,Oxytocin,,,tablet,50mg,,,POM,,,draft,0,,,true,100,20,B10389,2028-12-30,Bulk import: inventory_3000
Misoprostol 50mg,misoprostol-50mg-tablet,,Misoprostol,,,tablet,50mg,,,POM,,,draft,0,,,true,100,20,B10390,2028-12-30,Bulk import: inventory_3000
Magnesium Sulfate 50mg,magnesium-sulfate-50mg-tablet,,Magnesium Sulfate,,,tablet,50mg,,,POM,,,draft,0,,,true,100,20,B10391,2028-12-30,Bulk import: inventory_3000
Amitriptyline 50mg,amitriptyline-50mg-tablet,,Amitriptyline,,,tablet,50mg,,,POM,,,draft,0,,,true,100,20,B10392,2028-12-30,Bulk import: inventory_3000
Fluoxetine 50mg,fluoxetine-50mg-tablet,,Fluoxetine,,,tablet,50mg,,,POM,,,draft,0,,,true,100,20,B10393,2028-12-30,Bulk import: inventory_3000
Haloperidol 50mg,haloperidol-50mg-tablet,,Haloperidol,,,tablet,50mg,,,POM,,,draft,0,,,true,100,20,B10394,2028-12-30,Bulk import: inventory_3000
Chlorpromazine 50mg,chlorpromazine-50mg-tablet,,Chlorpromazine,,,tablet,50mg,,,POM,,,draft,0,,,true,100,20,B10395,2028-12-30,Bulk import: inventory_3000
Halothane 100mg,halothane-100mg-tablet,,Halothane,,,tablet,100mg,,,POM,,,draft,0,,,true,100,20,B10396,2028-12-30,Bulk import: inventory_3000
Ketamine 100mg,ketamine-100mg-tablet,,Ketamine,,,tablet,100mg,,,POM,,,draft,0,,,true,100,20,B10397,2028-12-30,Bulk import: inventory_3000
Nitrous oxide 100mg,nitrous-oxide-100mg-tablet,,Nitrous oxide,,,tablet,100mg,,,POM,,,draft,0,,,true,100,20,B10398,2028-12-30,Bulk import: inventory_3000
Oxygen 100mg,oxygen-100mg-tablet,,Oxygen,,,tablet,100mg,,,POM,,,draft,0,,,true,100,20,B10399,2028-12-30,Bulk import: inventory_3000
Atropine 100mg,atropine-100mg-tablet,,Atropine,,,tablet,100mg,,,POM,,,draft,0,,,true,100,20,B10400,2028-12-30,Bulk import: inventory_3000
Diazepam 100mg,diazepam-100mg-tablet,,Diazepam,,,tablet,100mg,,,POM,,,draft,0,,,true,100,20,B10401,2028-12-30,Bulk import: inventory_3000
Hyoscine N-Butylbromide 100mg,hyoscine-n-butylbromide-100mg-tablet,,Hyoscine N-Butylbromide,,,tablet,100mg,,,POM,,,draft,0,,,true,100,20,B10402,2028-12-30,Bulk import: inventory_3000
Midazolam 100mg,midazolam-100mg-tablet,,Midazolam,,,tablet,100mg,,,POM,,,draft,0,,,true,100,20,B10403,2028-12-30,Bulk import: inventory_3000
Morphine 100mg,morphine-100mg-tablet,,Morphine,,,tablet,100mg,,,POM,,,draft,0,,,true,100,20,B10404,2028-12-30,Bulk import: inventory_3000
Promethazine 100mg,promethazine-100mg-tablet,,Promethazine,,,tablet,100mg,,,POM,,,draft,0,,,true,200,20,B10405,2028-12-30,Bulk import: inventory_3000
Atracurium 100mg,atracurium-100mg-tablet,,Atracurium,,,tablet,100mg,,,POM,,,draft,0,,,true,100,20,B10407,2028-12-30,Bulk import: inventory_3000
Neostigmine 100mg,neostigmine-100mg-tablet,,Neostigmine,,,tablet,100mg,,,POM,,,draft,0,,,true,100,20,B10408,2028-12-30,Bulk import: inventory_3000
Suxamethonium 100mg,suxamethonium-100mg-tablet,,Suxamethonium,,,tablet,100mg,,,POM,,,draft,0,,,true,100,20,B10409,2028-12-30,Bulk import: inventory_3000
Propofol 100mg,propofol-100mg-tablet,,Propofol,,,tablet,100mg,,,POM,,,draft,0,,,true,100,20,B10410,2028-12-30,Bulk import: inventory_3000
Lidocaine 100mg,lidocaine-100mg-tablet,,Lidocaine,,,tablet,100mg,,,POM,,,draft,0,,,true,100,20,B10411,2028-12-30,Bulk import: inventory_3000
Bupivacaine 100mg,bupivacaine-100mg-tablet,,Bupivacaine,,,tablet,100mg,,,POM,,,draft,0,,,true,100,20,B10412,2028-12-30,Bulk import: inventory_3000
Pentazocine 100mg,pentazocine-100mg-tablet,,Pentazocine,,,tablet,100mg,,,POM,,,draft,0,,,true,100,20,B10413,2028-12-30,Bulk import: inventory_3000
Pethidine 100mg,pethidine-100mg-tablet,,Pethidine,,,tablet,100mg,,,POM,,,draft,0,,,true,100,20,B10414,2028-12-30,Bulk import: inventory_3000
Tramadol 100mg,tramadol-100mg-tablet,,Tramadol,,,tablet,100mg,,,POM,,,draft,0,,,true,100,20,B10415,2028-12-30,Bulk import: inventory_3000
Acetylsalicylic Acid 100mg,acetylsalicylic-acid-100mg-tablet,,Acetylsalicylic Acid,,,tablet,100mg,,,POM,,,draft,0,,,true,100,20,B10416,2028-12-30,Bulk import: inventory_3000
Paracetamol 100mg,paracetamol-100mg-tablet,,Paracetamol,,,tablet,100mg,,,POM,,,draft,0,,,true,300,20,B10417,2028-12-30,Bulk import: inventory_3000
Diclofenac Sodium 100mg,diclofenac-sodium-100mg-tablet,,Diclofenac Sodium,,,tablet,100mg,,,POM,,,draft,0,,,true,200,20,B10421,2028-12-30,Bulk import: inventory_3000
Ibuprofen 100mg,ibuprofen-100mg-tablet,,Ibuprofen,,,tablet,100mg,,,POM,,,draft,0,,,true,200,20,B10423,2028-12-30,Bulk import: inventory_3000
Naproxen 100mg,naproxen-100mg-tablet,,Naproxen,,,tablet,100mg,,,POM,,,draft,0,,,true,100,20,B10425,2028-12-30,Bulk import: inventory_3000
Piroxicam 100mg,piroxicam-100mg-tablet,,Piroxicam,,,tablet,100mg,,,POM,,,draft,0,,,true,100,20,B10426,2028-12-30,Bulk import: inventory_3000
Meloxicam 100mg,meloxicam-100mg-tablet,,Meloxicam,,,tablet,100mg,,,POM,,,draft,0,,,true,100,20,B10427,2028-12-30,Bulk import: inventory_3000
Naloxone 100mg,naloxone-100mg-tablet,,Naloxone,,,tablet,100mg,,,POM,,,draft,0,,,true,100,20,B10428,2028-12-30,Bulk import: inventory_3000
Chlorpheniramine 100mg,chlorpheniramine-100mg-tablet,,Chlorpheniramine,,,tablet,100mg,,,POM,,,draft,0,,,true,100,20,B10429,2028-12-30,Bulk import: inventory_3000
Hydrocortisone 100mg,hydrocortisone-100mg-tablet,,Hydrocortisone,,,tablet,100mg,,,POM,,,draft,0,,,true,100,20,B10430,2028-12-30,Bulk import: inventory_3000
Prednisolone 100mg,prednisolone-100mg-tablet,,Prednisolone,,,tablet,100mg,,,POM,,,draft,0,,,true,100,20,B10431,2028-12-30,Bulk import: inventory_3000
Phenobarbital 100mg,phenobarbital-100mg-tablet,,Phenobarbital,,,tablet,100mg,,,POM,,,draft,0,,,true,100,20,B10432,2028-12-30,Bulk import: inventory_3000
Phenytoin 100mg,phenytoin-100mg-tablet,,Phenytoin,,,tablet,100mg,,,POM,,,draft,0,,,true,100,20,B10433,2028-12-30,Bulk import: inventory_3000
Sodium Valproate 100mg,sodium-valproate-100mg-tablet,,Sodium Valproate,,,tablet,100mg,,,POM,,,draft,0,,,true,100,20,B10434,2028-12-30,Bulk import: inventory_3000
Carbamazepine 100mg,carbamazepine-100mg-tablet,,Carbamazepine,,,tablet,100mg,,,POM,,,draft,0,,,true,100,20,B10435,2028-12-30,Bulk import: inventory_3000
Amoxicillin 100mg,amoxicillin-100mg-tablet,,Amoxicillin,,,tablet,100mg,,,POM,,,draft,0,,,true,200,20,B10436,2028-12-30,Bulk import: inventory_3000
Ampicillin 100mg,ampicillin-100mg-tablet,,Ampicillin,,,tablet,100mg,,,POM,,,draft,0,,,true,100,20,B10438,2028-12-30,Bulk import: inventory_3000
Cloxacillin 100mg,cloxacillin-100mg-tablet,,Cloxacillin,,,tablet,100mg,,,POM,,,draft,0,,,true,100,20,B10439,2028-12-30,Bulk import: inventory_3000
Ceftriaxone 100mg,ceftriaxone-100mg-tablet,,Ceftriaxone,,,tablet,100mg,,,POM,,,draft,0,,,true,100,20,B10440,2028-12-30,Bulk import: inventory_3000
Cefuroxime 100mg,cefuroxime-100mg-tablet,,Cefuroxime,,,tablet,100mg,,,POM,,,draft,0,,,true,100,20,B10441,2028-12-30,Bulk import: inventory_3000
Azithromycin 100mg,azithromycin-100mg-tablet,,Azithromycin,,,tablet,100mg,,,POM,,,draft,0,,,true,100,20,B10442,2028-12-30,Bulk import: inventory_3000
Erythromycin 100mg,erythromycin-100mg-tablet,,Erythromycin,,,tablet,100mg,,,POM,,,draft,0,,,true,100,20,B10443,2028-12-30,Bulk import: inventory_3000
Ciprofloxacin 100mg,ciprofloxacin-100mg-tablet,,Ciprofloxacin,,,tablet,100mg,,,POM,,,draft,0,,,true,100,20,B10444,2028-12-30,Bulk import: inventory_3000
Metronidazole 100mg,metronidazole-100mg-tablet,,Metronidazole,,,tablet,100mg,,,POM,,,draft,0,,,true,200,20,B10445,2028-12-30,Bulk import: inventory_3000
Gentamicin 100mg,gentamicin-100mg-tablet,,Gentamicin,,,tablet,100mg,,,POM,,,draft,0,,,true,100,20,B10447,2028-12-30,Bulk import: inventory_3000
Doxycycline 100mg,doxycycline-100mg-tablet,,Doxycycline,,,tablet,100mg,,,POM,,,draft,0,,,true,100,20,B10448,2028-12-30,Bulk import: inventory_3000
Cotrimoxazole 100mg,cotrimoxazole-100mg-tablet,,Cotrimoxazole,,,tablet,100mg,,,POM,,,draft,0,,,true,100,20,B10449,2028-12-30,Bulk import: inventory_3000
Artemether + Lumefantrine 100mg,artemether-lumefantrine-100mg-tablet,,Artemether + Lumefantrine,,,tablet,100mg,,,POM,,,draft,0,,,true,100,20,B10450,2028-12-30,Bulk import: inventory_3000
Artesunate 100mg,artesunate-100mg-tablet,,Artesunate,,,tablet,100mg,,,POM,,,draft,0,,,true,100,20,B10451,2028-12-30,Bulk import: inventory_3000
Amodiaquine 100mg,amodiaquine-100mg-tablet,,Amodiaquine,,,tablet,100mg,,,POM,,,draft,0,,,true,100,20,B10452,2028-12-30,Bulk import: inventory_3000
Quinine 100mg,quinine-100mg-tablet,,Quinine,,,tablet,100mg,,,POM,,,draft,0,,,true,100,20,B10453,2028-12-30,Bulk import: inventory_3000
Fluconazole 100mg,fluconazole-100mg-tablet,,Fluconazole,,,tablet,100mg,,,POM,,,draft,0,,,true,100,20,B10454,2028-12-30,Bulk import: inventory_3000
Nystatin 100mg,nystatin-100mg-tablet,,Nystatin,,,tablet,100mg,,,POM,,,draft,0,,,true,100,20,B10455,2028-12-30,Bulk import: inventory_3000
Amlodipine 100mg,amlodipine-100mg-tablet,,Amlodipine,,,tablet,100mg,,,POM,,,draft,0,,,true,200,20,B10456,2028-12-30,Bulk import: inventory_3000
Lisinopril 100mg,lisinopril-100mg-tablet,,Lisinopril,,,tablet,100mg,,,POM,,,draft,0,,,true,200,20,B10458,2028-12-30,Bulk import: inventory_3000
Atenolol 100mg,atenolol-100mg-tablet,,Atenolol,,,tablet,100mg,,,POM,,,draft,0,,,true,100,20,B10460,2028-12-30,Bulk import: inventory_3000
Propranolol 100mg,propranolol-100mg-tablet,,Propranolol,,,tablet,100mg,,,POM,,,draft,0,,,true,100,20,B10461,2028-12-30,Bulk import: inventory_3000
Methyldopa 100mg,methyldopa-100mg-tablet,,Methyldopa,,,tablet,100mg,,,POM,,,draft,0,,,true,100,20,B10462,2028-12-30,Bulk import: inventory_3000
Hydralazine 100mg,hydralazine-100mg-tablet,,Hydralazine,,,tablet,100mg,,,POM,,,draft,0,,,true,100,20,B10463,2028-12-30,Bulk import: inventory_3000
Glyceryl Trinitrate 100mg,glyceryl-trinitrate-100mg-tablet,,Glyceryl Trinitrate,,,tablet,100mg,,,POM,,,draft,0,,,true,100,20,B10464,2028-12-30,Bulk import: inventory_3000
Isosorbide Dinitrate 100mg,isosorbide-dinitrate-100mg-tablet,,Isosorbide Dinitrate,,,tablet,100mg,,,POM,,,draft,0,,,true,100,20,B10465,2028-12-30,Bulk import: inventory_3000
Digoxin 100mg,digoxin-100mg-tablet,,Digoxin,,,tablet,100mg,,,POM,,,draft,0,,,true,100,20,B10466,2028-12-30,Bulk import: inventory_3000
Furosemide 100mg,furosemide-100mg-tablet,,Furosemide,,,tablet,100mg,,,POM,,,draft,0,,,true,200,20,B10467,2028-12-30,Bulk import: inventory_3000
Hydrochlorothiazide 100mg,hydrochlorothiazide-100mg-tablet,,Hydrochlorothiazide,,,tablet,100mg,,,POM,,,draft,0,,,true,100,20,B10469,2028-12-30,Bulk import: inventory_3000
Spironolactone 100mg,spironolactone-100mg-tablet,,Spironolactone,,,tablet,100mg,,,POM,,,draft,0,,,true,100,20,B10470,2028-12-30,Bulk import: inventory_3000
Atorvastatin 100mg,atorvastatin-100mg-tablet,,Atorvastatin,,,tablet,100mg,,,POM,,,draft,0,,,true,100,20,B10471,2028-12-30,Bulk import: inventory_3000
Simvastatin 100mg,simvastatin-100mg-tablet,,Simvastatin,,,tablet,100mg,,,POM,,,draft,0,,,true,100,20,B10472,2028-12-30,Bulk import: inventory_3000
Salbutamol 100mg,salbutamol-100mg-tablet,,Salbutamol,,,tablet,100mg,,,POM,,,draft,0,,,true,200,20,B10473,2028-12-30,Bulk import: inventory_3000
Aminophylline 100mg,aminophylline-100mg-tablet,,Aminophylline,,,tablet,100mg,,,POM,,,draft,0,,,true,100,20,B10475,2028-12-30,Bulk import: inventory_3000
Omeprazole 100mg,omeprazole-100mg-tablet,,Omeprazole,,,tablet,100mg,,,POM,,,draft,0,,,true,100,20,B10476,2028-12-30,Bulk import: inventory_3000
Cimetidine 100mg,cimetidine-100mg-tablet,,Cimetidine,,,tablet,100mg,,,POM,,,draft,0,,,true,100,20,B10477,2028-12-30,Bulk import: inventory_3000
Metoclopramide 100mg,metoclopramide-100mg-tablet,,Metoclopramide,,,tablet,100mg,,,POM,,,draft,0,,,true,100,20,B10478,2028-12-30,Bulk import: inventory_3000
Zinc Sulfate 100mg,zinc-sulfate-100mg-tablet,,Zinc Sulfate,,,tablet,100mg,,,POM,,,draft,0,,,true,100,20,B10479,2028-12-30,Bulk import: inventory_3000
Bisacodyl 100mg,bisacodyl-100mg-tablet,,Bisacodyl,,,tablet,100mg,,,POM,,,draft,0,,,true,100,20,B10480,2028-12-30,Bulk import: inventory_3000
Metformin 100mg,metformin-100mg-tablet,,Metformin,,,tablet,100mg,,,POM,,,draft,0,,,true,200,20,B10481,2028-12-30,Bulk import: inventory_3000
Glibenclamide 100mg,glibenclamide-100mg-tablet,,Glibenclamide,,,tablet,100mg,,,POM,,,draft,0,,,true,100,20,B10483,2028-12-30,Bulk import: inventory_3000
Glimepiride 100mg,glimepiride-100mg-tablet,,Glimepiride,,,tablet,100mg,,,POM,,,draft,0,,,true,100,20,B10484,2028-12-30,Bulk import: inventory_3000
Levothyroxine 100mg,levothyroxine-100mg-tablet,,Levothyroxine,,,tablet,100mg,,,POM,,,draft,0,,,true,100,20,B10485,2028-12-30,Bulk import: inventory_3000
Carbimazole 100mg,carbimazole-100mg-tablet,,Carbimazole,,,tablet,100mg,,,POM,,,draft,0,,,true,100,20,B10486,2028-12-30,Bulk import: inventory_3000
Folic Acid 100mg,folic-acid-100mg-tablet,,Folic Acid,,,tablet,100mg,,,POM,,,draft,0,,,true,100,20,B10487,2028-12-30,Bulk import: inventory_3000
Oxytocin 100mg,oxytocin-100mg-tablet,,Oxytocin,,,tablet,100mg,,,POM,,,draft,0,,,true,100,20,B10488,2028-12-30,Bulk import: inventory_3000
Misoprostol 100mg,misoprostol-100mg-tablet,,Misoprostol,,,tablet,100mg,,,POM,,,draft,0,,,true,100,20,B10489,2028-12-30,Bulk import: inventory_3000
Magnesium Sulfate 100mg,magnesium-sulfate-100mg-tablet,,Magnesium Sulfate,,,tablet,100mg,,,POM,,,draft,0,,,true,100,20,B10490,2028-12-30,Bulk import: inventory_3000
Amitriptyline 100mg,amitriptyline-100mg-tablet,,Amitriptyline,,,tablet,100mg,,,POM,,,draft,0,,,true,100,20,B10491,2028-12-30,Bulk import: inventory_3000
Fluoxetine 100mg,fluoxetine-100mg-tablet,,Fluoxetine,,,tablet,100mg,,,POM,,,draft,0,,,true,100,20,B10492,2028-12-30,Bulk import: inventory_3000
Haloperidol 100mg,haloperidol-100mg-tablet,,Haloperidol,,,tablet,100mg,,,POM,,,draft,0,,,true,100,20,B10493,2028-12-30,Bulk import: inventory_3000
Halothane 250mg,halothane-250mg-tablet,,Halothane,,,tablet,250mg,,,POM,,,draft,0,,,true,100,20,B10495,2028-12-30,Bulk import: inventory_3000
Ketamine 250mg,ketamine-250mg-tablet,,Ketamine,,,tablet,250mg,,,POM,,,draft,0,,,true,100,20,B10496,2028-12-30,Bulk import: inventory_3000
Nitrous oxide 250mg,nitrous-oxide-250mg-tablet,,Nitrous oxide,,,tablet,250mg,,,POM,,,draft,0,,,true,100,20,B10497,2028-12-30,Bulk import: inventory_3000
Oxygen 250mg,oxygen-250mg-tablet,,Oxygen,,,tablet,250mg,,,POM,,,draft,0,,,true,100,20,B10498,2028-12-30,Bulk import: inventory_3000
Atropine 250mg,atropine-250mg-tablet,,Atropine,,,tablet,250mg,,,POM,,,draft,0,,,true,100,20,B10499,2028-12-30,Bulk import: inventory_3000
Diazepam 250mg,diazepam-250mg-tablet,,Diazepam,,,tablet,250mg,,,POM,,,draft,0,,,true,100,20,B10500,2028-12-30,Bulk import: inventory_3000
Hyoscine N-Butylbromide 250mg,hyoscine-n-butylbromide-250mg-tablet,,Hyoscine N-Butylbromide,,,tablet,250mg,,,POM,,,draft,0,,,true,100,20,B10501,2028-12-30,Bulk import: inventory_3000
Midazolam 250mg,midazolam-250mg-tablet,,Midazolam,,,tablet,250mg,,,POM,,,draft,0,,,true,100,20,B10502,2028-12-30,Bulk import: inventory_3000
Morphine 250mg,morphine-250mg-tablet,,Morphine,,,tablet,250mg,,,POM,,,draft,0,,,true,100,20,B10503,2028-12-30,Bulk import: inventory_3000
Promethazine 250mg,promethazine-250mg-tablet,,Promethazine,,,tablet,250mg,,,POM,,,draft,0,,,true,200,20,B10504,2028-12-30,Bulk import: inventory_3000
Atracurium 250mg,atracurium-250mg-tablet,,Atracurium,,,tablet,250mg,,,POM,,,draft,0,,,true,100,20,B10506,2028-12-30,Bulk import: inventory_3000
Neostigmine 250mg,neostigmine-250mg-tablet,,Neostigmine,,,tablet,250mg,,,POM,,,draft,0,,,true,100,20,B10507,2028-12-30,Bulk import: inventory_3000
Suxamethonium 250mg,suxamethonium-250mg-tablet,,Suxamethonium,,,tablet,250mg,,,POM,,,draft,0,,,true,100,20,B10508,2028-12-30,Bulk import: inventory_3000
Propofol 250mg,propofol-250mg-tablet,,Propofol,,,tablet,250mg,,,POM,,,draft,0,,,true,100,20,B10509,2028-12-30,Bulk import: inventory_3000
Lidocaine 250mg,lidocaine-250mg-tablet,,Lidocaine,,,tablet,250mg,,,POM,,,draft,0,,,true,100,20,B10510,2028-12-30,Bulk import: inventory_3000
Bupivacaine 250mg,bupivacaine-250mg-tablet,,Bupivacaine,,,tablet,250mg,,,POM,,,draft,0,,,true,100,20,B10511,2028-12-30,Bulk import: inventory_3000
Pentazocine 250mg,pentazocine-250mg-tablet,,Pentazocine,,,tablet,250mg,,,POM,,,draft,0,,,true,100,20,B10512,2028-12-30,Bulk import: inventory_3000
Pethidine 250mg,pethidine-250mg-tablet,,Pethidine,,,tablet,250mg,,,POM,,,draft,0,,,true,100,20,B10513,2028-12-30,Bulk import: inventory_3000
Tramadol 250mg,tramadol-250mg-tablet,,Tramadol,,,tablet,250mg,,,POM,,,draft,0,,,true,100,20,B10514,2028-12-30,Bulk import: inventory_3000
Acetylsalicylic Acid 250mg,acetylsalicylic-acid-250mg-tablet,,Acetylsalicylic Acid,,,tablet,250mg,,,POM,,,draft,0,,,true,100,20,B10515,2028-12-30,Bulk import: inventory_3000
Paracetamol 250mg,paracetamol-250mg-tablet,,Paracetamol,,,tablet,250mg,,,POM,,,draft,0,,,true,300,20,B10516,2028-12-30,Bulk import: inventory_3000
Allopurinol 250mg,allopurinol-250mg-tablet,,Allopurinol,,,tablet,250mg,,,POM,,,draft,0,,,true,100,20,B10519,2028-12-30,Bulk import: inventory_3000
Diclofenac Sodium 250mg,diclofenac-sodium-250mg-tablet,,Diclofenac Sodium,,,tablet,250mg,,,POM,,,draft,0,,,true,200,20,B10520,2028-12-30,Bulk import: inventory_3000
Ibuprofen 250mg,ibuprofen-250mg-tablet,,Ibuprofen,,,tablet,250mg,,,POM,,,draft,0,,,true,200,20,B10522,2028-12-30,Bulk import: inventory_3000
Piroxicam 250mg,piroxicam-250mg-tablet,,Piroxicam,,,tablet,250mg,,,POM,,,draft,0,,,true,100,20,B10525,2028-12-30,Bulk import: inventory_3000
Meloxicam 250mg,meloxicam-250mg-tablet,,Meloxicam,,,tablet,250mg,,,POM,,,draft,0,,,true,100,20,B10526,2028-12-30,Bulk import: inventory_3000
Naloxone 250mg,naloxone-250mg-tablet,,Naloxone,,,tablet,250mg,,,POM,,,draft,0,,,true,100,20,B10527,2028-12-30,Bulk import: inventory_3000
Chlorpheniramine 250mg,chlorpheniramine-250mg-tablet,,Chlorpheniramine,,,tablet,250mg,,,POM,,,draft,0,,,true,100,20,B10528,2028-12-30,Bulk import: inventory_3000
Hydrocortisone 250mg,hydrocortisone-250mg-tablet,,Hydrocortisone,,,tablet,250mg,,,POM,,,draft,0,,,true,100,20,B10529,2028-12-30,Bulk import: inventory_3000
Prednisolone 250mg,prednisolone-250mg-tablet,,Prednisolone,,,tablet,250mg,,,POM,,,draft,0,,,true,100,20,B10530,2028-12-30,Bulk import: inventory_3000
Phenobarbital 250mg,phenobarbital-250mg-tablet,,Phenobarbital,,,tablet,250mg,,,POM,,,draft,0,,,true,100,20,B10531,2028-12-30,Bulk import: inventory_3000
Phenytoin 250mg,phenytoin-250mg-tablet,,Phenytoin,,,tablet,250mg,,,POM,,,draft,0,,,true,100,20,B10532,2028-12-30,Bulk import: inventory_3000
Sodium Valproate 250mg,sodium-valproate-250mg-tablet,,Sodium Valproate,,,tablet,250mg,,,POM,,,draft,0,,,true,100,20,B10533,2028-12-30,Bulk import: inventory_3000
Carbamazepine 250mg,carbamazepine-250mg-tablet,,Carbamazepine,,,tablet,250mg,,,POM,,,draft,0,,,true,100,20,B10534,2028-12-30,Bulk import: inventory_3000
Amoxicillin 250mg,amoxicillin-250mg-tablet,,Amoxicillin,,,tablet,250mg,,,POM,,,draft,0,,,true,200,20,B10535,2028-12-30,Bulk import: inventory_3000
Ampicillin 250mg,ampicillin-250mg-tablet,,Ampicillin,,,tablet,250mg,,,POM,,,draft,0,,,true,100,20,B10537,2028-12-30,Bulk import: inventory_3000
Cloxacillin 250mg,cloxacillin-250mg-tablet,,Cloxacillin,,,tablet,250mg,,,POM,,,draft,0,,,true,100,20,B10538,2028-12-30,Bulk import: inventory_3000
Ceftriaxone 250mg,ceftriaxone-250mg-tablet,,Ceftriaxone,,,tablet,250mg,,,POM,,,draft,0,,,true,100,20,B10539,2028-12-30,Bulk import: inventory_3000
Azithromycin 250mg,azithromycin-250mg-tablet,,Azithromycin,,,tablet,250mg,,,POM,,,draft,0,,,true,100,20,B10541,2028-12-30,Bulk import: inventory_3000
Ciprofloxacin 250mg,ciprofloxacin-250mg-tablet,,Ciprofloxacin,,,tablet,250mg,,,POM,,,draft,0,,,true,100,20,B10543,2028-12-30,Bulk import: inventory_3000
Metronidazole 250mg,metronidazole-250mg-tablet,,Metronidazole,,,tablet,250mg,,,POM,,,draft,0,,,true,200,20,B10544,2028-12-30,Bulk import: inventory_3000
Gentamicin 250mg,gentamicin-250mg-tablet,,Gentamicin,,,tablet,250mg,,,POM,,,draft,0,,,true,100,20,B10546,2028-12-30,Bulk import: inventory_3000
Doxycycline 250mg,doxycycline-250mg-tablet,,Doxycycline,,,tablet,250mg,,,POM,,,draft,0,,,true,100,20,B10547,2028-12-30,Bulk import: inventory_3000
Cotrimoxazole 250mg,cotrimoxazole-250mg-tablet,,Cotrimoxazole,,,tablet,250mg,,,POM,,,draft,0,,,true,100,20,B10548,2028-12-30,Bulk import: inventory_3000
Artemether + Lumefantrine 250mg,artemether-lumefantrine-250mg-tablet,,Artemether + Lumefantrine,,,tablet,250mg,,,POM,,,draft,0,,,true,100,20,B10549,2028-12-30,Bulk import: inventory_3000
Artesunate 250mg,artesunate-250mg-tablet,,Artesunate,,,tablet,250mg,,,POM,,,draft,0,,,true,100,20,B10550,2028-12-30,Bulk import: inventory_3000
Amodiaquine 250mg,amodiaquine-250mg-tablet,,Amodiaquine,,,tablet,250mg,,,POM,,,draft,0,,,true,100,20,B10551,2028-12-30,Bulk import: inventory_3000
Quinine 250mg,quinine-250mg-tablet,,Quinine,,,tablet,250mg,,,POM,,,draft,0,,,true,100,20,B10552,2028-12-30,Bulk import: inventory_3000
Fluconazole 250mg,fluconazole-250mg-tablet,,Fluconazole,,,tablet,250mg,,,POM,,,draft,0,,,true,100,20,B10553,2028-12-30,Bulk import: inventory_3000
Nystatin 250mg,nystatin-250mg-tablet,,Nystatin,,,tablet,250mg,,,POM,,,draft,0,,,true,100,20,B10554,2028-12-30,Bulk import: inventory_3000
Amlodipine 250mg,amlodipine-250mg-tablet,,Amlodipine,,,tablet,250mg,,,POM,,,draft,0,,,true,200,20,B10555,2028-12-30,Bulk import: inventory_3000
Lisinopril 250mg,lisinopril-250mg-tablet,,Lisinopril,,,tablet,250mg,,,POM,,,draft,0,,,true,200,20,B10557,2028-12-30,Bulk import: inventory_3000
Atenolol 250mg,atenolol-250mg-tablet,,Atenolol,,,tablet,250mg,,,POM,,,draft,0,,,true,100,20,B10559,2028-12-30,Bulk import: inventory_3000
Propranolol 250mg,propranolol-250mg-tablet,,Propranolol,,,tablet,250mg,,,POM,,,draft,0,,,true,100,20,B10560,2028-12-30,Bulk import: inventory_3000
Hydralazine 250mg,hydralazine-250mg-tablet,,Hydralazine,,,tablet,250mg,,,POM,,,draft,0,,,true,100,20,B10562,2028-12-30,Bulk import: inventory_3000
Glyceryl Trinitrate 250mg,glyceryl-trinitrate-250mg-tablet,,Glyceryl Trinitrate,,,tablet,250mg,,,POM,,,draft,0,,,true,100,20,B10563,2028-12-30,Bulk import: inventory_3000
Isosorbide Dinitrate 250mg,isosorbide-dinitrate-250mg-tablet,,Isosorbide Dinitrate,,,tablet,250mg,,,POM,,,draft,0,,,true,100,20,B10564,2028-12-30,Bulk import: inventory_3000
Digoxin 250mg,digoxin-250mg-tablet,,Digoxin,,,tablet,250mg,,,POM,,,draft,0,,,true,100,20,B10565,2028-12-30,Bulk import: inventory_3000
Furosemide 250mg,furosemide-250mg-tablet,,Furosemide,,,tablet,250mg,,,POM,,,draft,0,,,true,200,20,B10566,2028-12-30,Bulk import: inventory_3000
Hydrochlorothiazide 250mg,hydrochlorothiazide-250mg-tablet,,Hydrochlorothiazide,,,tablet,250mg,,,POM,,,draft,0,,,true,100,20,B10568,2028-12-30,Bulk import: inventory_3000
Spironolactone 250mg,spironolactone-250mg-tablet,,Spironolactone,,,tablet,250mg,,,POM,,,draft,0,,,true,100,20,B10569,2028-12-30,Bulk import: inventory_3000
Atorvastatin 250mg,atorvastatin-250mg-tablet,,Atorvastatin,,,tablet,250mg,,,POM,,,draft,0,,,true,100,20,B10570,2028-12-30,Bulk import: inventory_3000
Simvastatin 250mg,simvastatin-250mg-tablet,,Simvastatin,,,tablet,250mg,,,POM,,,draft,0,,,true,100,20,B10571,2028-12-30,Bulk import: inventory_3000
Salbutamol 250mg,salbutamol-250mg-tablet,,Salbutamol,,,tablet,250mg,,,POM,,,draft,0,,,true,200,20,B10572,2028-12-30,Bulk import: inventory_3000
Aminophylline 250mg,aminophylline-250mg-tablet,,Aminophylline,,,tablet,250mg,,,POM,,,draft,0,,,true,100,20,B10574,2028-12-30,Bulk import: inventory_3000
Omeprazole 250mg,omeprazole-250mg-tablet,,Omeprazole,,,tablet,250mg,,,POM,,,draft,0,,,true,100,20,B10575,2028-12-30,Bulk import: inventory_3000
Cimetidine 250mg,cimetidine-250mg-tablet,,Cimetidine,,,tablet,250mg,,,POM,,,draft,0,,,true,100,20,B10576,2028-12-30,Bulk import: inventory_3000
Metoclopramide 250mg,metoclopramide-250mg-tablet,,Metoclopramide,,,tablet,250mg,,,POM,,,draft,0,,,true,100,20,B10577,2028-12-30,Bulk import: inventory_3000
Zinc Sulfate 250mg,zinc-sulfate-250mg-tablet,,Zinc Sulfate,,,tablet,250mg,,,POM,,,draft,0,,,true,100,20,B10578,2028-12-30,Bulk import: inventory_3000
Bisacodyl 250mg,bisacodyl-250mg-tablet,,Bisacodyl,,,tablet,250mg,,,POM,,,draft,0,,,true,100,20,B10579,2028-12-30,Bulk import: inventory_3000
Metformin 250mg,metformin-250mg-tablet,,Metformin,,,tablet,250mg,,,POM,,,draft,0,,,true,200,20,B10580,2028-12-30,Bulk import: inventory_3000
Glibenclamide 250mg,glibenclamide-250mg-tablet,,Glibenclamide,,,tablet,250mg,,,POM,,,draft,0,,,true,100,20,B10582,2028-12-30,Bulk import: inventory_3000
Glimepiride 250mg,glimepiride-250mg-tablet,,Glimepiride,,,tablet,250mg,,,POM,,,draft,0,,,true,100,20,B10583,2028-12-30,Bulk import: inventory_3000
Levothyroxine 250mg,levothyroxine-250mg-tablet,,Levothyroxine,,,tablet,250mg,,,POM,,,draft,0,,,true,100,20,B10584,2028-12-30,Bulk import: inventory_3000
Carbimazole 250mg,carbimazole-250mg-tablet,,Carbimazole,,,tablet,250mg,,,POM,,,draft,0,,,true,100,20,B10585,2028-12-30,Bulk import: inventory_3000
Folic Acid 250mg,folic-acid-250mg-tablet,,Folic Acid,,,tablet,250mg,,,POM,,,draft,0,,,true,100,20,B10586,2028-12-30,Bulk import: inventory_3000
Oxytocin 250mg,oxytocin-250mg-tablet,,Oxytocin,,,tablet,250mg,,,POM,,,draft,0,,,true,100,20,B10587,2028-12-30,Bulk import: inventory_3000
Misoprostol 250mg,misoprostol-250mg-tablet,,Misoprostol,,,tablet,250mg,,,POM,,,draft,0,,,true,100,20,B10588,2028-12-30,Bulk import: inventory_3000
Magnesium Sulfate 250mg,magnesium-sulfate-250mg-tablet,,Magnesium Sulfate,,,tablet,250mg,,,POM,,,draft,0,,,true,100,20,B10589,2028-12-30,Bulk import: inventory_3000
Amitriptyline 250mg,amitriptyline-250mg-tablet,,Amitriptyline,,,tablet,250mg,,,POM,,,draft,0,,,true,100,20,B10590,2028-12-30,Bulk import: inventory_3000
Fluoxetine 250mg,fluoxetine-250mg-tablet,,Fluoxetine,,,tablet,250mg,,,POM,,,draft,0,,,true,100,20,B10591,2028-12-30,Bulk import: inventory_3000
Haloperidol 250mg,haloperidol-250mg-tablet,,Haloperidol,,,tablet,250mg,,,POM,,,draft,0,,,true,100,20,B10592,2028-12-30,Bulk import: inventory_3000
Chlorpromazine 250mg,chlorpromazine-250mg-tablet,,Chlorpromazine,,,tablet,250mg,,,POM,,,draft,0,,,true,100,20,B10593,2028-12-30,Bulk import: inventory_3000
Halothane 500mg,halothane-500mg-tablet,,Halothane,,,tablet,500mg,,,POM,,,draft,0,,,true,100,20,B10594,2028-12-30,Bulk import: inventory_3000
Ketamine 500mg,ketamine-500mg-tablet,,Ketamine,,,tablet,500mg,,,POM,,,draft,0,,,true,100,20,B10595,2028-12-30,Bulk import: inventory_3000
Nitrous oxide 500mg,nitrous-oxide-500mg-tablet,,Nitrous oxide,,,tablet,500mg,,,POM,,,draft,0,,,true,100,20,B10596,2028-12-30,Bulk import: inventory_3000
Oxygen 500mg,oxygen-500mg-tablet,,Oxygen,,,tablet,500mg,,,POM,,,draft,0,,,true,100,20,B10597,2028-12-30,Bulk import: inventory_3000
Atropine 500mg,atropine-500mg-tablet,,Atropine,,,tablet,500mg,,,POM,,,draft,0,,,true,100,20,B10598,2028-12-30,Bulk import: inventory_3000
Diazepam 500mg,diazepam-500mg-tablet,,Diazepam,,,tablet,500mg,,,POM,,,draft,0,,,true,100,20,B10599,2028-12-30,Bulk import: inventory_3000
Hyoscine N-Butylbromide 500mg,hyoscine-n-butylbromide-500mg-tablet,,Hyoscine N-Butylbromide,,,tablet,500mg,,,POM,,,draft,0,,,true,100,20,B10600,2028-12-30,Bulk import: inventory_3000
Midazolam 500mg,midazolam-500mg-tablet,,Midazolam,,,tablet,500mg,,,POM,,,draft,0,,,true,100,20,B10601,2028-12-30,Bulk import: inventory_3000
Morphine 500mg,morphine-500mg-tablet,,Morphine,,,tablet,500mg,,,POM,,,draft,0,,,true,100,20,B10602,2028-12-30,Bulk import: inventory_3000
Promethazine 500mg,promethazine-500mg-tablet,,Promethazine,,,tablet,500mg,,,POM,,,draft,0,,,true,200,20,B10603,2028-12-30,Bulk import: inventory_3000
Atracurium 500mg,atracurium-500mg-tablet,,Atracurium,,,tablet,500mg,,,POM,,,draft,0,,,true,100,20,B10605,2028-12-30,Bulk import: inventory_3000
Neostigmine 500mg,neostigmine-500mg-tablet,,Neostigmine,,,tablet,500mg,,,POM,,,draft,0,,,true,100,20,B10606,2028-12-30,Bulk import: inventory_3000
Suxamethonium 500mg,suxamethonium-500mg-tablet,,Suxamethonium,,,tablet,500mg,,,POM,,,draft,0,,,true,100,20,B10607,2028-12-30,Bulk import: inventory_3000
Propofol 500mg,propofol-500mg-tablet,,Propofol,,,tablet,500mg,,,POM,,,draft,0,,,true,100,20,B10608,2028-12-30,Bulk import: inventory_3000
Lidocaine 500mg,lidocaine-500mg-tablet,,Lidocaine,,,tablet,500mg,,,POM,,,draft,0,,,true,100,20,B10609,2028-12-30,Bulk import: inventory_3000
Bupivacaine 500mg,bupivacaine-500mg-tablet,,Bupivacaine,,,tablet,500mg,,,POM,,,draft,0,,,true,100,20,B10610,2028-12-30,Bulk import: inventory_3000
Pentazocine 500mg,pentazocine-500mg-tablet,,Pentazocine,,,tablet,500mg,,,POM,,,draft,0,,,true,100,20,B10611,2028-12-30,Bulk import: inventory_3000
Pethidine 500mg,pethidine-500mg-tablet,,Pethidine,,,tablet,500mg,,,POM,,,draft,0,,,true,100,20,B10612,2028-12-30,Bulk import: inventory_3000
Tramadol 500mg,tramadol-500mg-tablet,,Tramadol,,,tablet,500mg,,,POM,,,draft,0,,,true,100,20,B10613,2028-12-30,Bulk import: inventory_3000
Acetylsalicylic Acid 500mg,acetylsalicylic-acid-500mg-tablet,,Acetylsalicylic Acid,,,tablet,500mg,,,POM,,,draft,0,,,true,100,20,B10614,2028-12-30,Bulk import: inventory_3000
Allopurinol 500mg,allopurinol-500mg-tablet,,Allopurinol,,,tablet,500mg,,,POM,,,draft,0,,,true,100,20,B10618,2028-12-30,Bulk import: inventory_3000
Diclofenac Sodium 500mg,diclofenac-sodium-500mg-tablet,,Diclofenac Sodium,,,tablet,500mg,,,POM,,,draft,0,,,true,200,20,B10619,2028-12-30,Bulk import: inventory_3000
Ibuprofen 500mg,ibuprofen-500mg-tablet,,Ibuprofen,,,tablet,500mg,,,POM,,,draft,0,,,true,200,20,B10621,2028-12-30,Bulk import: inventory_3000
Naproxen 500mg,naproxen-500mg-tablet,,Naproxen,,,tablet,500mg,,,POM,,,draft,0,,,true,100,20,B10623,2028-12-30,Bulk import: inventory_3000
Piroxicam 500mg,piroxicam-500mg-tablet,,Piroxicam,,,tablet,500mg,,,POM,,,draft,0,,,true,100,20,B10624,2028-12-30,Bulk import: inventory_3000
Meloxicam 500mg,meloxicam-500mg-tablet,,Meloxicam,,,tablet,500mg,,,POM,,,draft,0,,,true,100,20,B10625,2028-12-30,Bulk import: inventory_3000
Naloxone 500mg,naloxone-500mg-tablet,,Naloxone,,,tablet,500mg,,,POM,,,draft,0,,,true,100,20,B10626,2028-12-30,Bulk import: inventory_3000
Chlorpheniramine 500mg,chlorpheniramine-500mg-tablet,,Chlorpheniramine,,,tablet,500mg,,,POM,,,draft,0,,,true,100,20,B10627,2028-12-30,Bulk import: inventory_3000
Hydrocortisone 500mg,hydrocortisone-500mg-tablet,,Hydrocortisone,,,tablet,500mg,,,POM,,,draft,0,,,true,100,20,B10628,2028-12-30,Bulk import: inventory_3000
Prednisolone 500mg,prednisolone-500mg-tablet,,Prednisolone,,,tablet,500mg,,,POM,,,draft,0,,,true,100,20,B10629,2028-12-30,Bulk import: inventory_3000
Phenobarbital 500mg,phenobarbital-500mg-tablet,,Phenobarbital,,,tablet,500mg,,,POM,,,draft,0,,,true,100,20,B10630,2028-12-30,Bulk import: inventory_3000
Phenytoin 500mg,phenytoin-500mg-tablet,,Phenytoin,,,tablet,500mg,,,POM,,,draft,0,,,true,100,20,B10631,2028-12-30,Bulk import: inventory_3000
Sodium Valproate 500mg,sodium-valproate-500mg-tablet,,Sodium Valproate,,,tablet,500mg,,,POM,,,draft,0,,,true,100,20,B10632,2028-12-30,Bulk import: inventory_3000
Carbamazepine 500mg,carbamazepine-500mg-tablet,,Carbamazepine,,,tablet,500mg,,,POM,,,draft,0,,,true,100,20,B10633,2028-12-30,Bulk import: inventory_3000
Amoxicillin 500mg,amoxicillin-500mg-tablet,,Amoxicillin,,,tablet,500mg,,,POM,,,draft,0,,,true,200,20,B10634,2028-12-30,Bulk import: inventory_3000
Ampicillin 500mg,ampicillin-500mg-tablet,,Ampicillin,,,tablet,500mg,,,POM,,,draft,0,,,true,100,20,B10636,2028-12-30,Bulk import: inventory_3000
Cloxacillin 500mg,cloxacillin-500mg-tablet,,Cloxacillin,,,tablet,500mg,,,POM,,,draft,0,,,true,100,20,B10637,2028-12-30,Bulk import: inventory_3000
Ceftriaxone 500mg,ceftriaxone-500mg-tablet,,Ceftriaxone,,,tablet,500mg,,,POM,,,draft,0,,,true,100,20,B10638,2028-12-30,Bulk import: inventory_3000
Cefuroxime 500mg,cefuroxime-500mg-tablet,,Cefuroxime,,,tablet,500mg,,,POM,,,draft,0,,,true,100,20,B10639,2028-12-30,Bulk import: inventory_3000
Erythromycin 500mg,erythromycin-500mg-tablet,,Erythromycin,,,tablet,500mg,,,POM,,,draft,0,,,true,100,20,B10641,2028-12-30,Bulk import: inventory_3000
Metronidazole 500mg,metronidazole-500mg-tablet,,Metronidazole,,,tablet,500mg,,,POM,,,draft,0,,,true,200,20,B10643,2028-12-30,Bulk import: inventory_3000
Gentamicin 500mg,gentamicin-500mg-tablet,,Gentamicin,,,tablet,500mg,,,POM,,,draft,0,,,true,100,20,B10645,2028-12-30,Bulk import: inventory_3000
Doxycycline 500mg,doxycycline-500mg-tablet,,Doxycycline,,,tablet,500mg,,,POM,,,draft,0,,,true,100,20,B10646,2028-12-30,Bulk import: inventory_3000
Cotrimoxazole 500mg,cotrimoxazole-500mg-tablet,,Cotrimoxazole,,,tablet,500mg,,,POM,,,draft,0,,,true,100,20,B10647,2028-12-30,Bulk import: inventory_3000
Artemether + Lumefantrine 500mg,artemether-lumefantrine-500mg-tablet,,Artemether + Lumefantrine,,,tablet,500mg,,,POM,,,draft,0,,,true,100,20,B10648,2028-12-30,Bulk import: inventory_3000
Artesunate 500mg,artesunate-500mg-tablet,,Artesunate,,,tablet,500mg,,,POM,,,draft,0,,,true,100,20,B10649,2028-12-30,Bulk import: inventory_3000
Amodiaquine 500mg,amodiaquine-500mg-tablet,,Amodiaquine,,,tablet,500mg,,,POM,,,draft,0,,,true,100,20,B10650,2028-12-30,Bulk import: inventory_3000
Quinine 500mg,quinine-500mg-tablet,,Quinine,,,tablet,500mg,,,POM,,,draft,0,,,true,100,20,B10651,2028-12-30,Bulk import: inventory_3000
Fluconazole 500mg,fluconazole-500mg-tablet,,Fluconazole,,,tablet,500mg,,,POM,,,draft,0,,,true,100,20,B10652,2028-12-30,Bulk import: inventory_3000
Nystatin 500mg,nystatin-500mg-tablet,,Nystatin,,,tablet,500mg,,,POM,,,draft,0,,,true,100,20,B10653,2028-12-30,Bulk import: inventory_3000
Amlodipine 500mg,amlodipine-500mg-tablet,,Amlodipine,,,tablet,500mg,,,POM,,,draft,0,,,true,200,20,B10654,2028-12-30,Bulk import: inventory_3000
Lisinopril 500mg,lisinopril-500mg-tablet,,Lisinopril,,,tablet,500mg,,,POM,,,draft,0,,,true,200,20,B10656,2028-12-30,Bulk import: inventory_3000
Atenolol 500mg,atenolol-500mg-tablet,,Atenolol,,,tablet,500mg,,,POM,,,draft,0,,,true,100,20,B10658,2028-12-30,Bulk import: inventory_3000
Propranolol 500mg,propranolol-500mg-tablet,,Propranolol,,,tablet,500mg,,,POM,,,draft,0,,,true,100,20,B10659,2028-12-30,Bulk import: inventory_3000
Methyldopa 500mg,methyldopa-500mg-tablet,,Methyldopa,,,tablet,500mg,,,POM,,,draft,0,,,true,100,20,B10660,2028-12-30,Bulk import: inventory_3000
Hydralazine 500mg,hydralazine-500mg-tablet,,Hydralazine,,,tablet,500mg,,,POM,,,draft,0,,,true,100,20,B10661,2028-12-30,Bulk import: inventory_3000
Glyceryl Trinitrate 500mg,glyceryl-trinitrate-500mg-tablet,,Glyceryl Trinitrate,,,tablet,500mg,,,POM,,,draft,0,,,true,100,20,B10662,2028-12-30,Bulk import: inventory_3000
Isosorbide Dinitrate 500mg,isosorbide-dinitrate-500mg-tablet,,Isosorbide Dinitrate,,,tablet,500mg,,,POM,,,draft,0,,,true,100,20,B10663,2028-12-30,Bulk import: inventory_3000
Digoxin 500mg,digoxin-500mg-tablet,,Digoxin,,,tablet,500mg,,,POM,,,draft,0,,,true,100,20,B10664,2028-12-30,Bulk import: inventory_3000
Furosemide 500mg,furosemide-500mg-tablet,,Furosemide,,,tablet,500mg,,,POM,,,draft,0,,,true,200,20,B10665,2028-12-30,Bulk import: inventory_3000
Hydrochlorothiazide 500mg,hydrochlorothiazide-500mg-tablet,,Hydrochlorothiazide,,,tablet,500mg,,,POM,,,draft,0,,,true,100,20,B10667,2028-12-30,Bulk import: inventory_3000
Spironolactone 500mg,spironolactone-500mg-tablet,,Spironolactone,,,tablet,500mg,,,POM,,,draft,0,,,true,100,20,B10668,2028-12-30,Bulk import: inventory_3000
Atorvastatin 500mg,atorvastatin-500mg-tablet,,Atorvastatin,,,tablet,500mg,,,POM,,,draft,0,,,true,100,20,B10669,2028-12-30,Bulk import: inventory_3000
Simvastatin 500mg,simvastatin-500mg-tablet,,Simvastatin,,,tablet,500mg,,,POM,,,draft,0,,,true,100,20,B10670,2028-12-30,Bulk import: inventory_3000
Salbutamol 500mg,salbutamol-500mg-tablet,,Salbutamol,,,tablet,500mg,,,POM,,,draft,0,,,true,200,20,B10671,2028-12-30,Bulk import: inventory_3000
Aminophylline 500mg,aminophylline-500mg-tablet,,Aminophylline,,,tablet,500mg,,,POM,,,draft,0,,,true,100,20,B10673,2028-12-30,Bulk import: inventory_3000
Omeprazole 500mg,omeprazole-500mg-tablet,,Omeprazole,,,tablet,500mg,,,POM,,,draft,0,,,true,100,20,B10674,2028-12-30,Bulk import: inventory_3000
Cimetidine 500mg,cimetidine-500mg-tablet,,Cimetidine,,,tablet,500mg,,,POM,,,draft,0,,,true,100,20,B10675,2028-12-30,Bulk import: inventory_3000
Metoclopramide 500mg,metoclopramide-500mg-tablet,,Metoclopramide,,,tablet,500mg,,,POM,,,draft,0,,,true,100,20,B10676,2028-12-30,Bulk import: inventory_3000
Zinc Sulfate 500mg,zinc-sulfate-500mg-tablet,,Zinc Sulfate,,,tablet,500mg,,,POM,,,draft,0,,,true,100,20,B10677,2028-12-30,Bulk import: inventory_3000
Bisacodyl 500mg,bisacodyl-500mg-tablet,,Bisacodyl,,,tablet,500mg,,,POM,,,draft,0,,,true,100,20,B10678,2028-12-30,Bulk import: inventory_3000
Glibenclamide 500mg,glibenclamide-500mg-tablet,,Glibenclamide,,,tablet,500mg,,,POM,,,draft,0,,,true,100,20,B10681,2028-12-30,Bulk import: inventory_3000
Glimepiride 500mg,glimepiride-500mg-tablet,,Glimepiride,,,tablet,500mg,,,POM,,,draft,0,,,true,100,20,B10682,2028-12-30,Bulk import: inventory_3000
Levothyroxine 500mg,levothyroxine-500mg-tablet,,Levothyroxine,,,tablet,500mg,,,POM,,,draft,0,,,true,100,20,B10683,2028-12-30,Bulk import: inventory_3000
Carbimazole 500mg,carbimazole-500mg-tablet,,Carbimazole,,,tablet,500mg,,,POM,,,draft,0,,,true,100,20,B10684,2028-12-30,Bulk import: inventory_3000
Folic Acid 500mg,folic-acid-500mg-tablet,,Folic Acid,,,tablet,500mg,,,POM,,,draft,0,,,true,100,20,B10685,2028-12-30,Bulk import: inventory_3000
Oxytocin 500mg,oxytocin-500mg-tablet,,Oxytocin,,,tablet,500mg,,,POM,,,draft,0,,,true,100,20,B10686,2028-12-30,Bulk import: inventory_3000
Misoprostol 500mg,misoprostol-500mg-tablet,,Misoprostol,,,tablet,500mg,,,POM,,,draft,0,,,true,100,20,B10687,2028-12-30,Bulk import: inventory_3000
Magnesium Sulfate 500mg,magnesium-sulfate-500mg-tablet,,Magnesium Sulfate,,,tablet,500mg,,,POM,,,draft,0,,,true,100,20,B10688,2028-12-30,Bulk import: inventory_3000
Amitriptyline 500mg,amitriptyline-500mg-tablet,,Amitriptyline,,,tablet,500mg,,,POM,,,draft,0,,,true,100,20,B10689,2028-12-30,Bulk import: inventory_3000
Fluoxetine 500mg,fluoxetine-500mg-tablet,,Fluoxetine,,,tablet,500mg,,,POM,,,draft,0,,,true,100,20,B10690,2028-12-30,Bulk import: inventory_3000
Haloperidol 500mg,haloperidol-500mg-tablet,,Haloperidol,,,tablet,500mg,,,POM,,,draft,0,,,true,100,20,B10691,2028-12-30,Bulk import: inventory_3000
Chlorpromazine 500mg,chlorpromazine-500mg-tablet,,Chlorpromazine,,,tablet,500mg,,,POM,,,draft,0,,,true,100,20,B10692,2028-12-30,Bulk import: inventory_3000
Halothane 1g,halothane-1g-tablet,,Halothane,,,tablet,1g,,,POM,,,draft,0,,,true,100,20,B10693,2028-12-30,Bulk import: inventory_3000
Ketamine 1g,ketamine-1g-tablet,,Ketamine,,,tablet,1g,,,POM,,,draft,0,,,true,100,20,B10694,2028-12-30,Bulk import: inventory_3000
Nitrous oxide 1g,nitrous-oxide-1g-tablet,,Nitrous oxide,,,tablet,1g,,,POM,,,draft,0,,,true,100,20,B10695,2028-12-30,Bulk import: inventory_3000
Oxygen 1g,oxygen-1g-tablet,,Oxygen,,,tablet,1g,,,POM,,,draft,0,,,true,100,20,B10696,2028-12-30,Bulk import: inventory_3000
Atropine 1g,atropine-1g-tablet,,Atropine,,,tablet,1g,,,POM,,,draft,0,,,true,100,20,B10697,2028-12-30,Bulk import: inventory_3000
Diazepam 1g,diazepam-1g-tablet,,Diazepam,,,tablet,1g,,,POM,,,draft,0,,,true,100,20,B10698,2028-12-30,Bulk import: inventory_3000
Hyoscine N-Butylbromide 1g,hyoscine-n-butylbromide-1g-tablet,,Hyoscine N-Butylbromide,,,tablet,1g,,,POM,,,draft,0,,,true,100,20,B10699,2028-12-30,Bulk import: inventory_3000
Midazolam 1g,midazolam-1g-tablet,,Midazolam,,,tablet,1g,,,POM,,,draft,0,,,true,100,20,B10700,2028-12-30,Bulk import: inventory_3000
Morphine 1g,morphine-1g-tablet,,Morphine,,,tablet,1g,,,POM,,,draft,0,,,true,100,20,B10701,2028-12-30,Bulk import: inventory_3000
Promethazine 1g,promethazine-1g-tablet,,Promethazine,,,tablet,1g,,,POM,,,draft,0,,,true,200,20,B10702,2028-12-30,Bulk import: inventory_3000
Atracurium 1g,atracurium-1g-tablet,,Atracurium,,,tablet,1g,,,POM,,,draft,0,,,true,100,20,B10704,2028-12-30,Bulk import: inventory_3000
Neostigmine 1g,neostigmine-1g-tablet,,Neostigmine,,,tablet,1g,,,POM,,,draft,0,,,true,100,20,B10705,2028-12-30,Bulk import: inventory_3000
Suxamethonium 1g,suxamethonium-1g-tablet,,Suxamethonium,,,tablet,1g,,,POM,,,draft,0,,,true,100,20,B10706,2028-12-30,Bulk import: inventory_3000
Propofol 1g,propofol-1g-tablet,,Propofol,,,tablet,1g,,,POM,,,draft,0,,,true,100,20,B10707,2028-12-30,Bulk import: inventory_3000
Lidocaine 1g,lidocaine-1g-tablet,,Lidocaine,,,tablet,1g,,,POM,,,draft,0,,,true,100,20,B10708,2028-12-30,Bulk import: inventory_3000
Bupivacaine 1g,bupivacaine-1g-tablet,,Bupivacaine,,,tablet,1g,,,POM,,,draft,0,,,true,100,20,B10709,2028-12-30,Bulk import: inventory_3000
Pentazocine 1g,pentazocine-1g-tablet,,Pentazocine,,,tablet,1g,,,POM,,,draft,0,,,true,100,20,B10710,2028-12-30,Bulk import: inventory_3000
Pethidine 1g,pethidine-1g-tablet,,Pethidine,,,tablet,1g,,,POM,,,draft,0,,,true,100,20,B10711,2028-12-30,Bulk import: inventory_3000
Tramadol 1g,tramadol-1g-tablet,,Tramadol,,,tablet,1g,,,POM,,,draft,0,,,true,100,20,B10712,2028-12-30,Bulk import: inventory_3000
Acetylsalicylic Acid 1g,acetylsalicylic-acid-1g-tablet,,Acetylsalicylic Acid,,,tablet,1g,,,POM,,,draft,0,,,true,100,20,B10713,2028-12-30,Bulk import: inventory_3000
Paracetamol 1g,paracetamol-1g-tablet,,Paracetamol,,,tablet,1g,,,POM,,,draft,0,,,true,300,20,B10714,2028-12-30,Bulk import: inventory_3000
Allopurinol 1g,allopurinol-1g-tablet,,Allopurinol,,,tablet,1g,,,POM,,,draft,0,,,true,100,20,B10717,2028-12-30,Bulk import: inventory_3000
Diclofenac Sodium 1g,diclofenac-sodium-1g-tablet,,Diclofenac Sodium,,,tablet,1g,,,POM,,,draft,0,,,true,200,20,B10718,2028-12-30,Bulk import: inventory_3000
Ibuprofen 1g,ibuprofen-1g-tablet,,Ibuprofen,,,tablet,1g,,,POM,,,draft,0,,,true,200,20,B10720,2028-12-30,Bulk import: inventory_3000
Naproxen 1g,naproxen-1g-tablet,,Naproxen,,,tablet,1g,,,POM,,,draft,0,,,true,100,20,B10722,2028-12-30,Bulk import: inventory_3000
Piroxicam 1g,piroxicam-1g-tablet,,Piroxicam,,,tablet,1g,,,POM,,,draft,0,,,true,100,20,B10723,2028-12-30,Bulk import: inventory_3000
Meloxicam 1g,meloxicam-1g-tablet,,Meloxicam,,,tablet,1g,,,POM,,,draft,0,,,true,100,20,B10724,2028-12-30,Bulk import: inventory_3000
Naloxone 1g,naloxone-1g-tablet,,Naloxone,,,tablet,1g,,,POM,,,draft,0,,,true,100,20,B10725,2028-12-30,Bulk import: inventory_3000
Chlorpheniramine 1g,chlorpheniramine-1g-tablet,,Chlorpheniramine,,,tablet,1g,,,POM,,,draft,0,,,true,100,20,B10726,2028-12-30,Bulk import: inventory_3000
Hydrocortisone 1g,hydrocortisone-1g-tablet,,Hydrocortisone,,,tablet,1g,,,POM,,,draft,0,,,true,100,20,B10727,2028-12-30,Bulk import: inventory_3000
Prednisolone 1g,prednisolone-1g-tablet,,Prednisolone,,,tablet,1g,,,POM,,,draft,0,,,true,100,20,B10728,2028-12-30,Bulk import: inventory_3000
Phenobarbital 1g,phenobarbital-1g-tablet,,Phenobarbital,,,tablet,1g,,,POM,,,draft,0,,,true,100,20,B10729,2028-12-30,Bulk import: inventory_3000
Phenytoin 1g,phenytoin-1g-tablet,,Phenytoin,,,tablet,1g,,,POM,,,draft,0,,,true,100,20,B10730,2028-12-30,Bulk import: inventory_3000
Sodium Valproate 1g,sodium-valproate-1g-tablet,,Sodium Valproate,,,tablet,1g,,,POM,,,draft,0,,,true,100,20,B10731,2028-12-30,Bulk import: inventory_3000
Carbamazepine 1g,carbamazepine-1g-tablet,,Carbamazepine,,,tablet,1g,,,POM,,,draft,0,,,true,100,20,B10732,2028-12-30,Bulk import: inventory_3000
Amoxicillin 1g,amoxicillin-1g-tablet,,Amoxicillin,,,tablet,1g,,,POM,,,draft,0,,,true,200,20,B10733,2028-12-30,Bulk import: inventory_3000
Ampicillin 1g,ampicillin-1g-tablet,,Ampicillin,,,tablet,1g,,,POM,,,draft,0,,,true,100,20,B10735,2028-12-30,Bulk import: inventory_3000
Cloxacillin 1g,cloxacillin-1g-tablet,,Cloxacillin,,,tablet,1g,,,POM,,,draft,0,,,true,100,20,B10736,2028-12-30,Bulk import: inventory_3000
Ceftriaxone 1g,ceftriaxone-1g-tablet,,Ceftriaxone,,,tablet,1g,,,POM,,,draft,0,,,true,100,20,B10737,2028-12-30,Bulk import: inventory_3000
Cefuroxime 1g,cefuroxime-1g-tablet,,Cefuroxime,,,tablet,1g,,,POM,,,draft,0,,,true,100,20,B10738,2028-12-30,Bulk import: inventory_3000
Azithromycin 1g,azithromycin-1g-tablet,,Azithromycin,,,tablet,1g,,,POM,,,draft,0,,,true,100,20,B10739,2028-12-30,Bulk import: inventory_3000
Erythromycin 1g,erythromycin-1g-tablet,,Erythromycin,,,tablet,1g,,,POM,,,draft,0,,,true,100,20,B10740,2028-12-30,Bulk import: inventory_3000
Ciprofloxacin 1g,ciprofloxacin-1g-tablet,,Ciprofloxacin,,,tablet,1g,,,POM,,,draft,0,,,true,100,20,B10741,2028-12-30,Bulk import: inventory_3000
Metronidazole 1g,metronidazole-1g-tablet,,Metronidazole,,,tablet,1g,,,POM,,,draft,0,,,true,200,20,B10742,2028-12-30,Bulk import: inventory_3000
Gentamicin 1g,gentamicin-1g-tablet,,Gentamicin,,,tablet,1g,,,POM,,,draft,0,,,true,100,20,B10744,2028-12-30,Bulk import: inventory_3000
Doxycycline 1g,doxycycline-1g-tablet,,Doxycycline,,,tablet,1g,,,POM,,,draft,0,,,true,100,20,B10745,2028-12-30,Bulk import: inventory_3000
Cotrimoxazole 1g,cotrimoxazole-1g-tablet,,Cotrimoxazole,,,tablet,1g,,,POM,,,draft,0,,,true,100,20,B10746,2028-12-30,Bulk import: inventory_3000
Artemether + Lumefantrine 1g,artemether-lumefantrine-1g-tablet,,Artemether + Lumefantrine,,,tablet,1g,,,POM,,,draft,0,,,true,100,20,B10747,2028-12-30,Bulk import: inventory_3000
Artesunate 1g,artesunate-1g-tablet,,Artesunate,,,tablet,1g,,,POM,,,draft,0,,,true,100,20,B10748,2028-12-30,Bulk import: inventory_3000
Amodiaquine 1g,amodiaquine-1g-tablet,,Amodiaquine,,,tablet,1g,,,POM,,,draft,0,,,true,100,20,B10749,2028-12-30,Bulk import: inventory_3000
Quinine 1g,quinine-1g-tablet,,Quinine,,,tablet,1g,,,POM,,,draft,0,,,true,100,20,B10750,2028-12-30,Bulk import: inventory_3000
Fluconazole 1g,fluconazole-1g-tablet,,Fluconazole,,,tablet,1g,,,POM,,,draft,0,,,true,100,20,B10751,2028-12-30,Bulk import: inventory_3000
Nystatin 1g,nystatin-1g-tablet,,Nystatin,,,tablet,1g,,,POM,,,draft,0,,,true,100,20,B10752,2028-12-30,Bulk import: inventory_3000
Amlodipine 1g,amlodipine-1g-tablet,,Amlodipine,,,tablet,1g,,,POM,,,draft,0,,,true,200,20,B10753,2028-12-30,Bulk import: inventory_3000
Lisinopril 1g,lisinopril-1g-tablet,,Lisinopril,,,tablet,1g,,,POM,,,draft,0,,,true,200,20,B10755,2028-12-30,Bulk import: inventory_3000
Atenolol 1g,atenolol-1g-tablet,,Atenolol,,,tablet,1g,,,POM,,,draft,0,,,true,100,20,B10757,2028-12-30,Bulk import: inventory_3000
Propranolol 1g,propranolol-1g-tablet,,Propranolol,,,tablet,1g,,,POM,,,draft,0,,,true,100,20,B10758,2028-12-30,Bulk import: inventory_3000
Methyldopa 1g,methyldopa-1g-tablet,,Methyldopa,,,tablet,1g,,,POM,,,draft,0,,,true,100,20,B10759,2028-12-30,Bulk import: inventory_3000
Hydralazine 1g,hydralazine-1g-tablet,,Hydralazine,,,tablet,1g,,,POM,,,draft,0,,,true,100,20,B10760,2028-12-30,Bulk import: inventory_3000
Glyceryl Trinitrate 1g,glyceryl-trinitrate-1g-tablet,,Glyceryl Trinitrate,,,tablet,1g,,,POM,,,draft,0,,,true,100,20,B10761,2028-12-30,Bulk import: inventory_3000
Isosorbide Dinitrate 1g,isosorbide-dinitrate-1g-tablet,,Isosorbide Dinitrate,,,tablet,1g,,,POM,,,draft,0,,,true,100,20,B10762,2028-12-30,Bulk import: inventory_3000
Digoxin 1g,digoxin-1g-tablet,,Digoxin,,,tablet,1g,,,POM,,,draft,0,,,true,100,20,B10763,2028-12-30,Bulk import: inventory_3000
Furosemide 1g,furosemide-1g-tablet,,Furosemide,,,tablet,1g,,,POM,,,draft,0,,,true,200,20,B10764,2028-12-30,Bulk import: inventory_3000
Hydrochlorothiazide 1g,hydrochlorothiazide-1g-tablet,,Hydrochlorothiazide,,,tablet,1g,,,POM,,,draft,0,,,true,100,20,B10766,2028-12-30,Bulk import: inventory_3000
Spironolactone 1g,spironolactone-1g-tablet,,Spironolactone,,,tablet,1g,,,POM,,,draft,0,,,true,100,20,B10767,2028-12-30,Bulk import: inventory_3000
Atorvastatin 1g,atorvastatin-1g-tablet,,Atorvastatin,,,tablet,1g,,,POM,,,draft,0,,,true,100,20,B10768,2028-12-30,Bulk import: inventory_3000
Simvastatin 1g,simvastatin-1g-tablet,,Simvastatin,,,tablet,1g,,,POM,,,draft,0,,,true,100,20,B10769,2028-12-30,Bulk import: inventory_3000
Salbutamol 1g,salbutamol-1g-tablet,,Salbutamol,,,tablet,1g,,,POM,,,draft,0,,,true,200,20,B10770,2028-12-30,Bulk import: inventory_3000
Aminophylline 1g,aminophylline-1g-tablet,,Aminophylline,,,tablet,1g,,,POM,,,draft,0,,,true,100,20,B10772,2028-12-30,Bulk import: inventory_3000
Omeprazole 1g,omeprazole-1g-tablet,,Omeprazole,,,tablet,1g,,,POM,,,draft,0,,,true,100,20,B10773,2028-12-30,Bulk import: inventory_3000
Cimetidine 1g,cimetidine-1g-tablet,,Cimetidine,,,tablet,1g,,,POM,,,draft,0,,,true,100,20,B10774,2028-12-30,Bulk import: inventory_3000
Metoclopramide 1g,metoclopramide-1g-tablet,,Metoclopramide,,,tablet,1g,,,POM,,,draft,0,,,true,100,20,B10775,2028-12-30,Bulk import: inventory_3000
Zinc Sulfate 1g,zinc-sulfate-1g-tablet,,Zinc Sulfate,,,tablet,1g,,,POM,,,draft,0,,,true,100,20,B10776,2028-12-30,Bulk import: inventory_3000
Bisacodyl 1g,bisacodyl-1g-tablet,,Bisacodyl,,,tablet,1g,,,POM,,,draft,0,,,true,100,20,B10777,2028-12-30,Bulk import: inventory_3000
Metformin 1g,metformin-1g-tablet,,Metformin,,,tablet,1g,,,POM,,,draft,0,,,true,200,20,B10778,2028-12-30,Bulk import: inventory_3000
Glibenclamide 1g,glibenclamide-1g-tablet,,Glibenclamide,,,tablet,1g,,,POM,,,draft,0,,,true,100,20,B10780,2028-12-30,Bulk import: inventory_3000
Glimepiride 1g,glimepiride-1g-tablet,,Glimepiride,,,tablet,1g,,,POM,,,draft,0,,,true,100,20,B10781,2028-12-30,Bulk import: inventory_3000
Levothyroxine 1g,levothyroxine-1g-tablet,,Levothyroxine,,,tablet,1g,,,POM,,,draft,0,,,true,100,20,B10782,2028-12-30,Bulk import: inventory_3000
Carbimazole 1g,carbimazole-1g-tablet,,Carbimazole,,,tablet,1g,,,POM,,,draft,0,,,true,100,20,B10783,2028-12-30,Bulk import: inventory_3000
Folic Acid 1g,folic-acid-1g-tablet,,Folic Acid,,,tablet,1g,,,POM,,,draft,0,,,true,100,20,B10784,2028-12-30,Bulk import: inventory_3000
Oxytocin 1g,oxytocin-1g-tablet,,Oxytocin,,,tablet,1g,,,POM,,,draft,0,,,true,100,20,B10785,2028-12-30,Bulk import: inventory_3000
Misoprostol 1g,misoprostol-1g-tablet,,Misoprostol,,,tablet,1g,,,POM,,,draft,0,,,true,100,20,B10786,2028-12-30,Bulk import: inventory_3000
Magnesium Sulfate 1g,magnesium-sulfate-1g-tablet,,Magnesium Sulfate,,,tablet,1g,,,POM,,,draft,0,,,true,100,20,B10787,2028-12-30,Bulk import: inventory_3000
Amitriptyline 1g,amitriptyline-1g-tablet,,Amitriptyline,,,tablet,1g,,,POM,,,draft,0,,,true,100,20,B10788,2028-12-30,Bulk import: inventory_3000
Fluoxetine 1g,fluoxetine-1g-tablet,,Fluoxetine,,,tablet,1g,,,POM,,,draft,0,,,true,100,20,B10789,2028-12-30,Bulk import: inventory_3000
Haloperidol 1g,haloperidol-1g-tablet,,Haloperidol,,,tablet,1g,,,POM,,,draft,0,,,true,100,20,B10790,2028-12-30,Bulk import: inventory_3000
Chlorpromazine 1g,chlorpromazine-1g-tablet,,Chlorpromazine,,,tablet,1g,,,POM,,,draft,0,,,true,100,20,B10791,2028-12-30,Bulk import: inventory_3000
Halothane 5mg,halothane-5mg-capsule,,Halothane,,,capsule,5mg,,,POM,,,draft,0,,,true,100,20,B10792,2028-12-30,Bulk import: inventory_3000
Ketamine 5mg,ketamine-5mg-capsule,,Ketamine,,,capsule,5mg,,,POM,,,draft,0,,,true,100,20,B10793,2028-12-30,Bulk import: inventory_3000
Nitrous oxide 5mg,nitrous-oxide-5mg-capsule,,Nitrous oxide,,,capsule,5mg,,,POM,,,draft,0,,,true,100,20,B10794,2028-12-30,Bulk import: inventory_3000
Oxygen 5mg,oxygen-5mg-capsule,,Oxygen,,,capsule,5mg,,,POM,,,draft,0,,,true,100,20,B10795,2028-12-30,Bulk import: inventory_3000
Atropine 5mg,atropine-5mg-capsule,,Atropine,,,capsule,5mg,,,POM,,,draft,0,,,true,100,20,B10796,2028-12-30,Bulk import: inventory_3000
Diazepam 5mg,diazepam-5mg-capsule,,Diazepam,,,capsule,5mg,,,POM,,,draft,0,,,true,100,20,B10797,2028-12-30,Bulk import: inventory_3000
Hyoscine N-Butylbromide 5mg,hyoscine-n-butylbromide-5mg-capsule,,Hyoscine N-Butylbromide,,,capsule,5mg,,,POM,,,draft,0,,,true,100,20,B10798,2028-12-30,Bulk import: inventory_3000
Midazolam 5mg,midazolam-5mg-capsule,,Midazolam,,,capsule,5mg,,,POM,,,draft,0,,,true,100,20,B10799,2028-12-30,Bulk import: inventory_3000
Morphine 5mg,morphine-5mg-capsule,,Morphine,,,capsule,5mg,,,POM,,,draft,0,,,true,100,20,B10800,2028-12-30,Bulk import: inventory_3000
Promethazine 5mg,promethazine-5mg-capsule,,Promethazine,,,capsule,5mg,,,POM,,,draft,0,,,true,200,20,B10801,2028-12-30,Bulk import: inventory_3000
Atracurium 5mg,atracurium-5mg-capsule,,Atracurium,,,capsule,5mg,,,POM,,,draft,0,,,true,100,20,B10803,2028-12-30,Bulk import: inventory_3000
Neostigmine 5mg,neostigmine-5mg-capsule,,Neostigmine,,,capsule,5mg,,,POM,,,draft,0,,,true,100,20,B10804,2028-12-30,Bulk import: inventory_3000
Suxamethonium 5mg,suxamethonium-5mg-capsule,,Suxamethonium,,,capsule,5mg,,,POM,,,draft,0,,,true,100,20,B10805,2028-12-30,Bulk import: inventory_3000
Propofol 5mg,propofol-5mg-capsule,,Propofol,,,capsule,5mg,,,POM,,,draft,0,,,true,100,20,B10806,2028-12-30,Bulk import: inventory_3000
Lidocaine 5mg,lidocaine-5mg-capsule,,Lidocaine,,,capsule,5mg,,,POM,,,draft,0,,,true,100,20,B10807,2028-12-30,Bulk import: inventory_3000
Bupivacaine 5mg,bupivacaine-5mg-capsule,,Bupivacaine,,,capsule,5mg,,,POM,,,draft,0,,,true,100,20,B10808,2028-12-30,Bulk import: inventory_3000
Pentazocine 5mg,pentazocine-5mg-capsule,,Pentazocine,,,capsule,5mg,,,POM,,,draft,0,,,true,100,20,B10809,2028-12-30,Bulk import: inventory_3000
Pethidine 5mg,pethidine-5mg-capsule,,Pethidine,,,capsule,5mg,,,POM,,,draft,0,,,true,100,20,B10810,2028-12-30,Bulk import: inventory_3000
Tramadol 5mg,tramadol-5mg-capsule,,Tramadol,,,capsule,5mg,,,POM,,,draft,0,,,true,100,20,B10811,2028-12-30,Bulk import: inventory_3000
Acetylsalicylic Acid 5mg,acetylsalicylic-acid-5mg-capsule,,Acetylsalicylic Acid,,,capsule,5mg,,,POM,,,draft,0,,,true,100,20,B10812,2028-12-30,Bulk import: inventory_3000
Paracetamol 5mg,paracetamol-5mg-capsule,,Paracetamol,,,capsule,5mg,,,POM,,,draft,0,,,true,300,20,B10813,2028-12-30,Bulk import: inventory_3000
Allopurinol 5mg,allopurinol-5mg-capsule,,Allopurinol,,,capsule,5mg,,,POM,,,draft,0,,,true,100,20,B10816,2028-12-30,Bulk import: inventory_3000
Diclofenac Sodium 5mg,diclofenac-sodium-5mg-capsule,,Diclofenac Sodium,,,capsule,5mg,,,POM,,,draft,0,,,true,200,20,B10817,2028-12-30,Bulk import: inventory_3000
Ibuprofen 5mg,ibuprofen-5mg-capsule,,Ibuprofen,,,capsule,5mg,,,POM,,,draft,0,,,true,200,20,B10819,2028-12-30,Bulk import: inventory_3000
Naproxen 5mg,naproxen-5mg-capsule,,Naproxen,,,capsule,5mg,,,POM,,,draft,0,,,true,100,20,B10821,2028-12-30,Bulk import: inventory_3000
Piroxicam 5mg,piroxicam-5mg-capsule,,Piroxicam,,,capsule,5mg,,,POM,,,draft,0,,,true,100,20,B10822,2028-12-30,Bulk import: inventory_3000
Meloxicam 5mg,meloxicam-5mg-capsule,,Meloxicam,,,capsule,5mg,,,POM,,,draft,0,,,true,100,20,B10823,2028-12-30,Bulk import: inventory_3000
Naloxone 5mg,naloxone-5mg-capsule,,Naloxone,,,capsule,5mg,,,POM,,,draft,0,,,true,100,20,B10824,2028-12-30,Bulk import: inventory_3000
Chlorpheniramine 5mg,chlorpheniramine-5mg-capsule,,Chlorpheniramine,,,capsule,5mg,,,POM,,,draft,0,,,true,100,20,B10825,2028-12-30,Bulk import: inventory_3000
Hydrocortisone 5mg,hydrocortisone-5mg-capsule,,Hydrocortisone,,,capsule,5mg,,,POM,,,draft,0,,,true,100,20,B10826,2028-12-30,Bulk import: inventory_3000
Prednisolone 5mg,prednisolone-5mg-capsule,,Prednisolone,,,capsule,5mg,,,POM,,,draft,0,,,true,100,20,B10827,2028-12-30,Bulk import: inventory_3000
Phenobarbital 5mg,phenobarbital-5mg-capsule,,Phenobarbital,,,capsule,5mg,,,POM,,,draft,0,,,true,100,20,B10828,2028-12-30,Bulk import: inventory_3000
Phenytoin 5mg,phenytoin-5mg-capsule,,Phenytoin,,,capsule,5mg,,,POM,,,draft,0,,,true,100,20,B10829,2028-12-30,Bulk import: inventory_3000
Sodium Valproate 5mg,sodium-valproate-5mg-capsule,,Sodium Valproate,,,capsule,5mg,,,POM,,,draft,0,,,true,100,20,B10830,2028-12-30,Bulk import: inventory_3000
Carbamazepine 5mg,carbamazepine-5mg-capsule,,Carbamazepine,,,capsule,5mg,,,POM,,,draft,0,,,true,100,20,B10831,2028-12-30,Bulk import: inventory_3000
Amoxicillin 5mg,amoxicillin-5mg-capsule,,Amoxicillin,,,capsule,5mg,,,POM,,,draft,0,,,true,200,20,B10832,2028-12-30,Bulk import: inventory_3000
Ampicillin 5mg,ampicillin-5mg-capsule,,Ampicillin,,,capsule,5mg,,,POM,,,draft,0,,,true,100,20,B10834,2028-12-30,Bulk import: inventory_3000
Cloxacillin 5mg,cloxacillin-5mg-capsule,,Cloxacillin,,,capsule,5mg,,,POM,,,draft,0,,,true,100,20,B10835,2028-12-30,Bulk import: inventory_3000
Ceftriaxone 5mg,ceftriaxone-5mg-capsule,,Ceftriaxone,,,capsule,5mg,,,POM,,,draft,0,,,true,100,20,B10836,2028-12-30,Bulk import: inventory_3000
Cefuroxime 5mg,cefuroxime-5mg-capsule,,Cefuroxime,,,capsule,5mg,,,POM,,,draft,0,,,true,100,20,B10837,2028-12-30,Bulk import: inventory_3000
Azithromycin 5mg,azithromycin-5mg-capsule,,Azithromycin,,,capsule,5mg,,,POM,,,draft,0,,,true,100,20,B10838,2028-12-30,Bulk import: inventory_3000
Erythromycin 5mg,erythromycin-5mg-capsule,,Erythromycin,,,capsule,5mg,,,POM,,,draft,0,,,true,100,20,B10839,2028-12-30,Bulk import: inventory_3000
Ciprofloxacin 5mg,ciprofloxacin-5mg-capsule,,Ciprofloxacin,,,capsule,5mg,,,POM,,,draft,0,,,true,100,20,B10840,2028-12-30,Bulk import: inventory_3000
Metronidazole 5mg,metronidazole-5mg-capsule,,Metronidazole,,,capsule,5mg,,,POM,,,draft,0,,,true,200,20,B10841,2028-12-30,Bulk import: inventory_3000
Gentamicin 5mg,gentamicin-5mg-capsule,,Gentamicin,,,capsule,5mg,,,POM,,,draft,0,,,true,100,20,B10843,2028-12-30,Bulk import: inventory_3000
Doxycycline 5mg,doxycycline-5mg-capsule,,Doxycycline,,,capsule,5mg,,,POM,,,draft,0,,,true,100,20,B10844,2028-12-30,Bulk import: inventory_3000
Cotrimoxazole 5mg,cotrimoxazole-5mg-capsule,,Cotrimoxazole,,,capsule,5mg,,,POM,,,draft,0,,,true,100,20,B10845,2028-12-30,Bulk import: inventory_3000
Artemether + Lumefantrine 5mg,artemether-lumefantrine-5mg-capsule,,Artemether + Lumefantrine,,,capsule,5mg,,,POM,,,draft,0,,,true,100,20,B10846,2028-12-30,Bulk import: inventory_3000
Artesunate 5mg,artesunate-5mg-capsule,,Artesunate,,,capsule,5mg,,,POM,,,draft,0,,,true,100,20,B10847,2028-12-30,Bulk import: inventory_3000
Amodiaquine 5mg,amodiaquine-5mg-capsule,,Amodiaquine,,,capsule,5mg,,,POM,,,draft,0,,,true,100,20,B10848,2028-12-30,Bulk import: inventory_3000
Quinine 5mg,quinine-5mg-capsule,,Quinine,,,capsule,5mg,,,POM,,,draft,0,,,true,100,20,B10849,2028-12-30,Bulk import: inventory_3000
Fluconazole 5mg,fluconazole-5mg-capsule,,Fluconazole,,,capsule,5mg,,,POM,,,draft,0,,,true,100,20,B10850,2028-12-30,Bulk import: inventory_3000
Nystatin 5mg,nystatin-5mg-capsule,,Nystatin,,,capsule,5mg,,,POM,,,draft,0,,,true,100,20,B10851,2028-12-30,Bulk import: inventory_3000
Amlodipine 5mg,amlodipine-5mg-capsule,,Amlodipine,,,capsule,5mg,,,POM,,,draft,0,,,true,200,20,B10852,2028-12-30,Bulk import: inventory_3000
Lisinopril 5mg,lisinopril-5mg-capsule,,Lisinopril,,,capsule,5mg,,,POM,,,draft,0,,,true,200,20,B10854,2028-12-30,Bulk import: inventory_3000
Atenolol 5mg,atenolol-5mg-capsule,,Atenolol,,,capsule,5mg,,,POM,,,draft,0,,,true,100,20,B10856,2028-12-30,Bulk import: inventory_3000
Propranolol 5mg,propranolol-5mg-capsule,,Propranolol,,,capsule,5mg,,,POM,,,draft,0,,,true,100,20,B10857,2028-12-30,Bulk import: inventory_3000
Methyldopa 5mg,methyldopa-5mg-capsule,,Methyldopa,,,capsule,5mg,,,POM,,,draft,0,,,true,100,20,B10858,2028-12-30,Bulk import: inventory_3000
Hydralazine 5mg,hydralazine-5mg-capsule,,Hydralazine,,,capsule,5mg,,,POM,,,draft,0,,,true,100,20,B10859,2028-12-30,Bulk import: inventory_3000
Glyceryl Trinitrate 5mg,glyceryl-trinitrate-5mg-capsule,,Glyceryl Trinitrate,,,capsule,5mg,,,POM,,,draft,0,,,true,100,20,B10860,2028-12-30,Bulk import: inventory_3000
Isosorbide Dinitrate 5mg,isosorbide-dinitrate-5mg-capsule,,Isosorbide Dinitrate,,,capsule,5mg,,,POM,,,draft,0,,,true,100,20,B10861,2028-12-30,Bulk import: inventory_3000
Digoxin 5mg,digoxin-5mg-capsule,,Digoxin,,,capsule,5mg,,,POM,,,draft,0,,,true,100,20,B10862,2028-12-30,Bulk import: inventory_3000
Furosemide 5mg,furosemide-5mg-capsule,,Furosemide,,,capsule,5mg,,,POM,,,draft,0,,,true,200,20,B10863,2028-12-30,Bulk import: inventory_3000
Hydrochlorothiazide 5mg,hydrochlorothiazide-5mg-capsule,,Hydrochlorothiazide,,,capsule,5mg,,,POM,,,draft,0,,,true,100,20,B10865,2028-12-30,Bulk import: inventory_3000
Spironolactone 5mg,spironolactone-5mg-capsule,,Spironolactone,,,capsule,5mg,,,POM,,,draft,0,,,true,100,20,B10866,2028-12-30,Bulk import: inventory_3000
Atorvastatin 5mg,atorvastatin-5mg-capsule,,Atorvastatin,,,capsule,5mg,,,POM,,,draft,0,,,true,100,20,B10867,2028-12-30,Bulk import: inventory_3000
Simvastatin 5mg,simvastatin-5mg-capsule,,Simvastatin,,,capsule,5mg,,,POM,,,draft,0,,,true,100,20,B10868,2028-12-30,Bulk import: inventory_3000
Salbutamol 5mg,salbutamol-5mg-capsule,,Salbutamol,,,capsule,5mg,,,POM,,,draft,0,,,true,200,20,B10869,2028-12-30,Bulk import: inventory_3000
Aminophylline 5mg,aminophylline-5mg-capsule,,Aminophylline,,,capsule,5mg,,,POM,,,draft,0,,,true,100,20,B10871,2028-12-30,Bulk import: inventory_3000
Omeprazole 5mg,omeprazole-5mg-capsule,,Omeprazole,,,capsule,5mg,,,POM,,,draft,0,,,true,100,20,B10872,2028-12-30,Bulk import: inventory_3000
Cimetidine 5mg,cimetidine-5mg-capsule,,Cimetidine,,,capsule,5mg,,,POM,,,draft,0,,,true,100,20,B10873,2028-12-30,Bulk import: inventory_3000
Metoclopramide 5mg,metoclopramide-5mg-capsule,,Metoclopramide,,,capsule,5mg,,,POM,,,draft,0,,,true,100,20,B10874,2028-12-30,Bulk import: inventory_3000
Zinc Sulfate 5mg,zinc-sulfate-5mg-capsule,,Zinc Sulfate,,,capsule,5mg,,,POM,,,draft,0,,,true,100,20,B10875,2028-12-30,Bulk import: inventory_3000
Bisacodyl 5mg,bisacodyl-5mg-capsule,,Bisacodyl,,,capsule,5mg,,,POM,,,draft,0,,,true,100,20,B10876,2028-12-30,Bulk import: inventory_3000
Metformin 5mg,metformin-5mg-capsule,,Metformin,,,capsule,5mg,,,POM,,,draft,0,,,true,200,20,B10877,2028-12-30,Bulk import: inventory_3000
Glibenclamide 5mg,glibenclamide-5mg-capsule,,Glibenclamide,,,capsule,5mg,,,POM,,,draft,0,,,true,100,20,B10879,2028-12-30,Bulk import: inventory_3000
Glimepiride 5mg,glimepiride-5mg-capsule,,Glimepiride,,,capsule,5mg,,,POM,,,draft,0,,,true,100,20,B10880,2028-12-30,Bulk import: inventory_3000
Levothyroxine 5mg,levothyroxine-5mg-capsule,,Levothyroxine,,,capsule,5mg,,,POM,,,draft,0,,,true,100,20,B10881,2028-12-30,Bulk import: inventory_3000
Carbimazole 5mg,carbimazole-5mg-capsule,,Carbimazole,,,capsule,5mg,,,POM,,,draft,0,,,true,100,20,B10882,2028-12-30,Bulk import: inventory_3000
Folic Acid 5mg,folic-acid-5mg-capsule,,Folic Acid,,,capsule,5mg,,,POM,,,draft,0,,,true,100,20,B10883,2028-12-30,Bulk import: inventory_3000
Oxytocin 5mg,oxytocin-5mg-capsule,,Oxytocin,,,capsule,5mg,,,POM,,,draft,0,,,true,100,20,B10884,2028-12-30,Bulk import: inventory_3000
Misoprostol 5mg,misoprostol-5mg-capsule,,Misoprostol,,,capsule,5mg,,,POM,,,draft,0,,,true,100,20,B10885,2028-12-30,Bulk import: inventory_3000
Magnesium Sulfate 5mg,magnesium-sulfate-5mg-capsule,,Magnesium Sulfate,,,capsule,5mg,,,POM,,,draft,0,,,true,100,20,B10886,2028-12-30,Bulk import: inventory_3000
Amitriptyline 5mg,amitriptyline-5mg-capsule,,Amitriptyline,,,capsule,5mg,,,POM,,,draft,0,,,true,100,20,B10887,2028-12-30,Bulk import: inventory_3000
Fluoxetine 5mg,fluoxetine-5mg-capsule,,Fluoxetine,,,capsule,5mg,,,POM,,,draft,0,,,true,100,20,B10888,2028-12-30,Bulk import: inventory_3000
Haloperidol 5mg,haloperidol-5mg-capsule,,Haloperidol,,,capsule,5mg,,,POM,,,draft,0,,,true,100,20,B10889,2028-12-30,Bulk import: inventory_3000
Chlorpromazine 5mg,chlorpromazine-5mg-capsule,,Chlorpromazine,,,capsule,5mg,,,POM,,,draft,0,,,true,100,20,B10890,2028-12-30,Bulk import: inventory_3000
Halothane 10mg,halothane-10mg-capsule,,Halothane,,,capsule,10mg,,,POM,,,draft,0,,,true,100,20,B10891,2028-12-30,Bulk import: inventory_3000
Ketamine 10mg,ketamine-10mg-capsule,,Ketamine,,,capsule,10mg,,,POM,,,draft,0,,,true,100,20,B10892,2028-12-30,Bulk import: inventory_3000
Nitrous oxide 10mg,nitrous-oxide-10mg-capsule,,Nitrous oxide,,,capsule,10mg,,,POM,,,draft,0,,,true,100,20,B10893,2028-12-30,Bulk import: inventory_3000
Oxygen 10mg,oxygen-10mg-capsule,,Oxygen,,,capsule,10mg,,,POM,,,draft,0,,,true,100,20,B10894,2028-12-30,Bulk import: inventory_3000
Atropine 10mg,atropine-10mg-capsule,,Atropine,,,capsule,10mg,,,POM,,,draft,0,,,true,100,20,B10895,2028-12-30,Bulk import: inventory_3000
Diazepam 10mg,diazepam-10mg-capsule,,Diazepam,,,capsule,10mg,,,POM,,,draft,0,,,true,100,20,B10896,2028-12-30,Bulk import: inventory_3000
Hyoscine N-Butylbromide 10mg,hyoscine-n-butylbromide-10mg-capsule,,Hyoscine N-Butylbromide,,,capsule,10mg,,,POM,,,draft,0,,,true,100,20,B10897,2028-12-30,Bulk import: inventory_3000
Midazolam 10mg,midazolam-10mg-capsule,,Midazolam,,,capsule,10mg,,,POM,,,draft,0,,,true,100,20,B10898,2028-12-30,Bulk import: inventory_3000
Morphine 10mg,morphine-10mg-capsule,,Morphine,,,capsule,10mg,,,POM,,,draft,0,,,true,100,20,B10899,2028-12-30,Bulk import: inventory_3000
Promethazine 10mg,promethazine-10mg-capsule,,Promethazine,,,capsule,10mg,,,POM,,,draft,0,,,true,200,20,B10900,2028-12-30,Bulk import: inventory_3000
Atracurium 10mg,atracurium-10mg-capsule,,Atracurium,,,capsule,10mg,,,POM,,,draft,0,,,true,100,20,B10902,2028-12-30,Bulk import: inventory_3000
Neostigmine 10mg,neostigmine-10mg-capsule,,Neostigmine,,,capsule,10mg,,,POM,,,draft,0,,,true,100,20,B10903,2028-12-30,Bulk import: inventory_3000
Suxamethonium 10mg,suxamethonium-10mg-capsule,,Suxamethonium,,,capsule,10mg,,,POM,,,draft,0,,,true,100,20,B10904,2028-12-30,Bulk import: inventory_3000
Propofol 10mg,propofol-10mg-capsule,,Propofol,,,capsule,10mg,,,POM,,,draft,0,,,true,100,20,B10905,2028-12-30,Bulk import: inventory_3000
Lidocaine 10mg,lidocaine-10mg-capsule,,Lidocaine,,,capsule,10mg,,,POM,,,draft,0,,,true,100,20,B10906,2028-12-30,Bulk import: inventory_3000
Bupivacaine 10mg,bupivacaine-10mg-capsule,,Bupivacaine,,,capsule,10mg,,,POM,,,draft,0,,,true,100,20,B10907,2028-12-30,Bulk import: inventory_3000
Pentazocine 10mg,pentazocine-10mg-capsule,,Pentazocine,,,capsule,10mg,,,POM,,,draft,0,,,true,100,20,B10908,2028-12-30,Bulk import: inventory_3000
Pethidine 10mg,pethidine-10mg-capsule,,Pethidine,,,capsule,10mg,,,POM,,,draft,0,,,true,100,20,B10909,2028-12-30,Bulk import: inventory_3000
Tramadol 10mg,tramadol-10mg-capsule,,Tramadol,,,capsule,10mg,,,POM,,,draft,0,,,true,100,20,B10910,2028-12-30,Bulk import: inventory_3000
Acetylsalicylic Acid 10mg,acetylsalicylic-acid-10mg-capsule,,Acetylsalicylic Acid,,,capsule,10mg,,,POM,,,draft,0,,,true,100,20,B10911,2028-12-30,Bulk import: inventory_3000
Paracetamol 10mg,paracetamol-10mg-capsule,,Paracetamol,,,capsule,10mg,,,POM,,,draft,0,,,true,300,20,B10912,2028-12-30,Bulk import: inventory_3000
Allopurinol 10mg,allopurinol-10mg-capsule,,Allopurinol,,,capsule,10mg,,,POM,,,draft,0,,,true,100,20,B10915,2028-12-30,Bulk import: inventory_3000
Diclofenac Sodium 10mg,diclofenac-sodium-10mg-capsule,,Diclofenac Sodium,,,capsule,10mg,,,POM,,,draft,0,,,true,200,20,B10916,2028-12-30,Bulk import: inventory_3000
Ibuprofen 10mg,ibuprofen-10mg-capsule,,Ibuprofen,,,capsule,10mg,,,POM,,,draft,0,,,true,200,20,B10918,2028-12-30,Bulk import: inventory_3000
Naproxen 10mg,naproxen-10mg-capsule,,Naproxen,,,capsule,10mg,,,POM,,,draft,0,,,true,100,20,B10920,2028-12-30,Bulk import: inventory_3000
Piroxicam 10mg,piroxicam-10mg-capsule,,Piroxicam,,,capsule,10mg,,,POM,,,draft,0,,,true,100,20,B10921,2028-12-30,Bulk import: inventory_3000
Meloxicam 10mg,meloxicam-10mg-capsule,,Meloxicam,,,capsule,10mg,,,POM,,,draft,0,,,true,100,20,B10922,2028-12-30,Bulk import: inventory_3000
Naloxone 10mg,naloxone-10mg-capsule,,Naloxone,,,capsule,10mg,,,POM,,,draft,0,,,true,100,20,B10923,2028-12-30,Bulk import: inventory_3000
Chlorpheniramine 10mg,chlorpheniramine-10mg-capsule,,Chlorpheniramine,,,capsule,10mg,,,POM,,,draft,0,,,true,100,20,B10924,2028-12-30,Bulk import: inventory_3000
Hydrocortisone 10mg,hydrocortisone-10mg-capsule,,Hydrocortisone,,,capsule,10mg,,,POM,,,draft,0,,,true,100,20,B10925,2028-12-30,Bulk import: inventory_3000
Prednisolone 10mg,prednisolone-10mg-capsule,,Prednisolone,,,capsule,10mg,,,POM,,,draft,0,,,true,100,20,B10926,2028-12-30,Bulk import: inventory_3000
Phenobarbital 10mg,phenobarbital-10mg-capsule,,Phenobarbital,,,capsule,10mg,,,POM,,,draft,0,,,true,100,20,B10927,2028-12-30,Bulk import: inventory_3000
Phenytoin 10mg,phenytoin-10mg-capsule,,Phenytoin,,,capsule,10mg,,,POM,,,draft,0,,,true,100,20,B10928,2028-12-30,Bulk import: inventory_3000
Sodium Valproate 10mg,sodium-valproate-10mg-capsule,,Sodium Valproate,,,capsule,10mg,,,POM,,,draft,0,,,true,100,20,B10929,2028-12-30,Bulk import: inventory_3000
Carbamazepine 10mg,carbamazepine-10mg-capsule,,Carbamazepine,,,capsule,10mg,,,POM,,,draft,0,,,true,100,20,B10930,2028-12-30,Bulk import: inventory_3000
Amoxicillin 10mg,amoxicillin-10mg-capsule,,Amoxicillin,,,capsule,10mg,,,POM,,,draft,0,,,true,200,20,B10931,2028-12-30,Bulk import: inventory_3000
Ampicillin 10mg,ampicillin-10mg-capsule,,Ampicillin,,,capsule,10mg,,,POM,,,draft,0,,,true,100,20,B10933,2028-12-30,Bulk import: inventory_3000
Cloxacillin 10mg,cloxacillin-10mg-capsule,,Cloxacillin,,,capsule,10mg,,,POM,,,draft,0,,,true,100,20,B10934,2028-12-30,Bulk import: inventory_3000
Ceftriaxone 10mg,ceftriaxone-10mg-capsule,,Ceftriaxone,,,capsule,10mg,,,POM,,,draft,0,,,true,100,20,B10935,2028-12-30,Bulk import: inventory_3000
Cefuroxime 10mg,cefuroxime-10mg-capsule,,Cefuroxime,,,capsule,10mg,,,POM,,,draft,0,,,true,100,20,B10936,2028-12-30,Bulk import: inventory_3000
Azithromycin 10mg,azithromycin-10mg-capsule,,Azithromycin,,,capsule,10mg,,,POM,,,draft,0,,,true,100,20,B10937,2028-12-30,Bulk import: inventory_3000
Erythromycin 10mg,erythromycin-10mg-capsule,,Erythromycin,,,capsule,10mg,,,POM,,,draft,0,,,true,100,20,B10938,2028-12-30,Bulk import: inventory_3000
Ciprofloxacin 10mg,ciprofloxacin-10mg-capsule,,Ciprofloxacin,,,capsule,10mg,,,POM,,,draft,0,,,true,100,20,B10939,2028-12-30,Bulk import: inventory_3000
Metronidazole 10mg,metronidazole-10mg-capsule,,Metronidazole,,,capsule,10mg,,,POM,,,draft,0,,,true,200,20,B10940,2028-12-30,Bulk import: inventory_3000
Gentamicin 10mg,gentamicin-10mg-capsule,,Gentamicin,,,capsule,10mg,,,POM,,,draft,0,,,true,100,20,B10942,2028-12-30,Bulk import: inventory_3000
Doxycycline 10mg,doxycycline-10mg-capsule,,Doxycycline,,,capsule,10mg,,,POM,,,draft,0,,,true,100,20,B10943,2028-12-30,Bulk import: inventory_3000
Cotrimoxazole 10mg,cotrimoxazole-10mg-capsule,,Cotrimoxazole,,,capsule,10mg,,,POM,,,draft,0,,,true,100,20,B10944,2028-12-30,Bulk import: inventory_3000
Artemether + Lumefantrine 10mg,artemether-lumefantrine-10mg-capsule,,Artemether + Lumefantrine,,,capsule,10mg,,,POM,,,draft,0,,,true,100,20,B10945,2028-12-30,Bulk import: inventory_3000
Artesunate 10mg,artesunate-10mg-capsule,,Artesunate,,,capsule,10mg,,,POM,,,draft,0,,,true,100,20,B10946,2028-12-30,Bulk import: inventory_3000
Amodiaquine 10mg,amodiaquine-10mg-capsule,,Amodiaquine,,,capsule,10mg,,,POM,,,draft,0,,,true,100,20,B10947,2028-12-30,Bulk import: inventory_3000
Quinine 10mg,quinine-10mg-capsule,,Quinine,,,capsule,10mg,,,POM,,,draft,0,,,true,100,20,B10948,2028-12-30,Bulk import: inventory_3000
Fluconazole 10mg,fluconazole-10mg-capsule,,Fluconazole,,,capsule,10mg,,,POM,,,draft,0,,,true,100,20,B10949,2028-12-30,Bulk import: inventory_3000
Nystatin 10mg,nystatin-10mg-capsule,,Nystatin,,,capsule,10mg,,,POM,,,draft,0,,,true,100,20,B10950,2028-12-30,Bulk import: inventory_3000
Amlodipine 10mg,amlodipine-10mg-capsule,,Amlodipine,,,capsule,10mg,,,POM,,,draft,0,,,true,200,20,B10951,2028-12-30,Bulk import: inventory_3000
Lisinopril 10mg,lisinopril-10mg-capsule,,Lisinopril,,,capsule,10mg,,,POM,,,draft,0,,,true,200,20,B10953,2028-12-30,Bulk import: inventory_3000
Atenolol 10mg,atenolol-10mg-capsule,,Atenolol,,,capsule,10mg,,,POM,,,draft,0,,,true,100,20,B10955,2028-12-30,Bulk import: inventory_3000
Propranolol 10mg,propranolol-10mg-capsule,,Propranolol,,,capsule,10mg,,,POM,,,draft,0,,,true,100,20,B10956,2028-12-30,Bulk import: inventory_3000
Methyldopa 10mg,methyldopa-10mg-capsule,,Methyldopa,,,capsule,10mg,,,POM,,,draft,0,,,true,100,20,B10957,2028-12-30,Bulk import: inventory_3000
Hydralazine 10mg,hydralazine-10mg-capsule,,Hydralazine,,,capsule,10mg,,,POM,,,draft,0,,,true,100,20,B10958,2028-12-30,Bulk import: inventory_3000
Glyceryl Trinitrate 10mg,glyceryl-trinitrate-10mg-capsule,,Glyceryl Trinitrate,,,capsule,10mg,,,POM,,,draft,0,,,true,100,20,B10959,2028-12-30,Bulk import: inventory_3000
Isosorbide Dinitrate 10mg,isosorbide-dinitrate-10mg-capsule,,Isosorbide Dinitrate,,,capsule,10mg,,,POM,,,draft,0,,,true,100,20,B10960,2028-12-30,Bulk import: inventory_3000
Digoxin 10mg,digoxin-10mg-capsule,,Digoxin,,,capsule,10mg,,,POM,,,draft,0,,,true,100,20,B10961,2028-12-30,Bulk import: inventory_3000
Furosemide 10mg,furosemide-10mg-capsule,,Furosemide,,,capsule,10mg,,,POM,,,draft,0,,,true,200,20,B10962,2028-12-30,Bulk import: inventory_3000
Hydrochlorothiazide 10mg,hydrochlorothiazide-10mg-capsule,,Hydrochlorothiazide,,,capsule,10mg,,,POM,,,draft,0,,,true,100,20,B10964,2028-12-30,Bulk import: inventory_3000
Spironolactone 10mg,spironolactone-10mg-capsule,,Spironolactone,,,capsule,10mg,,,POM,,,draft,0,,,true,100,20,B10965,2028-12-30,Bulk import: inventory_3000
Atorvastatin 10mg,atorvastatin-10mg-capsule,,Atorvastatin,,,capsule,10mg,,,POM,,,draft,0,,,true,100,20,B10966,2028-12-30,Bulk import: inventory_3000
Simvastatin 10mg,simvastatin-10mg-capsule,,Simvastatin,,,capsule,10mg,,,POM,,,draft,0,,,true,100,20,B10967,2028-12-30,Bulk import: inventory_3000
Salbutamol 10mg,salbutamol-10mg-capsule,,Salbutamol,,,capsule,10mg,,,POM,,,draft,0,,,true,200,20,B10968,2028-12-30,Bulk import: inventory_3000
Aminophylline 10mg,aminophylline-10mg-capsule,,Aminophylline,,,capsule,10mg,,,POM,,,draft,0,,,true,100,20,B10970,2028-12-30,Bulk import: inventory_3000
Omeprazole 10mg,omeprazole-10mg-capsule,,Omeprazole,,,capsule,10mg,,,POM,,,draft,0,,,true,100,20,B10971,2028-12-30,Bulk import: inventory_3000
Cimetidine 10mg,cimetidine-10mg-capsule,,Cimetidine,,,capsule,10mg,,,POM,,,draft,0,,,true,100,20,B10972,2028-12-30,Bulk import: inventory_3000
Metoclopramide 10mg,metoclopramide-10mg-capsule,,Metoclopramide,,,capsule,10mg,,,POM,,,draft,0,,,true,100,20,B10973,2028-12-30,Bulk import: inventory_3000
Zinc Sulfate 10mg,zinc-sulfate-10mg-capsule,,Zinc Sulfate,,,capsule,10mg,,,POM,,,draft,0,,,true,100,20,B10974,2028-12-30,Bulk import: inventory_3000
Bisacodyl 10mg,bisacodyl-10mg-capsule,,Bisacodyl,,,capsule,10mg,,,POM,,,draft,0,,,true,100,20,B10975,2028-12-30,Bulk import: inventory_3000
Metformin 10mg,metformin-10mg-capsule,,Metformin,,,capsule,10mg,,,POM,,,draft,0,,,true,200,20,B10976,2028-12-30,Bulk import: inventory_3000
Glibenclamide 10mg,glibenclamide-10mg-capsule,,Glibenclamide,,,capsule,10mg,,,POM,,,draft,0,,,true,100,20,B10978,2028-12-30,Bulk import: inventory_3000
Glimepiride 10mg,glimepiride-10mg-capsule,,Glimepiride,,,capsule,10mg,,,POM,,,draft,0,,,true,100,20,B10979,2028-12-30,Bulk import: inventory_3000
Levothyroxine 10mg,levothyroxine-10mg-capsule,,Levothyroxine,,,capsule,10mg,,,POM,,,draft,0,,,true,100,20,B10980,2028-12-30,Bulk import: inventory_3000
Carbimazole 10mg,carbimazole-10mg-capsule,,Carbimazole,,,capsule,10mg,,,POM,,,draft,0,,,true,100,20,B10981,2028-12-30,Bulk import: inventory_3000
Folic Acid 10mg,folic-acid-10mg-capsule,,Folic Acid,,,capsule,10mg,,,POM,,,draft,0,,,true,100,20,B10982,2028-12-30,Bulk import: inventory_3000
Oxytocin 10mg,oxytocin-10mg-capsule,,Oxytocin,,,capsule,10mg,,,POM,,,draft,0,,,true,100,20,B10983,2028-12-30,Bulk import: inventory_3000
Misoprostol 10mg,misoprostol-10mg-capsule,,Misoprostol,,,capsule,10mg,,,POM,,,draft,0,,,true,100,20,B10984,2028-12-30,Bulk import: inventory_3000
Magnesium Sulfate 10mg,magnesium-sulfate-10mg-capsule,,Magnesium Sulfate,,,capsule,10mg,,,POM,,,draft,0,,,true,100,20,B10985,2028-12-30,Bulk import: inventory_3000
Amitriptyline 10mg,amitriptyline-10mg-capsule,,Amitriptyline,,,capsule,10mg,,,POM,,,draft,0,,,true,100,20,B10986,2028-12-30,Bulk import: inventory_3000
Fluoxetine 10mg,fluoxetine-10mg-capsule,,Fluoxetine,,,capsule,10mg,,,POM,,,draft,0,,,true,100,20,B10987,2028-12-30,Bulk import: inventory_3000
Haloperidol 10mg,haloperidol-10mg-capsule,,Haloperidol,,,capsule,10mg,,,POM,,,draft,0,,,true,100,20,B10988,2028-12-30,Bulk import: inventory_3000
Chlorpromazine 10mg,chlorpromazine-10mg-capsule,,Chlorpromazine,,,capsule,10mg,,,POM,,,draft,0,,,true,100,20,B10989,2028-12-30,Bulk import: inventory_3000
Halothane 20mg,halothane-20mg-capsule,,Halothane,,,capsule,20mg,,,POM,,,draft,0,,,true,100,20,B10990,2028-12-30,Bulk import: inventory_3000
Ketamine 20mg,ketamine-20mg-capsule,,Ketamine,,,capsule,20mg,,,POM,,,draft,0,,,true,100,20,B10991,2028-12-30,Bulk import: inventory_3000
Nitrous oxide 20mg,nitrous-oxide-20mg-capsule,,Nitrous oxide,,,capsule,20mg,,,POM,,,draft,0,,,true,100,20,B10992,2028-12-30,Bulk import: inventory_3000
Oxygen 20mg,oxygen-20mg-capsule,,Oxygen,,,capsule,20mg,,,POM,,,draft,0,,,true,100,20,B10993,2028-12-30,Bulk import: inventory_3000
Atropine 20mg,atropine-20mg-capsule,,Atropine,,,capsule,20mg,,,POM,,,draft,0,,,true,100,20,B10994,2028-12-30,Bulk import: inventory_3000
Diazepam 20mg,diazepam-20mg-capsule,,Diazepam,,,capsule,20mg,,,POM,,,draft,0,,,true,100,20,B10995,2028-12-30,Bulk import: inventory_3000
Hyoscine N-Butylbromide 20mg,hyoscine-n-butylbromide-20mg-capsule,,Hyoscine N-Butylbromide,,,capsule,20mg,,,POM,,,draft,0,,,true,100,20,B10996,2028-12-30,Bulk import: inventory_3000
Midazolam 20mg,midazolam-20mg-capsule,,Midazolam,,,capsule,20mg,,,POM,,,draft,0,,,true,100,20,B10997,2028-12-30,Bulk import: inventory_3000
Morphine 20mg,morphine-20mg-capsule,,Morphine,,,capsule,20mg,,,POM,,,draft,0,,,true,100,20,B10998,2028-12-30,Bulk import: inventory_3000
Promethazine 20mg,promethazine-20mg-capsule,,Promethazine,,,capsule,20mg,,,POM,,,draft,0,,,true,200,20,B10999,2028-12-30,Bulk import: inventory_3000
Atracurium 20mg,atracurium-20mg-capsule,,Atracurium,,,capsule,20mg,,,POM,,,draft,0,,,true,100,20,B11001,2028-12-30,Bulk import: inventory_3000
Neostigmine 20mg,neostigmine-20mg-capsule,,Neostigmine,,,capsule,20mg,,,POM,,,draft,0,,,true,100,20,B11002,2028-12-30,Bulk import: inventory_3000
Suxamethonium 20mg,suxamethonium-20mg-capsule,,Suxamethonium,,,capsule,20mg,,,POM,,,draft,0,,,true,100,20,B11003,2028-12-30,Bulk import: inventory_3000
Propofol 20mg,propofol-20mg-capsule,,Propofol,,,capsule,20mg,,,POM,,,draft,0,,,true,100,20,B11004,2028-12-30,Bulk import: inventory_3000
Lidocaine 20mg,lidocaine-20mg-capsule,,Lidocaine,,,capsule,20mg,,,POM,,,draft,0,,,true,100,20,B11005,2028-12-30,Bulk import: inventory_3000
Bupivacaine 20mg,bupivacaine-20mg-capsule,,Bupivacaine,,,capsule,20mg,,,POM,,,draft,0,,,true,100,20,B11006,2028-12-30,Bulk import: inventory_3000
Pentazocine 20mg,pentazocine-20mg-capsule,,Pentazocine,,,capsule,20mg,,,POM,,,draft,0,,,true,100,20,B11007,2028-12-30,Bulk import: inventory_3000
Pethidine 20mg,pethidine-20mg-capsule,,Pethidine,,,capsule,20mg,,,POM,,,draft,0,,,true,100,20,B11008,2028-12-30,Bulk import: inventory_3000
Tramadol 20mg,tramadol-20mg-capsule,,Tramadol,,,capsule,20mg,,,POM,,,draft,0,,,true,100,20,B11009,2028-12-30,Bulk import: inventory_3000
Acetylsalicylic Acid 20mg,acetylsalicylic-acid-20mg-capsule,,Acetylsalicylic Acid,,,capsule,20mg,,,POM,,,draft,0,,,true,100,20,B11010,2028-12-30,Bulk import: inventory_3000
Paracetamol 20mg,paracetamol-20mg-capsule,,Paracetamol,,,capsule,20mg,,,POM,,,draft,0,,,true,300,20,B11011,2028-12-30,Bulk import: inventory_3000
Allopurinol 20mg,allopurinol-20mg-capsule,,Allopurinol,,,capsule,20mg,,,POM,,,draft,0,,,true,100,20,B11014,2028-12-30,Bulk import: inventory_3000
Diclofenac Sodium 20mg,diclofenac-sodium-20mg-capsule,,Diclofenac Sodium,,,capsule,20mg,,,POM,,,draft,0,,,true,200,20,B11015,2028-12-30,Bulk import: inventory_3000
Ibuprofen 20mg,ibuprofen-20mg-capsule,,Ibuprofen,,,capsule,20mg,,,POM,,,draft,0,,,true,200,20,B11017,2028-12-30,Bulk import: inventory_3000
Naproxen 20mg,naproxen-20mg-capsule,,Naproxen,,,capsule,20mg,,,POM,,,draft,0,,,true,100,20,B11019,2028-12-30,Bulk import: inventory_3000
Meloxicam 20mg,meloxicam-20mg-capsule,,Meloxicam,,,capsule,20mg,,,POM,,,draft,0,,,true,100,20,B11021,2028-12-30,Bulk import: inventory_3000
Naloxone 20mg,naloxone-20mg-capsule,,Naloxone,,,capsule,20mg,,,POM,,,draft,0,,,true,100,20,B11022,2028-12-30,Bulk import: inventory_3000
Chlorpheniramine 20mg,chlorpheniramine-20mg-capsule,,Chlorpheniramine,,,capsule,20mg,,,POM,,,draft,0,,,true,100,20,B11023,2028-12-30,Bulk import: inventory_3000
Hydrocortisone 20mg,hydrocortisone-20mg-capsule,,Hydrocortisone,,,capsule,20mg,,,POM,,,draft,0,,,true,100,20,B11024,2028-12-30,Bulk import: inventory_3000
Prednisolone 20mg,prednisolone-20mg-capsule,,Prednisolone,,,capsule,20mg,,,POM,,,draft,0,,,true,100,20,B11025,2028-12-30,Bulk import: inventory_3000
Phenobarbital 20mg,phenobarbital-20mg-capsule,,Phenobarbital,,,capsule,20mg,,,POM,,,draft,0,,,true,100,20,B11026,2028-12-30,Bulk import: inventory_3000
Phenytoin 20mg,phenytoin-20mg-capsule,,Phenytoin,,,capsule,20mg,,,POM,,,draft,0,,,true,100,20,B11027,2028-12-30,Bulk import: inventory_3000
Sodium Valproate 20mg,sodium-valproate-20mg-capsule,,Sodium Valproate,,,capsule,20mg,,,POM,,,draft,0,,,true,100,20,B11028,2028-12-30,Bulk import: inventory_3000
Carbamazepine 20mg,carbamazepine-20mg-capsule,,Carbamazepine,,,capsule,20mg,,,POM,,,draft,0,,,true,100,20,B11029,2028-12-30,Bulk import: inventory_3000
Amoxicillin 20mg,amoxicillin-20mg-capsule,,Amoxicillin,,,capsule,20mg,,,POM,,,draft,0,,,true,200,20,B11030,2028-12-30,Bulk import: inventory_3000
Ampicillin 20mg,ampicillin-20mg-capsule,,Ampicillin,,,capsule,20mg,,,POM,,,draft,0,,,true,100,20,B11032,2028-12-30,Bulk import: inventory_3000
Cloxacillin 20mg,cloxacillin-20mg-capsule,,Cloxacillin,,,capsule,20mg,,,POM,,,draft,0,,,true,100,20,B11033,2028-12-30,Bulk import: inventory_3000
Ceftriaxone 20mg,ceftriaxone-20mg-capsule,,Ceftriaxone,,,capsule,20mg,,,POM,,,draft,0,,,true,100,20,B11034,2028-12-30,Bulk import: inventory_3000
Cefuroxime 20mg,cefuroxime-20mg-capsule,,Cefuroxime,,,capsule,20mg,,,POM,,,draft,0,,,true,100,20,B11035,2028-12-30,Bulk import: inventory_3000
Azithromycin 20mg,azithromycin-20mg-capsule,,Azithromycin,,,capsule,20mg,,,POM,,,draft,0,,,true,100,20,B11036,2028-12-30,Bulk import: inventory_3000
Erythromycin 20mg,erythromycin-20mg-capsule,,Erythromycin,,,capsule,20mg,,,POM,,,draft,0,,,true,100,20,B11037,2028-12-30,Bulk import: inventory_3000
Ciprofloxacin 20mg,ciprofloxacin-20mg-capsule,,Ciprofloxacin,,,capsule,20mg,,,POM,,,draft,0,,,true,100,20,B11038,2028-12-30,Bulk import: inventory_3000
Metronidazole 20mg,metronidazole-20mg-capsule,,Metronidazole,,,capsule,20mg,,,POM,,,draft,0,,,true,200,20,B11039,2028-12-30,Bulk import: inventory_3000
Gentamicin 20mg,gentamicin-20mg-capsule,,Gentamicin,,,capsule,20mg,,,POM,,,draft,0,,,true,100,20,B11041,2028-12-30,Bulk import: inventory_3000
Doxycycline 20mg,doxycycline-20mg-capsule,,Doxycycline,,,capsule,20mg,,,POM,,,draft,0,,,true,100,20,B11042,2028-12-30,Bulk import: inventory_3000
Cotrimoxazole 20mg,cotrimoxazole-20mg-capsule,,Cotrimoxazole,,,capsule,20mg,,,POM,,,draft,0,,,true,100,20,B11043,2028-12-30,Bulk import: inventory_3000
Artemether + Lumefantrine 20mg,artemether-lumefantrine-20mg-capsule,,Artemether + Lumefantrine,,,capsule,20mg,,,POM,,,draft,0,,,true,100,20,B11044,2028-12-30,Bulk import: inventory_3000
Artesunate 20mg,artesunate-20mg-capsule,,Artesunate,,,capsule,20mg,,,POM,,,draft,0,,,true,100,20,B11045,2028-12-30,Bulk import: inventory_3000
Amodiaquine 20mg,amodiaquine-20mg-capsule,,Amodiaquine,,,capsule,20mg,,,POM,,,draft,0,,,true,100,20,B11046,2028-12-30,Bulk import: inventory_3000
Quinine 20mg,quinine-20mg-capsule,,Quinine,,,capsule,20mg,,,POM,,,draft,0,,,true,100,20,B11047,2028-12-30,Bulk import: inventory_3000
Fluconazole 20mg,fluconazole-20mg-capsule,,Fluconazole,,,capsule,20mg,,,POM,,,draft,0,,,true,100,20,B11048,2028-12-30,Bulk import: inventory_3000
Nystatin 20mg,nystatin-20mg-capsule,,Nystatin,,,capsule,20mg,,,POM,,,draft,0,,,true,100,20,B11049,2028-12-30,Bulk import: inventory_3000
Amlodipine 20mg,amlodipine-20mg-capsule,,Amlodipine,,,capsule,20mg,,,POM,,,draft,0,,,true,200,20,B11050,2028-12-30,Bulk import: inventory_3000
Lisinopril 20mg,lisinopril-20mg-capsule,,Lisinopril,,,capsule,20mg,,,POM,,,draft,0,,,true,200,20,B11052,2028-12-30,Bulk import: inventory_3000
Atenolol 20mg,atenolol-20mg-capsule,,Atenolol,,,capsule,20mg,,,POM,,,draft,0,,,true,100,20,B11054,2028-12-30,Bulk import: inventory_3000
Propranolol 20mg,propranolol-20mg-capsule,,Propranolol,,,capsule,20mg,,,POM,,,draft,0,,,true,100,20,B11055,2028-12-30,Bulk import: inventory_3000
Methyldopa 20mg,methyldopa-20mg-capsule,,Methyldopa,,,capsule,20mg,,,POM,,,draft,0,,,true,100,20,B11056,2028-12-30,Bulk import: inventory_3000
Hydralazine 20mg,hydralazine-20mg-capsule,,Hydralazine,,,capsule,20mg,,,POM,,,draft,0,,,true,100,20,B11057,2028-12-30,Bulk import: inventory_3000
Glyceryl Trinitrate 20mg,glyceryl-trinitrate-20mg-capsule,,Glyceryl Trinitrate,,,capsule,20mg,,,POM,,,draft,0,,,true,100,20,B11058,2028-12-30,Bulk import: inventory_3000
Isosorbide Dinitrate 20mg,isosorbide-dinitrate-20mg-capsule,,Isosorbide Dinitrate,,,capsule,20mg,,,POM,,,draft,0,,,true,100,20,B11059,2028-12-30,Bulk import: inventory_3000
Digoxin 20mg,digoxin-20mg-capsule,,Digoxin,,,capsule,20mg,,,POM,,,draft,0,,,true,100,20,B11060,2028-12-30,Bulk import: inventory_3000
Furosemide 20mg,furosemide-20mg-capsule,,Furosemide,,,capsule,20mg,,,POM,,,draft,0,,,true,200,20,B11061,2028-12-30,Bulk import: inventory_3000
Hydrochlorothiazide 20mg,hydrochlorothiazide-20mg-capsule,,Hydrochlorothiazide,,,capsule,20mg,,,POM,,,draft,0,,,true,100,20,B11063,2028-12-30,Bulk import: inventory_3000
Spironolactone 20mg,spironolactone-20mg-capsule,,Spironolactone,,,capsule,20mg,,,POM,,,draft,0,,,true,100,20,B11064,2028-12-30,Bulk import: inventory_3000
Atorvastatin 20mg,atorvastatin-20mg-capsule,,Atorvastatin,,,capsule,20mg,,,POM,,,draft,0,,,true,100,20,B11065,2028-12-30,Bulk import: inventory_3000
Simvastatin 20mg,simvastatin-20mg-capsule,,Simvastatin,,,capsule,20mg,,,POM,,,draft,0,,,true,100,20,B11066,2028-12-30,Bulk import: inventory_3000
Salbutamol 20mg,salbutamol-20mg-capsule,,Salbutamol,,,capsule,20mg,,,POM,,,draft,0,,,true,200,20,B11067,2028-12-30,Bulk import: inventory_3000
Aminophylline 20mg,aminophylline-20mg-capsule,,Aminophylline,,,capsule,20mg,,,POM,,,draft,0,,,true,100,20,B11069,2028-12-30,Bulk import: inventory_3000
Cimetidine 20mg,cimetidine-20mg-capsule,,Cimetidine,,,capsule,20mg,,,POM,,,draft,0,,,true,100,20,B11071,2028-12-30,Bulk import: inventory_3000
Metoclopramide 20mg,metoclopramide-20mg-capsule,,Metoclopramide,,,capsule,20mg,,,POM,,,draft,0,,,true,100,20,B11072,2028-12-30,Bulk import: inventory_3000
Zinc Sulfate 20mg,zinc-sulfate-20mg-capsule,,Zinc Sulfate,,,capsule,20mg,,,POM,,,draft,0,,,true,100,20,B11073,2028-12-30,Bulk import: inventory_3000
Bisacodyl 20mg,bisacodyl-20mg-capsule,,Bisacodyl,,,capsule,20mg,,,POM,,,draft,0,,,true,100,20,B11074,2028-12-30,Bulk import: inventory_3000
Metformin 20mg,metformin-20mg-capsule,,Metformin,,,capsule,20mg,,,POM,,,draft,0,,,true,200,20,B11075,2028-12-30,Bulk import: inventory_3000
Glibenclamide 20mg,glibenclamide-20mg-capsule,,Glibenclamide,,,capsule,20mg,,,POM,,,draft,0,,,true,100,20,B11077,2028-12-30,Bulk import: inventory_3000
Glimepiride 20mg,glimepiride-20mg-capsule,,Glimepiride,,,capsule,20mg,,,POM,,,draft,0,,,true,100,20,B11078,2028-12-30,Bulk import: inventory_3000
Levothyroxine 20mg,levothyroxine-20mg-capsule,,Levothyroxine,,,capsule,20mg,,,POM,,,draft,0,,,true,100,20,B11079,2028-12-30,Bulk import: inventory_3000
Carbimazole 20mg,carbimazole-20mg-capsule,,Carbimazole,,,capsule,20mg,,,POM,,,draft,0,,,true,100,20,B11080,2028-12-30,Bulk import: inventory_3000
Folic Acid 20mg,folic-acid-20mg-capsule,,Folic Acid,,,capsule,20mg,,,POM,,,draft,0,,,true,100,20,B11081,2028-12-30,Bulk import: inventory_3000
Oxytocin 20mg,oxytocin-20mg-capsule,,Oxytocin,,,capsule,20mg,,,POM,,,draft,0,,,true,100,20,B11082,2028-12-30,Bulk import: inventory_3000
Misoprostol 20mg,misoprostol-20mg-capsule,,Misoprostol,,,capsule,20mg,,,POM,,,draft,0,,,true,100,20,B11083,2028-12-30,Bulk import: inventory_3000
Magnesium Sulfate 20mg,magnesium-sulfate-20mg-capsule,,Magnesium Sulfate,,,capsule,20mg,,,POM,,,draft,0,,,true,100,20,B11084,2028-12-30,Bulk import: inventory_3000
Amitriptyline 20mg,amitriptyline-20mg-capsule,,Amitriptyline,,,capsule,20mg,,,POM,,,draft,0,,,true,100,20,B11085,2028-12-30,Bulk import: inventory_3000
Haloperidol 20mg,haloperidol-20mg-capsule,,Haloperidol,,,capsule,20mg,,,POM,,,draft,0,,,true,100,20,B11087,2028-12-30,Bulk import: inventory_3000
Chlorpromazine 20mg,chlorpromazine-20mg-capsule,,Chlorpromazine,,,capsule,20mg,,,POM,,,draft,0,,,true,100,20,B11088,2028-12-30,Bulk import: inventory_3000
Halothane 50mg,halothane-50mg-capsule,,Halothane,,,capsule,50mg,,,POM,,,draft,0,,,true,100,20,B11089,2028-12-30,Bulk import: inventory_3000
Ketamine 50mg,ketamine-50mg-capsule,,Ketamine,,,capsule,50mg,,,POM,,,draft,0,,,true,100,20,B11090,2028-12-30,Bulk import: inventory_3000
Nitrous oxide 50mg,nitrous-oxide-50mg-capsule,,Nitrous oxide,,,capsule,50mg,,,POM,,,draft,0,,,true,100,20,B11091,2028-12-30,Bulk import: inventory_3000
Oxygen 50mg,oxygen-50mg-capsule,,Oxygen,,,capsule,50mg,,,POM,,,draft,0,,,true,100,20,B11092,2028-12-30,Bulk import: inventory_3000
Atropine 50mg,atropine-50mg-capsule,,Atropine,,,capsule,50mg,,,POM,,,draft,0,,,true,100,20,B11093,2028-12-30,Bulk import: inventory_3000
Diazepam 50mg,diazepam-50mg-capsule,,Diazepam,,,capsule,50mg,,,POM,,,draft,0,,,true,100,20,B11094,2028-12-30,Bulk import: inventory_3000
Hyoscine N-Butylbromide 50mg,hyoscine-n-butylbromide-50mg-capsule,,Hyoscine N-Butylbromide,,,capsule,50mg,,,POM,,,draft,0,,,true,100,20,B11095,2028-12-30,Bulk import: inventory_3000
Midazolam 50mg,midazolam-50mg-capsule,,Midazolam,,,capsule,50mg,,,POM,,,draft,0,,,true,100,20,B11096,2028-12-30,Bulk import: inventory_3000
Morphine 50mg,morphine-50mg-capsule,,Morphine,,,capsule,50mg,,,POM,,,draft,0,,,true,100,20,B11097,2028-12-30,Bulk import: inventory_3000
Promethazine 50mg,promethazine-50mg-capsule,,Promethazine,,,capsule,50mg,,,POM,,,draft,0,,,true,200,20,B11098,2028-12-30,Bulk import: inventory_3000
Atracurium 50mg,atracurium-50mg-capsule,,Atracurium,,,capsule,50mg,,,POM,,,draft,0,,,true,100,20,B11100,2028-12-30,Bulk import: inventory_3000
Neostigmine 50mg,neostigmine-50mg-capsule,,Neostigmine,,,capsule,50mg,,,POM,,,draft,0,,,true,100,20,B11101,2028-12-30,Bulk import: inventory_3000
Suxamethonium 50mg,suxamethonium-50mg-capsule,,Suxamethonium,,,capsule,50mg,,,POM,,,draft,0,,,true,100,20,B11102,2028-12-30,Bulk import: inventory_3000
Propofol 50mg,propofol-50mg-capsule,,Propofol,,,capsule,50mg,,,POM,,,draft,0,,,true,100,20,B11103,2028-12-30,Bulk import: inventory_3000
Lidocaine 50mg,lidocaine-50mg-capsule,,Lidocaine,,,capsule,50mg,,,POM,,,draft,0,,,true,100,20,B11104,2028-12-30,Bulk import: inventory_3000
Bupivacaine 50mg,bupivacaine-50mg-capsule,,Bupivacaine,,,capsule,50mg,,,POM,,,draft,0,,,true,100,20,B11105,2028-12-30,Bulk import: inventory_3000
Pentazocine 50mg,pentazocine-50mg-capsule,,Pentazocine,,,capsule,50mg,,,POM,,,draft,0,,,true,100,20,B11106,2028-12-30,Bulk import: inventory_3000
Pethidine 50mg,pethidine-50mg-capsule,,Pethidine,,,capsule,50mg,,,POM,,,draft,0,,,true,100,20,B11107,2028-12-30,Bulk import: inventory_3000
Acetylsalicylic Acid 50mg,acetylsalicylic-acid-50mg-capsule,,Acetylsalicylic Acid,,,capsule,50mg,,,POM,,,draft,0,,,true,100,20,B11109,2028-12-30,Bulk import: inventory_3000
Paracetamol 50mg,paracetamol-50mg-capsule,,Paracetamol,,,capsule,50mg,,,POM,,,draft,0,,,true,300,20,B11110,2028-12-30,Bulk import: inventory_3000
Allopurinol 50mg,allopurinol-50mg-capsule,,Allopurinol,,,capsule,50mg,,,POM,,,draft,0,,,true,100,20,B11113,2028-12-30,Bulk import: inventory_3000
Diclofenac Sodium 50mg,diclofenac-sodium-50mg-capsule,,Diclofenac Sodium,,,capsule,50mg,,,POM,,,draft,0,,,true,200,20,B11114,2028-12-30,Bulk import: inventory_3000
Ibuprofen 50mg,ibuprofen-50mg-capsule,,Ibuprofen,,,capsule,50mg,,,POM,,,draft,0,,,true,200,20,B11116,2028-12-30,Bulk import: inventory_3000
Naproxen 50mg,naproxen-50mg-capsule,,Naproxen,,,capsule,50mg,,,POM,,,draft,0,,,true,100,20,B11118,2028-12-30,Bulk import: inventory_3000
Piroxicam 50mg,piroxicam-50mg-capsule,,Piroxicam,,,capsule,50mg,,,POM,,,draft,0,,,true,100,20,B11119,2028-12-30,Bulk import: inventory_3000
Meloxicam 50mg,meloxicam-50mg-capsule,,Meloxicam,,,capsule,50mg,,,POM,,,draft,0,,,true,100,20,B11120,2028-12-30,Bulk import: inventory_3000
Naloxone 50mg,naloxone-50mg-capsule,,Naloxone,,,capsule,50mg,,,POM,,,draft,0,,,true,100,20,B11121,2028-12-30,Bulk import: inventory_3000
Chlorpheniramine 50mg,chlorpheniramine-50mg-capsule,,Chlorpheniramine,,,capsule,50mg,,,POM,,,draft,0,,,true,100,20,B11122,2028-12-30,Bulk import: inventory_3000
Hydrocortisone 50mg,hydrocortisone-50mg-capsule,,Hydrocortisone,,,capsule,50mg,,,POM,,,draft,0,,,true,100,20,B11123,2028-12-30,Bulk import: inventory_3000
Prednisolone 50mg,prednisolone-50mg-capsule,,Prednisolone,,,capsule,50mg,,,POM,,,draft,0,,,true,100,20,B11124,2028-12-30,Bulk import: inventory_3000
Phenobarbital 50mg,phenobarbital-50mg-capsule,,Phenobarbital,,,capsule,50mg,,,POM,,,draft,0,,,true,100,20,B11125,2028-12-30,Bulk import: inventory_3000
Phenytoin 50mg,phenytoin-50mg-capsule,,Phenytoin,,,capsule,50mg,,,POM,,,draft,0,,,true,100,20,B11126,2028-12-30,Bulk import: inventory_3000
Sodium Valproate 50mg,sodium-valproate-50mg-capsule,,Sodium Valproate,,,capsule,50mg,,,POM,,,draft,0,,,true,100,20,B11127,2028-12-30,Bulk import: inventory_3000
Carbamazepine 50mg,carbamazepine-50mg-capsule,,Carbamazepine,,,capsule,50mg,,,POM,,,draft,0,,,true,100,20,B11128,2028-12-30,Bulk import: inventory_3000
Amoxicillin 50mg,amoxicillin-50mg-capsule,,Amoxicillin,,,capsule,50mg,,,POM,,,draft,0,,,true,200,20,B11129,2028-12-30,Bulk import: inventory_3000
Ampicillin 50mg,ampicillin-50mg-capsule,,Ampicillin,,,capsule,50mg,,,POM,,,draft,0,,,true,100,20,B11131,2028-12-30,Bulk import: inventory_3000
Cloxacillin 50mg,cloxacillin-50mg-capsule,,Cloxacillin,,,capsule,50mg,,,POM,,,draft,0,,,true,100,20,B11132,2028-12-30,Bulk import: inventory_3000
Ceftriaxone 50mg,ceftriaxone-50mg-capsule,,Ceftriaxone,,,capsule,50mg,,,POM,,,draft,0,,,true,100,20,B11133,2028-12-30,Bulk import: inventory_3000
Cefuroxime 50mg,cefuroxime-50mg-capsule,,Cefuroxime,,,capsule,50mg,,,POM,,,draft,0,,,true,100,20,B11134,2028-12-30,Bulk import: inventory_3000
Azithromycin 50mg,azithromycin-50mg-capsule,,Azithromycin,,,capsule,50mg,,,POM,,,draft,0,,,true,100,20,B11135,2028-12-30,Bulk import: inventory_3000
Erythromycin 50mg,erythromycin-50mg-capsule,,Erythromycin,,,capsule,50mg,,,POM,,,draft,0,,,true,100,20,B11136,2028-12-30,Bulk import: inventory_3000
Ciprofloxacin 50mg,ciprofloxacin-50mg-capsule,,Ciprofloxacin,,,capsule,50mg,,,POM,,,draft,0,,,true,100,20,B11137,2028-12-30,Bulk import: inventory_3000
Metronidazole 50mg,metronidazole-50mg-capsule,,Metronidazole,,,capsule,50mg,,,POM,,,draft,0,,,true,200,20,B11138,2028-12-30,Bulk import: inventory_3000
Gentamicin 50mg,gentamicin-50mg-capsule,,Gentamicin,,,capsule,50mg,,,POM,,,draft,0,,,true,100,20,B11140,2028-12-30,Bulk import: inventory_3000
Doxycycline 50mg,doxycycline-50mg-capsule,,Doxycycline,,,capsule,50mg,,,POM,,,draft,0,,,true,100,20,B11141,2028-12-30,Bulk import: inventory_3000
Cotrimoxazole 50mg,cotrimoxazole-50mg-capsule,,Cotrimoxazole,,,capsule,50mg,,,POM,,,draft,0,,,true,100,20,B11142,2028-12-30,Bulk import: inventory_3000
Artemether + Lumefantrine 50mg,artemether-lumefantrine-50mg-capsule,,Artemether + Lumefantrine,,,capsule,50mg,,,POM,,,draft,0,,,true,100,20,B11143,2028-12-30,Bulk import: inventory_3000
Artesunate 50mg,artesunate-50mg-capsule,,Artesunate,,,capsule,50mg,,,POM,,,draft,0,,,true,100,20,B11144,2028-12-30,Bulk import: inventory_3000
Amodiaquine 50mg,amodiaquine-50mg-capsule,,Amodiaquine,,,capsule,50mg,,,POM,,,draft,0,,,true,100,20,B11145,2028-12-30,Bulk import: inventory_3000
Quinine 50mg,quinine-50mg-capsule,,Quinine,,,capsule,50mg,,,POM,,,draft,0,,,true,100,20,B11146,2028-12-30,Bulk import: inventory_3000
Fluconazole 50mg,fluconazole-50mg-capsule,,Fluconazole,,,capsule,50mg,,,POM,,,draft,0,,,true,100,20,B11147,2028-12-30,Bulk import: inventory_3000
Nystatin 50mg,nystatin-50mg-capsule,,Nystatin,,,capsule,50mg,,,POM,,,draft,0,,,true,100,20,B11148,2028-12-30,Bulk import: inventory_3000
Amlodipine 50mg,amlodipine-50mg-capsule,,Amlodipine,,,capsule,50mg,,,POM,,,draft,0,,,true,200,20,B11149,2028-12-30,Bulk import: inventory_3000
Lisinopril 50mg,lisinopril-50mg-capsule,,Lisinopril,,,capsule,50mg,,,POM,,,draft,0,,,true,200,20,B11151,2028-12-30,Bulk import: inventory_3000
Atenolol 50mg,atenolol-50mg-capsule,,Atenolol,,,capsule,50mg,,,POM,,,draft,0,,,true,100,20,B11153,2028-12-30,Bulk import: inventory_3000
Propranolol 50mg,propranolol-50mg-capsule,,Propranolol,,,capsule,50mg,,,POM,,,draft,0,,,true,100,20,B11154,2028-12-30,Bulk import: inventory_3000
Methyldopa 50mg,methyldopa-50mg-capsule,,Methyldopa,,,capsule,50mg,,,POM,,,draft,0,,,true,100,20,B11155,2028-12-30,Bulk import: inventory_3000
Hydralazine 50mg,hydralazine-50mg-capsule,,Hydralazine,,,capsule,50mg,,,POM,,,draft,0,,,true,100,20,B11156,2028-12-30,Bulk import: inventory_3000
Glyceryl Trinitrate 50mg,glyceryl-trinitrate-50mg-capsule,,Glyceryl Trinitrate,,,capsule,50mg,,,POM,,,draft,0,,,true,100,20,B11157,2028-12-30,Bulk import: inventory_3000
Isosorbide Dinitrate 50mg,isosorbide-dinitrate-50mg-capsule,,Isosorbide Dinitrate,,,capsule,50mg,,,POM,,,draft,0,,,true,100,20,B11158,2028-12-30,Bulk import: inventory_3000
Digoxin 50mg,digoxin-50mg-capsule,,Digoxin,,,capsule,50mg,,,POM,,,draft,0,,,true,100,20,B11159,2028-12-30,Bulk import: inventory_3000
Furosemide 50mg,furosemide-50mg-capsule,,Furosemide,,,capsule,50mg,,,POM,,,draft,0,,,true,200,20,B11160,2028-12-30,Bulk import: inventory_3000
Hydrochlorothiazide 50mg,hydrochlorothiazide-50mg-capsule,,Hydrochlorothiazide,,,capsule,50mg,,,POM,,,draft,0,,,true,100,20,B11162,2028-12-30,Bulk import: inventory_3000
Spironolactone 50mg,spironolactone-50mg-capsule,,Spironolactone,,,capsule,50mg,,,POM,,,draft,0,,,true,100,20,B11163,2028-12-30,Bulk import: inventory_3000
Atorvastatin 50mg,atorvastatin-50mg-capsule,,Atorvastatin,,,capsule,50mg,,,POM,,,draft,0,,,true,100,20,B11164,2028-12-30,Bulk import: inventory_3000
Simvastatin 50mg,simvastatin-50mg-capsule,,Simvastatin,,,capsule,50mg,,,POM,,,draft,0,,,true,100,20,B11165,2028-12-30,Bulk import: inventory_3000
Salbutamol 50mg,salbutamol-50mg-capsule,,Salbutamol,,,capsule,50mg,,,POM,,,draft,0,,,true,200,20,B11166,2028-12-30,Bulk import: inventory_3000
Aminophylline 50mg,aminophylline-50mg-capsule,,Aminophylline,,,capsule,50mg,,,POM,,,draft,0,,,true,100,20,B11168,2028-12-30,Bulk import: inventory_3000
Omeprazole 50mg,omeprazole-50mg-capsule,,Omeprazole,,,capsule,50mg,,,POM,,,draft,0,,,true,100,20,B11169,2028-12-30,Bulk import: inventory_3000
Cimetidine 50mg,cimetidine-50mg-capsule,,Cimetidine,,,capsule,50mg,,,POM,,,draft,0,,,true,100,20,B11170,2028-12-30,Bulk import: inventory_3000
Metoclopramide 50mg,metoclopramide-50mg-capsule,,Metoclopramide,,,capsule,50mg,,,POM,,,draft,0,,,true,100,20,B11171,2028-12-30,Bulk import: inventory_3000
Zinc Sulfate 50mg,zinc-sulfate-50mg-capsule,,Zinc Sulfate,,,capsule,50mg,,,POM,,,draft,0,,,true,100,20,B11172,2028-12-30,Bulk import: inventory_3000
Bisacodyl 50mg,bisacodyl-50mg-capsule,,Bisacodyl,,,capsule,50mg,,,POM,,,draft,0,,,true,100,20,B11173,2028-12-30,Bulk import: inventory_3000
Metformin 50mg,metformin-50mg-capsule,,Metformin,,,capsule,50mg,,,POM,,,draft,0,,,true,200,20,B11174,2028-12-30,Bulk import: inventory_3000
Glibenclamide 50mg,glibenclamide-50mg-capsule,,Glibenclamide,,,capsule,50mg,,,POM,,,draft,0,,,true,100,20,B11176,2028-12-30,Bulk import: inventory_3000
Glimepiride 50mg,glimepiride-50mg-capsule,,Glimepiride,,,capsule,50mg,,,POM,,,draft,0,,,true,100,20,B11177,2028-12-30,Bulk import: inventory_3000
Levothyroxine 50mg,levothyroxine-50mg-capsule,,Levothyroxine,,,capsule,50mg,,,POM,,,draft,0,,,true,100,20,B11178,2028-12-30,Bulk import: inventory_3000
Carbimazole 50mg,carbimazole-50mg-capsule,,Carbimazole,,,capsule,50mg,,,POM,,,draft,0,,,true,100,20,B11179,2028-12-30,Bulk import: inventory_3000
Folic Acid 50mg,folic-acid-50mg-capsule,,Folic Acid,,,capsule,50mg,,,POM,,,draft,0,,,true,100,20,B11180,2028-12-30,Bulk import: inventory_3000
Oxytocin 50mg,oxytocin-50mg-capsule,,Oxytocin,,,capsule,50mg,,,POM,,,draft,0,,,true,100,20,B11181,2028-12-30,Bulk import: inventory_3000
Misoprostol 50mg,misoprostol-50mg-capsule,,Misoprostol,,,capsule,50mg,,,POM,,,draft,0,,,true,100,20,B11182,2028-12-30,Bulk import: inventory_3000
Magnesium Sulfate 50mg,magnesium-sulfate-50mg-capsule,,Magnesium Sulfate,,,capsule,50mg,,,POM,,,draft,0,,,true,100,20,B11183,2028-12-30,Bulk import: inventory_3000
Amitriptyline 50mg,amitriptyline-50mg-capsule,,Amitriptyline,,,capsule,50mg,,,POM,,,draft,0,,,true,100,20,B11184,2028-12-30,Bulk import: inventory_3000
Fluoxetine 50mg,fluoxetine-50mg-capsule,,Fluoxetine,,,capsule,50mg,,,POM,,,draft,0,,,true,100,20,B11185,2028-12-30,Bulk import: inventory_3000
Haloperidol 50mg,haloperidol-50mg-capsule,,Haloperidol,,,capsule,50mg,,,POM,,,draft,0,,,true,100,20,B11186,2028-12-30,Bulk import: inventory_3000
Chlorpromazine 50mg,chlorpromazine-50mg-capsule,,Chlorpromazine,,,capsule,50mg,,,POM,,,draft,0,,,true,100,20,B11187,2028-12-30,Bulk import: inventory_3000
Halothane 100mg,halothane-100mg-capsule,,Halothane,,,capsule,100mg,,,POM,,,draft,0,,,true,100,20,B11188,2028-12-30,Bulk import: inventory_3000
Ketamine 100mg,ketamine-100mg-capsule,,Ketamine,,,capsule,100mg,,,POM,,,draft,0,,,true,100,20,B11189,2028-12-30,Bulk import: inventory_3000
Nitrous oxide 100mg,nitrous-oxide-100mg-capsule,,Nitrous oxide,,,capsule,100mg,,,POM,,,draft,0,,,true,100,20,B11190,2028-12-30,Bulk import: inventory_3000
Oxygen 100mg,oxygen-100mg-capsule,,Oxygen,,,capsule,100mg,,,POM,,,draft,0,,,true,100,20,B11191,2028-12-30,Bulk import: inventory_3000
Atropine 100mg,atropine-100mg-capsule,,Atropine,,,capsule,100mg,,,POM,,,draft,0,,,true,100,20,B11192,2028-12-30,Bulk import: inventory_3000
Diazepam 100mg,diazepam-100mg-capsule,,Diazepam,,,capsule,100mg,,,POM,,,draft,0,,,true,100,20,B11193,2028-12-30,Bulk import: inventory_3000
Hyoscine N-Butylbromide 100mg,hyoscine-n-butylbromide-100mg-capsule,,Hyoscine N-Butylbromide,,,capsule,100mg,,,POM,,,draft,0,,,true,100,20,B11194,2028-12-30,Bulk import: inventory_3000
Midazolam 100mg,midazolam-100mg-capsule,,Midazolam,,,capsule,100mg,,,POM,,,draft,0,,,true,100,20,B11195,2028-12-30,Bulk import: inventory_3000
Morphine 100mg,morphine-100mg-capsule,,Morphine,,,capsule,100mg,,,POM,,,draft,0,,,true,100,20,B11196,2028-12-30,Bulk import: inventory_3000
Promethazine 100mg,promethazine-100mg-capsule,,Promethazine,,,capsule,100mg,,,POM,,,draft,0,,,true,200,20,B11197,2028-12-30,Bulk import: inventory_3000
Atracurium 100mg,atracurium-100mg-capsule,,Atracurium,,,capsule,100mg,,,POM,,,draft,0,,,true,100,20,B11199,2028-12-30,Bulk import: inventory_3000
Neostigmine 100mg,neostigmine-100mg-capsule,,Neostigmine,,,capsule,100mg,,,POM,,,draft,0,,,true,100,20,B11200,2028-12-30,Bulk import: inventory_3000
Suxamethonium 100mg,suxamethonium-100mg-capsule,,Suxamethonium,,,capsule,100mg,,,POM,,,draft,0,,,true,100,20,B11201,2028-12-30,Bulk import: inventory_3000
Propofol 100mg,propofol-100mg-capsule,,Propofol,,,capsule,100mg,,,POM,,,draft,0,,,true,100,20,B11202,2028-12-30,Bulk import: inventory_3000
Lidocaine 100mg,lidocaine-100mg-capsule,,Lidocaine,,,capsule,100mg,,,POM,,,draft,0,,,true,100,20,B11203,2028-12-30,Bulk import: inventory_3000
Bupivacaine 100mg,bupivacaine-100mg-capsule,,Bupivacaine,,,capsule,100mg,,,POM,,,draft,0,,,true,100,20,B11204,2028-12-30,Bulk import: inventory_3000
Pentazocine 100mg,pentazocine-100mg-capsule,,Pentazocine,,,capsule,100mg,,,POM,,,draft,0,,,true,100,20,B11205,2028-12-30,Bulk import: inventory_3000
Pethidine 100mg,pethidine-100mg-capsule,,Pethidine,,,capsule,100mg,,,POM,,,draft,0,,,true,100,20,B11206,2028-12-30,Bulk import: inventory_3000
Tramadol 100mg,tramadol-100mg-capsule,,Tramadol,,,capsule,100mg,,,POM,,,draft,0,,,true,100,20,B11207,2028-12-30,Bulk import: inventory_3000
Acetylsalicylic Acid 100mg,acetylsalicylic-acid-100mg-capsule,,Acetylsalicylic Acid,,,capsule,100mg,,,POM,,,draft,0,,,true,100,20,B11208,2028-12-30,Bulk import: inventory_3000
Paracetamol 100mg,paracetamol-100mg-capsule,,Paracetamol,,,capsule,100mg,,,POM,,,draft,0,,,true,300,20,B11209,2028-12-30,Bulk import: inventory_3000
Allopurinol 100mg,allopurinol-100mg-capsule,,Allopurinol,,,capsule,100mg,,,POM,,,draft,0,,,true,100,20,B11212,2028-12-30,Bulk import: inventory_3000
Diclofenac Sodium 100mg,diclofenac-sodium-100mg-capsule,,Diclofenac Sodium,,,capsule,100mg,,,POM,,,draft,0,,,true,200,20,B11213,2028-12-30,Bulk import: inventory_3000
Ibuprofen 100mg,ibuprofen-100mg-capsule,,Ibuprofen,,,capsule,100mg,,,POM,,,draft,0,,,true,200,20,B11215,2028-12-30,Bulk import: inventory_3000
Naproxen 100mg,naproxen-100mg-capsule,,Naproxen,,,capsule,100mg,,,POM,,,draft,0,,,true,100,20,B11217,2028-12-30,Bulk import: inventory_3000
Piroxicam 100mg,piroxicam-100mg-capsule,,Piroxicam,,,capsule,100mg,,,POM,,,draft,0,,,true,100,20,B11218,2028-12-30,Bulk import: inventory_3000
Meloxicam 100mg,meloxicam-100mg-capsule,,Meloxicam,,,capsule,100mg,,,POM,,,draft,0,,,true,100,20,B11219,2028-12-30,Bulk import: inventory_3000
Naloxone 100mg,naloxone-100mg-capsule,,Naloxone,,,capsule,100mg,,,POM,,,draft,0,,,true,100,20,B11220,2028-12-30,Bulk import: inventory_3000
Chlorpheniramine 100mg,chlorpheniramine-100mg-capsule,,Chlorpheniramine,,,capsule,100mg,,,POM,,,draft,0,,,true,100,20,B11221,2028-12-30,Bulk import: inventory_3000
Hydrocortisone 100mg,hydrocortisone-100mg-capsule,,Hydrocortisone,,,capsule,100mg,,,POM,,,draft,0,,,true,100,20,B11222,2028-12-30,Bulk import: inventory_3000
Prednisolone 100mg,prednisolone-100mg-capsule,,Prednisolone,,,capsule,100mg,,,POM,,,draft,0,,,true,100,20,B11223,2028-12-30,Bulk import: inventory_3000
Phenobarbital 100mg,phenobarbital-100mg-capsule,,Phenobarbital,,,capsule,100mg,,,POM,,,draft,0,,,true,100,20,B11224,2028-12-30,Bulk import: inventory_3000
Sodium Valproate 100mg,sodium-valproate-100mg-capsule,,Sodium Valproate,,,capsule,100mg,,,POM,,,draft,0,,,true,100,20,B11226,2028-12-30,Bulk import: inventory_3000
Carbamazepine 100mg,carbamazepine-100mg-capsule,,Carbamazepine,,,capsule,100mg,,,POM,,,draft,0,,,true,100,20,B11227,2028-12-30,Bulk import: inventory_3000
Amoxicillin 100mg,amoxicillin-100mg-capsule,,Amoxicillin,,,capsule,100mg,,,POM,,,draft,0,,,true,200,20,B11228,2028-12-30,Bulk import: inventory_3000
Ampicillin 100mg,ampicillin-100mg-capsule,,Ampicillin,,,capsule,100mg,,,POM,,,draft,0,,,true,100,20,B11230,2028-12-30,Bulk import: inventory_3000
Cloxacillin 100mg,cloxacillin-100mg-capsule,,Cloxacillin,,,capsule,100mg,,,POM,,,draft,0,,,true,100,20,B11231,2028-12-30,Bulk import: inventory_3000
Ceftriaxone 100mg,ceftriaxone-100mg-capsule,,Ceftriaxone,,,capsule,100mg,,,POM,,,draft,0,,,true,100,20,B11232,2028-12-30,Bulk import: inventory_3000
Cefuroxime 100mg,cefuroxime-100mg-capsule,,Cefuroxime,,,capsule,100mg,,,POM,,,draft,0,,,true,100,20,B11233,2028-12-30,Bulk import: inventory_3000
Azithromycin 100mg,azithromycin-100mg-capsule,,Azithromycin,,,capsule,100mg,,,POM,,,draft,0,,,true,100,20,B11234,2028-12-30,Bulk import: inventory_3000
Erythromycin 100mg,erythromycin-100mg-capsule,,Erythromycin,,,capsule,100mg,,,POM,,,draft,0,,,true,100,20,B11235,2028-12-30,Bulk import: inventory_3000
Ciprofloxacin 100mg,ciprofloxacin-100mg-capsule,,Ciprofloxacin,,,capsule,100mg,,,POM,,,draft,0,,,true,100,20,B11236,2028-12-30,Bulk import: inventory_3000
Metronidazole 100mg,metronidazole-100mg-capsule,,Metronidazole,,,capsule,100mg,,,POM,,,draft,0,,,true,200,20,B11237,2028-12-30,Bulk import: inventory_3000
Gentamicin 100mg,gentamicin-100mg-capsule,,Gentamicin,,,capsule,100mg,,,POM,,,draft,0,,,true,100,20,B11239,2028-12-30,Bulk import: inventory_3000
Cotrimoxazole 100mg,cotrimoxazole-100mg-capsule,,Cotrimoxazole,,,capsule,100mg,,,POM,,,draft,0,,,true,100,20,B11241,2028-12-30,Bulk import: inventory_3000
Artemether + Lumefantrine 100mg,artemether-lumefantrine-100mg-capsule,,Artemether + Lumefantrine,,,capsule,100mg,,,POM,,,draft,0,,,true,100,20,B11242,2028-12-30,Bulk import: inventory_3000
Artesunate 100mg,artesunate-100mg-capsule,,Artesunate,,,capsule,100mg,,,POM,,,draft,0,,,true,100,20,B11243,2028-12-30,Bulk import: inventory_3000
Amodiaquine 100mg,amodiaquine-100mg-capsule,,Amodiaquine,,,capsule,100mg,,,POM,,,draft,0,,,true,100,20,B11244,2028-12-30,Bulk import: inventory_3000
Quinine 100mg,quinine-100mg-capsule,,Quinine,,,capsule,100mg,,,POM,,,draft,0,,,true,100,20,B11245,2028-12-30,Bulk import: inventory_3000
Fluconazole 100mg,fluconazole-100mg-capsule,,Fluconazole,,,capsule,100mg,,,POM,,,draft,0,,,true,100,20,B11246,2028-12-30,Bulk import: inventory_3000
Nystatin 100mg,nystatin-100mg-capsule,,Nystatin,,,capsule,100mg,,,POM,,,draft,0,,,true,100,20,B11247,2028-12-30,Bulk import: inventory_3000
Amlodipine 100mg,amlodipine-100mg-capsule,,Amlodipine,,,capsule,100mg,,,POM,,,draft,0,,,true,200,20,B11248,2028-12-30,Bulk import: inventory_3000
Lisinopril 100mg,lisinopril-100mg-capsule,,Lisinopril,,,capsule,100mg,,,POM,,,draft,0,,,true,200,20,B11250,2028-12-30,Bulk import: inventory_3000
Atenolol 100mg,atenolol-100mg-capsule,,Atenolol,,,capsule,100mg,,,POM,,,draft,0,,,true,100,20,B11252,2028-12-30,Bulk import: inventory_3000
Propranolol 100mg,propranolol-100mg-capsule,,Propranolol,,,capsule,100mg,,,POM,,,draft,0,,,true,100,20,B11253,2028-12-30,Bulk import: inventory_3000
Methyldopa 100mg,methyldopa-100mg-capsule,,Methyldopa,,,capsule,100mg,,,POM,,,draft,0,,,true,100,20,B11254,2028-12-30,Bulk import: inventory_3000
Hydralazine 100mg,hydralazine-100mg-capsule,,Hydralazine,,,capsule,100mg,,,POM,,,draft,0,,,true,100,20,B11255,2028-12-30,Bulk import: inventory_3000
Glyceryl Trinitrate 100mg,glyceryl-trinitrate-100mg-capsule,,Glyceryl Trinitrate,,,capsule,100mg,,,POM,,,draft,0,,,true,100,20,B11256,2028-12-30,Bulk import: inventory_3000
Isosorbide Dinitrate 100mg,isosorbide-dinitrate-100mg-capsule,,Isosorbide Dinitrate,,,capsule,100mg,,,POM,,,draft,0,,,true,100,20,B11257,2028-12-30,Bulk import: inventory_3000
Digoxin 100mg,digoxin-100mg-capsule,,Digoxin,,,capsule,100mg,,,POM,,,draft,0,,,true,100,20,B11258,2028-12-30,Bulk import: inventory_3000
Furosemide 100mg,furosemide-100mg-capsule,,Furosemide,,,capsule,100mg,,,POM,,,draft,0,,,true,200,20,B11259,2028-12-30,Bulk import: inventory_3000
Hydrochlorothiazide 100mg,hydrochlorothiazide-100mg-capsule,,Hydrochlorothiazide,,,capsule,100mg,,,POM,,,draft,0,,,true,100,20,B11261,2028-12-30,Bulk import: inventory_3000
Spironolactone 100mg,spironolactone-100mg-capsule,,Spironolactone,,,capsule,100mg,,,POM,,,draft,0,,,true,100,20,B11262,2028-12-30,Bulk import: inventory_3000
Atorvastatin 100mg,atorvastatin-100mg-capsule,,Atorvastatin,,,capsule,100mg,,,POM,,,draft,0,,,true,100,20,B11263,2028-12-30,Bulk import: inventory_3000
Simvastatin 100mg,simvastatin-100mg-capsule,,Simvastatin,,,capsule,100mg,,,POM,,,draft,0,,,true,100,20,B11264,2028-12-30,Bulk import: inventory_3000
Salbutamol 100mg,salbutamol-100mg-capsule,,Salbutamol,,,capsule,100mg,,,POM,,,draft,0,,,true,200,20,B11265,2028-12-30,Bulk import: inventory_3000
Aminophylline 100mg,aminophylline-100mg-capsule,,Aminophylline,,,capsule,100mg,,,POM,,,draft,0,,,true,100,20,B11267,2028-12-30,Bulk import: inventory_3000
Omeprazole 100mg,omeprazole-100mg-capsule,,Omeprazole,,,capsule,100mg,,,POM,,,draft,0,,,true,100,20,B11268,2028-12-30,Bulk import: inventory_3000
Cimetidine 100mg,cimetidine-100mg-capsule,,Cimetidine,,,capsule,100mg,,,POM,,,draft,0,,,true,100,20,B11269,2028-12-30,Bulk import: inventory_3000
Metoclopramide 100mg,metoclopramide-100mg-capsule,,Metoclopramide,,,capsule,100mg,,,POM,,,draft,0,,,true,100,20,B11270,2028-12-30,Bulk import: inventory_3000
Zinc Sulfate 100mg,zinc-sulfate-100mg-capsule,,Zinc Sulfate,,,capsule,100mg,,,POM,,,draft,0,,,true,100,20,B11271,2028-12-30,Bulk import: inventory_3000
Bisacodyl 100mg,bisacodyl-100mg-capsule,,Bisacodyl,,,capsule,100mg,,,POM,,,draft,0,,,true,100,20,B11272,2028-12-30,Bulk import: inventory_3000
Metformin 100mg,metformin-100mg-capsule,,Metformin,,,capsule,100mg,,,POM,,,draft,0,,,true,200,20,B11273,2028-12-30,Bulk import: inventory_3000
Glibenclamide 100mg,glibenclamide-100mg-capsule,,Glibenclamide,,,capsule,100mg,,,POM,,,draft,0,,,true,100,20,B11275,2028-12-30,Bulk import: inventory_3000
Glimepiride 100mg,glimepiride-100mg-capsule,,Glimepiride,,,capsule,100mg,,,POM,,,draft,0,,,true,100,20,B11276,2028-12-30,Bulk import: inventory_3000
Levothyroxine 100mg,levothyroxine-100mg-capsule,,Levothyroxine,,,capsule,100mg,,,POM,,,draft,0,,,true,100,20,B11277,2028-12-30,Bulk import: inventory_3000
Carbimazole 100mg,carbimazole-100mg-capsule,,Carbimazole,,,capsule,100mg,,,POM,,,draft,0,,,true,100,20,B11278,2028-12-30,Bulk import: inventory_3000
Folic Acid 100mg,folic-acid-100mg-capsule,,Folic Acid,,,capsule,100mg,,,POM,,,draft,0,,,true,100,20,B11279,2028-12-30,Bulk import: inventory_3000
Oxytocin 100mg,oxytocin-100mg-capsule,,Oxytocin,,,capsule,100mg,,,POM,,,draft,0,,,true,100,20,B11280,2028-12-30,Bulk import: inventory_3000
Misoprostol 100mg,misoprostol-100mg-capsule,,Misoprostol,,,capsule,100mg,,,POM,,,draft,0,,,true,100,20,B11281,2028-12-30,Bulk import: inventory_3000
Magnesium Sulfate 100mg,magnesium-sulfate-100mg-capsule,,Magnesium Sulfate,,,capsule,100mg,,,POM,,,draft,0,,,true,100,20,B11282,2028-12-30,Bulk import: inventory_3000
Amitriptyline 100mg,amitriptyline-100mg-capsule,,Amitriptyline,,,capsule,100mg,,,POM,,,draft,0,,,true,100,20,B11283,2028-12-30,Bulk import: inventory_3000
Fluoxetine 100mg,fluoxetine-100mg-capsule,,Fluoxetine,,,capsule,100mg,,,POM,,,draft,0,,,true,100,20,B11284,2028-12-30,Bulk import: inventory_3000
Haloperidol 100mg,haloperidol-100mg-capsule,,Haloperidol,,,capsule,100mg,,,POM,,,draft,0,,,true,100,20,B11285,2028-12-30,Bulk import: inventory_3000
Chlorpromazine 100mg,chlorpromazine-100mg-capsule,,Chlorpromazine,,,capsule,100mg,,,POM,,,draft,0,,,true,100,20,B11286,2028-12-30,Bulk import: inventory_3000
Halothane 250mg,halothane-250mg-capsule,,Halothane,,,capsule,250mg,,,POM,,,draft,0,,,true,100,20,B11287,2028-12-30,Bulk import: inventory_3000
Ketamine 250mg,ketamine-250mg-capsule,,Ketamine,,,capsule,250mg,,,POM,,,draft,0,,,true,100,20,B11288,2028-12-30,Bulk import: inventory_3000
Nitrous oxide 250mg,nitrous-oxide-250mg-capsule,,Nitrous oxide,,,capsule,250mg,,,POM,,,draft,0,,,true,100,20,B11289,2028-12-30,Bulk import: inventory_3000
Oxygen 250mg,oxygen-250mg-capsule,,Oxygen,,,capsule,250mg,,,POM,,,draft,0,,,true,100,20,B11290,2028-12-30,Bulk import: inventory_3000
Atropine 250mg,atropine-250mg-capsule,,Atropine,,,capsule,250mg,,,POM,,,draft,0,,,true,100,20,B11291,2028-12-30,Bulk import: inventory_3000
Diazepam 250mg,diazepam-250mg-capsule,,Diazepam,,,capsule,250mg,,,POM,,,draft,0,,,true,100,20,B11292,2028-12-30,Bulk import: inventory_3000
Hyoscine N-Butylbromide 250mg,hyoscine-n-butylbromide-250mg-capsule,,Hyoscine N-Butylbromide,,,capsule,250mg,,,POM,,,draft,0,,,true,100,20,B11293,2028-12-30,Bulk import: inventory_3000
Midazolam 250mg,midazolam-250mg-capsule,,Midazolam,,,capsule,250mg,,,POM,,,draft,0,,,true,100,20,B11294,2028-12-30,Bulk import: inventory_3000
Morphine 250mg,morphine-250mg-capsule,,Morphine,,,capsule,250mg,,,POM,,,draft,0,,,true,100,20,B11295,2028-12-30,Bulk import: inventory_3000
Promethazine 250mg,promethazine-250mg-capsule,,Promethazine,,,capsule,250mg,,,POM,,,draft,0,,,true,200,20,B11296,2028-12-30,Bulk import: inventory_3000
Atracurium 250mg,atracurium-250mg-capsule,,Atracurium,,,capsule,250mg,,,POM,,,draft,0,,,true,100,20,B11298,2028-12-30,Bulk import: inventory_3000
Neostigmine 250mg,neostigmine-250mg-capsule,,Neostigmine,,,capsule,250mg,,,POM,,,draft,0,,,true,100,20,B11299,2028-12-30,Bulk import: inventory_3000
Suxamethonium 250mg,suxamethonium-250mg-capsule,,Suxamethonium,,,capsule,250mg,,,POM,,,draft,0,,,true,100,20,B11300,2028-12-30,Bulk import: inventory_3000
Propofol 250mg,propofol-250mg-capsule,,Propofol,,,capsule,250mg,,,POM,,,draft,0,,,true,100,20,B11301,2028-12-30,Bulk import: inventory_3000
Lidocaine 250mg,lidocaine-250mg-capsule,,Lidocaine,,,capsule,250mg,,,POM,,,draft,0,,,true,100,20,B11302,2028-12-30,Bulk import: inventory_3000
Bupivacaine 250mg,bupivacaine-250mg-capsule,,Bupivacaine,,,capsule,250mg,,,POM,,,draft,0,,,true,100,20,B11303,2028-12-30,Bulk import: inventory_3000
Pentazocine 250mg,pentazocine-250mg-capsule,,Pentazocine,,,capsule,250mg,,,POM,,,draft,0,,,true,100,20,B11304,2028-12-30,Bulk import: inventory_3000
Pethidine 250mg,pethidine-250mg-capsule,,Pethidine,,,capsule,250mg,,,POM,,,draft,0,,,true,100,20,B11305,2028-12-30,Bulk import: inventory_3000
Tramadol 250mg,tramadol-250mg-capsule,,Tramadol,,,capsule,250mg,,,POM,,,draft,0,,,true,100,20,B11306,2028-12-30,Bulk import: inventory_3000
Acetylsalicylic Acid 250mg,acetylsalicylic-acid-250mg-capsule,,Acetylsalicylic Acid,,,capsule,250mg,,,POM,,,draft,0,,,true,100,20,B11307,2028-12-30,Bulk import: inventory_3000
Paracetamol 250mg,paracetamol-250mg-capsule,,Paracetamol,,,capsule,250mg,,,POM,,,draft,0,,,true,300,20,B11308,2028-12-30,Bulk import: inventory_3000
Allopurinol 250mg,allopurinol-250mg-capsule,,Allopurinol,,,capsule,250mg,,,POM,,,draft,0,,,true,100,20,B11311,2028-12-30,Bulk import: inventory_3000
Diclofenac Sodium 250mg,diclofenac-sodium-250mg-capsule,,Diclofenac Sodium,,,capsule,250mg,,,POM,,,draft,0,,,true,200,20,B11312,2028-12-30,Bulk import: inventory_3000
Ibuprofen 250mg,ibuprofen-250mg-capsule,,Ibuprofen,,,capsule,250mg,,,POM,,,draft,0,,,true,200,20,B11314,2028-12-30,Bulk import: inventory_3000
Naproxen 250mg,naproxen-250mg-capsule,,Naproxen,,,capsule,250mg,,,POM,,,draft,0,,,true,100,20,B11316,2028-12-30,Bulk import: inventory_3000
Piroxicam 250mg,piroxicam-250mg-capsule,,Piroxicam,,,capsule,250mg,,,POM,,,draft,0,,,true,100,20,B11317,2028-12-30,Bulk import: inventory_3000
Meloxicam 250mg,meloxicam-250mg-capsule,,Meloxicam,,,capsule,250mg,,,POM,,,draft,0,,,true,100,20,B11318,2028-12-30,Bulk import: inventory_3000
Naloxone 250mg,naloxone-250mg-capsule,,Naloxone,,,capsule,250mg,,,POM,,,draft,0,,,true,100,20,B11319,2028-12-30,Bulk import: inventory_3000
Chlorpheniramine 250mg,chlorpheniramine-250mg-capsule,,Chlorpheniramine,,,capsule,250mg,,,POM,,,draft,0,,,true,100,20,B11320,2028-12-30,Bulk import: inventory_3000
Hydrocortisone 250mg,hydrocortisone-250mg-capsule,,Hydrocortisone,,,capsule,250mg,,,POM,,,draft,0,,,true,100,20,B11321,2028-12-30,Bulk import: inventory_3000
Prednisolone 250mg,prednisolone-250mg-capsule,,Prednisolone,,,capsule,250mg,,,POM,,,draft,0,,,true,100,20,B11322,2028-12-30,Bulk import: inventory_3000
Phenobarbital 250mg,phenobarbital-250mg-capsule,,Phenobarbital,,,capsule,250mg,,,POM,,,draft,0,,,true,100,20,B11323,2028-12-30,Bulk import: inventory_3000
Phenytoin 250mg,phenytoin-250mg-capsule,,Phenytoin,,,capsule,250mg,,,POM,,,draft,0,,,true,100,20,B11324,2028-12-30,Bulk import: inventory_3000
Sodium Valproate 250mg,sodium-valproate-250mg-capsule,,Sodium Valproate,,,capsule,250mg,,,POM,,,draft,0,,,true,100,20,B11325,2028-12-30,Bulk import: inventory_3000
Carbamazepine 250mg,carbamazepine-250mg-capsule,,Carbamazepine,,,capsule,250mg,,,POM,,,draft,0,,,true,100,20,B11326,2028-12-30,Bulk import: inventory_3000
Amoxicillin 250mg,amoxicillin-250mg-capsule,,Amoxicillin,,,capsule,250mg,,,POM,,,draft,0,,,true,200,20,B11327,2028-12-30,Bulk import: inventory_3000
Ampicillin 250mg,ampicillin-250mg-capsule,,Ampicillin,,,capsule,250mg,,,POM,,,draft,0,,,true,100,20,B11329,2028-12-30,Bulk import: inventory_3000
Ceftriaxone 250mg,ceftriaxone-250mg-capsule,,Ceftriaxone,,,capsule,250mg,,,POM,,,draft,0,,,true,100,20,B11331,2028-12-30,Bulk import: inventory_3000
Cefuroxime 250mg,cefuroxime-250mg-capsule,,Cefuroxime,,,capsule,250mg,,,POM,,,draft,0,,,true,100,20,B11332,2028-12-30,Bulk import: inventory_3000
Azithromycin 250mg,azithromycin-250mg-capsule,,Azithromycin,,,capsule,250mg,,,POM,,,draft,0,,,true,100,20,B11333,2028-12-30,Bulk import: inventory_3000
Erythromycin 250mg,erythromycin-250mg-capsule,,Erythromycin,,,capsule,250mg,,,POM,,,draft,0,,,true,100,20,B11334,2028-12-30,Bulk import: inventory_3000
Ciprofloxacin 250mg,ciprofloxacin-250mg-capsule,,Ciprofloxacin,,,capsule,250mg,,,POM,,,draft,0,,,true,100,20,B11335,2028-12-30,Bulk import: inventory_3000
Metronidazole 250mg,metronidazole-250mg-capsule,,Metronidazole,,,capsule,250mg,,,POM,,,draft,0,,,true,200,20,B11336,2028-12-30,Bulk import: inventory_3000
Gentamicin 250mg,gentamicin-250mg-capsule,,Gentamicin,,,capsule,250mg,,,POM,,,draft,0,,,true,100,20,B11338,2028-12-30,Bulk import: inventory_3000
Doxycycline 250mg,doxycycline-250mg-capsule,,Doxycycline,,,capsule,250mg,,,POM,,,draft,0,,,true,100,20,B11339,2028-12-30,Bulk import: inventory_3000
Cotrimoxazole 250mg,cotrimoxazole-250mg-capsule,,Cotrimoxazole,,,capsule,250mg,,,POM,,,draft,0,,,true,100,20,B11340,2028-12-30,Bulk import: inventory_3000
Artemether + Lumefantrine 250mg,artemether-lumefantrine-250mg-capsule,,Artemether + Lumefantrine,,,capsule,250mg,,,POM,,,draft,0,,,true,100,20,B11341,2028-12-30,Bulk import: inventory_3000
Artesunate 250mg,artesunate-250mg-capsule,,Artesunate,,,capsule,250mg,,,POM,,,draft,0,,,true,100,20,B11342,2028-12-30,Bulk import: inventory_3000
Amodiaquine 250mg,amodiaquine-250mg-capsule,,Amodiaquine,,,capsule,250mg,,,POM,,,draft,0,,,true,100,20,B11343,2028-12-30,Bulk import: inventory_3000
Quinine 250mg,quinine-250mg-capsule,,Quinine,,,capsule,250mg,,,POM,,,draft,0,,,true,100,20,B11344,2028-12-30,Bulk import: inventory_3000
Fluconazole 250mg,fluconazole-250mg-capsule,,Fluconazole,,,capsule,250mg,,,POM,,,draft,0,,,true,100,20,B11345,2028-12-30,Bulk import: inventory_3000
Nystatin 250mg,nystatin-250mg-capsule,,Nystatin,,,capsule,250mg,,,POM,,,draft,0,,,true,100,20,B11346,2028-12-30,Bulk import: inventory_3000
Amlodipine 250mg,amlodipine-250mg-capsule,,Amlodipine,,,capsule,250mg,,,POM,,,draft,0,,,true,200,20,B11347,2028-12-30,Bulk import: inventory_3000
Lisinopril 250mg,lisinopril-250mg-capsule,,Lisinopril,,,capsule,250mg,,,POM,,,draft,0,,,true,200,20,B11349,2028-12-30,Bulk import: inventory_3000
Atenolol 250mg,atenolol-250mg-capsule,,Atenolol,,,capsule,250mg,,,POM,,,draft,0,,,true,100,20,B11351,2028-12-30,Bulk import: inventory_3000
Propranolol 250mg,propranolol-250mg-capsule,,Propranolol,,,capsule,250mg,,,POM,,,draft,0,,,true,100,20,B11352,2028-12-30,Bulk import: inventory_3000
Methyldopa 250mg,methyldopa-250mg-capsule,,Methyldopa,,,capsule,250mg,,,POM,,,draft,0,,,true,100,20,B11353,2028-12-30,Bulk import: inventory_3000
Hydralazine 250mg,hydralazine-250mg-capsule,,Hydralazine,,,capsule,250mg,,,POM,,,draft,0,,,true,100,20,B11354,2028-12-30,Bulk import: inventory_3000
Glyceryl Trinitrate 250mg,glyceryl-trinitrate-250mg-capsule,,Glyceryl Trinitrate,,,capsule,250mg,,,POM,,,draft,0,,,true,100,20,B11355,2028-12-30,Bulk import: inventory_3000
Isosorbide Dinitrate 250mg,isosorbide-dinitrate-250mg-capsule,,Isosorbide Dinitrate,,,capsule,250mg,,,POM,,,draft,0,,,true,100,20,B11356,2028-12-30,Bulk import: inventory_3000
Digoxin 250mg,digoxin-250mg-capsule,,Digoxin,,,capsule,250mg,,,POM,,,draft,0,,,true,100,20,B11357,2028-12-30,Bulk import: inventory_3000
Furosemide 250mg,furosemide-250mg-capsule,,Furosemide,,,capsule,250mg,,,POM,,,draft,0,,,true,200,20,B11358,2028-12-30,Bulk import: inventory_3000
Hydrochlorothiazide 250mg,hydrochlorothiazide-250mg-capsule,,Hydrochlorothiazide,,,capsule,250mg,,,POM,,,draft,0,,,true,100,20,B11360,2028-12-30,Bulk import: inventory_3000
Spironolactone 250mg,spironolactone-250mg-capsule,,Spironolactone,,,capsule,250mg,,,POM,,,draft,0,,,true,100,20,B11361,2028-12-30,Bulk import: inventory_3000
Atorvastatin 250mg,atorvastatin-250mg-capsule,,Atorvastatin,,,capsule,250mg,,,POM,,,draft,0,,,true,100,20,B11362,2028-12-30,Bulk import: inventory_3000
Simvastatin 250mg,simvastatin-250mg-capsule,,Simvastatin,,,capsule,250mg,,,POM,,,draft,0,,,true,100,20,B11363,2028-12-30,Bulk import: inventory_3000
Salbutamol 250mg,salbutamol-250mg-capsule,,Salbutamol,,,capsule,250mg,,,POM,,,draft,0,,,true,200,20,B11364,2028-12-30,Bulk import: inventory_3000
Aminophylline 250mg,aminophylline-250mg-capsule,,Aminophylline,,,capsule,250mg,,,POM,,,draft,0,,,true,100,20,B11366,2028-12-30,Bulk import: inventory_3000
Omeprazole 250mg,omeprazole-250mg-capsule,,Omeprazole,,,capsule,250mg,,,POM,,,draft,0,,,true,100,20,B11367,2028-12-30,Bulk import: inventory_3000
Cimetidine 250mg,cimetidine-250mg-capsule,,Cimetidine,,,capsule,250mg,,,POM,,,draft,0,,,true,100,20,B11368,2028-12-30,Bulk import: inventory_3000
Metoclopramide 250mg,metoclopramide-250mg-capsule,,Metoclopramide,,,capsule,250mg,,,POM,,,draft,0,,,true,100,20,B11369,2028-12-30,Bulk import: inventory_3000
Zinc Sulfate 250mg,zinc-sulfate-250mg-capsule,,Zinc Sulfate,,,capsule,250mg,,,POM,,,draft,0,,,true,100,20,B11370,2028-12-30,Bulk import: inventory_3000
Bisacodyl 250mg,bisacodyl-250mg-capsule,,Bisacodyl,,,capsule,250mg,,,POM,,,draft,0,,,true,100,20,B11371,2028-12-30,Bulk import: inventory_3000
Metformin 250mg,metformin-250mg-capsule,,Metformin,,,capsule,250mg,,,POM,,,draft,0,,,true,200,20,B11372,2028-12-30,Bulk import: inventory_3000
Glibenclamide 250mg,glibenclamide-250mg-capsule,,Glibenclamide,,,capsule,250mg,,,POM,,,draft,0,,,true,100,20,B11374,2028-12-30,Bulk import: inventory_3000
Glimepiride 250mg,glimepiride-250mg-capsule,,Glimepiride,,,capsule,250mg,,,POM,,,draft,0,,,true,100,20,B11375,2028-12-30,Bulk import: inventory_3000
Levothyroxine 250mg,levothyroxine-250mg-capsule,,Levothyroxine,,,capsule,250mg,,,POM,,,draft,0,,,true,100,20,B11376,2028-12-30,Bulk import: inventory_3000
Carbimazole 250mg,carbimazole-250mg-capsule,,Carbimazole,,,capsule,250mg,,,POM,,,draft,0,,,true,100,20,B11377,2028-12-30,Bulk import: inventory_3000
Folic Acid 250mg,folic-acid-250mg-capsule,,Folic Acid,,,capsule,250mg,,,POM,,,draft,0,,,true,100,20,B11378,2028-12-30,Bulk import: inventory_3000
Oxytocin 250mg,oxytocin-250mg-capsule,,Oxytocin,,,capsule,250mg,,,POM,,,draft,0,,,true,100,20,B11379,2028-12-30,Bulk import: inventory_3000
Misoprostol 250mg,misoprostol-250mg-capsule,,Misoprostol,,,capsule,250mg,,,POM,,,draft,0,,,true,100,20,B11380,2028-12-30,Bulk import: inventory_3000
Magnesium Sulfate 250mg,magnesium-sulfate-250mg-capsule,,Magnesium Sulfate,,,capsule,250mg,,,POM,,,draft,0,,,true,100,20,B11381,2028-12-30,Bulk import: inventory_3000
Amitriptyline 250mg,amitriptyline-250mg-capsule,,Amitriptyline,,,capsule,250mg,,,POM,,,draft,0,,,true,100,20,B11382,2028-12-30,Bulk import: inventory_3000
Fluoxetine 250mg,fluoxetine-250mg-capsule,,Fluoxetine,,,capsule,250mg,,,POM,,,draft,0,,,true,100,20,B11383,2028-12-30,Bulk import: inventory_3000
Haloperidol 250mg,haloperidol-250mg-capsule,,Haloperidol,,,capsule,250mg,,,POM,,,draft,0,,,true,100,20,B11384,2028-12-30,Bulk import: inventory_3000
Chlorpromazine 250mg,chlorpromazine-250mg-capsule,,Chlorpromazine,,,capsule,250mg,,,POM,,,draft,0,,,true,100,20,B11385,2028-12-30,Bulk import: inventory_3000
Halothane 500mg,halothane-500mg-capsule,,Halothane,,,capsule,500mg,,,POM,,,draft,0,,,true,100,20,B11386,2028-12-30,Bulk import: inventory_3000
Ketamine 500mg,ketamine-500mg-capsule,,Ketamine,,,capsule,500mg,,,POM,,,draft,0,,,true,100,20,B11387,2028-12-30,Bulk import: inventory_3000
Nitrous oxide 500mg,nitrous-oxide-500mg-capsule,,Nitrous oxide,,,capsule,500mg,,,POM,,,draft,0,,,true,100,20,B11388,2028-12-30,Bulk import: inventory_3000
Oxygen 500mg,oxygen-500mg-capsule,,Oxygen,,,capsule,500mg,,,POM,,,draft,0,,,true,100,20,B11389,2028-12-30,Bulk import: inventory_3000
Atropine 500mg,atropine-500mg-capsule,,Atropine,,,capsule,500mg,,,POM,,,draft,0,,,true,100,20,B11390,2028-12-30,Bulk import: inventory_3000
Diazepam 500mg,diazepam-500mg-capsule,,Diazepam,,,capsule,500mg,,,POM,,,draft,0,,,true,100,20,B11391,2028-12-30,Bulk import: inventory_3000
Hyoscine N-Butylbromide 500mg,hyoscine-n-butylbromide-500mg-capsule,,Hyoscine N-Butylbromide,,,capsule,500mg,,,POM,,,draft,0,,,true,100,20,B11392,2028-12-30,Bulk import: inventory_3000
Midazolam 500mg,midazolam-500mg-capsule,,Midazolam,,,capsule,500mg,,,POM,,,draft,0,,,true,100,20,B11393,2028-12-30,Bulk import: inventory_3000
Morphine 500mg,morphine-500mg-capsule,,Morphine,,,capsule,500mg,,,POM,,,draft,0,,,true,100,20,B11394,2028-12-30,Bulk import: inventory_3000
Promethazine 500mg,promethazine-500mg-capsule,,Promethazine,,,capsule,500mg,,,POM,,,draft,0,,,true,200,20,B11395,2028-12-30,Bulk import: inventory_3000
Atracurium 500mg,atracurium-500mg-capsule,,Atracurium,,,capsule,500mg,,,POM,,,draft,0,,,true,100,20,B11397,2028-12-30,Bulk import: inventory_3000
Neostigmine 500mg,neostigmine-500mg-capsule,,Neostigmine,,,capsule,500mg,,,POM,,,draft,0,,,true,100,20,B11398,2028-12-30,Bulk import: inventory_3000
Suxamethonium 500mg,suxamethonium-500mg-capsule,,Suxamethonium,,,capsule,500mg,,,POM,,,draft,0,,,true,100,20,B11399,2028-12-30,Bulk import: inventory_3000
Propofol 500mg,propofol-500mg-capsule,,Propofol,,,capsule,500mg,,,POM,,,draft,0,,,true,100,20,B11400,2028-12-30,Bulk import: inventory_3000
Lidocaine 500mg,lidocaine-500mg-capsule,,Lidocaine,,,capsule,500mg,,,POM,,,draft,0,,,true,100,20,B11401,2028-12-30,Bulk import: inventory_3000
Bupivacaine 500mg,bupivacaine-500mg-capsule,,Bupivacaine,,,capsule,500mg,,,POM,,,draft,0,,,true,100,20,B11402,2028-12-30,Bulk import: inventory_3000
Pentazocine 500mg,pentazocine-500mg-capsule,,Pentazocine,,,capsule,500mg,,,POM,,,draft,0,,,true,100,20,B11403,2028-12-30,Bulk import: inventory_3000
Pethidine 500mg,pethidine-500mg-capsule,,Pethidine,,,capsule,500mg,,,POM,,,draft,0,,,true,100,20,B11404,2028-12-30,Bulk import: inventory_3000
Tramadol 500mg,tramadol-500mg-capsule,,Tramadol,,,capsule,500mg,,,POM,,,draft,0,,,true,100,20,B11405,2028-12-30,Bulk import: inventory_3000
Acetylsalicylic Acid 500mg,acetylsalicylic-acid-500mg-capsule,,Acetylsalicylic Acid,,,capsule,500mg,,,POM,,,draft,0,,,true,100,20,B11406,2028-12-30,Bulk import: inventory_3000
Paracetamol 500mg,paracetamol-500mg-capsule,,Paracetamol,,,capsule,500mg,,,POM,,,draft,0,,,true,300,20,B11407,2028-12-30,Bulk import: inventory_3000
Allopurinol 500mg,allopurinol-500mg-capsule,,Allopurinol,,,capsule,500mg,,,POM,,,draft,0,,,true,100,20,B11410,2028-12-30,Bulk import: inventory_3000
Diclofenac Sodium 500mg,diclofenac-sodium-500mg-capsule,,Diclofenac Sodium,,,capsule,500mg,,,POM,,,draft,0,,,true,200,20,B11411,2028-12-30,Bulk import: inventory_3000
Ibuprofen 500mg,ibuprofen-500mg-capsule,,Ibuprofen,,,capsule,500mg,,,POM,,,draft,0,,,true,200,20,B11413,2028-12-30,Bulk import: inventory_3000
Naproxen 500mg,naproxen-500mg-capsule,,Naproxen,,,capsule,500mg,,,POM,,,draft,0,,,true,100,20,B11415,2028-12-30,Bulk import: inventory_3000
Piroxicam 500mg,piroxicam-500mg-capsule,,Piroxicam,,,capsule,500mg,,,POM,,,draft,0,,,true,100,20,B11416,2028-12-30,Bulk import: inventory_3000
Meloxicam 500mg,meloxicam-500mg-capsule,,Meloxicam,,,capsule,500mg,,,POM,,,draft,0,,,true,100,20,B11417,2028-12-30,Bulk import: inventory_3000
Naloxone 500mg,naloxone-500mg-capsule,,Naloxone,,,capsule,500mg,,,POM,,,draft,0,,,true,100,20,B11418,2028-12-30,Bulk import: inventory_3000
Chlorpheniramine 500mg,chlorpheniramine-500mg-capsule,,Chlorpheniramine,,,capsule,500mg,,,POM,,,draft,0,,,true,100,20,B11419,2028-12-30,Bulk import: inventory_3000
Hydrocortisone 500mg,hydrocortisone-500mg-capsule,,Hydrocortisone,,,capsule,500mg,,,POM,,,draft,0,,,true,100,20,B11420,2028-12-30,Bulk import: inventory_3000
Prednisolone 500mg,prednisolone-500mg-capsule,,Prednisolone,,,capsule,500mg,,,POM,,,draft,0,,,true,100,20,B11421,2028-12-30,Bulk import: inventory_3000
Phenobarbital 500mg,phenobarbital-500mg-capsule,,Phenobarbital,,,capsule,500mg,,,POM,,,draft,0,,,true,100,20,B11422,2028-12-30,Bulk import: inventory_3000
Phenytoin 500mg,phenytoin-500mg-capsule,,Phenytoin,,,capsule,500mg,,,POM,,,draft,0,,,true,100,20,B11423,2028-12-30,Bulk import: inventory_3000
Sodium Valproate 500mg,sodium-valproate-500mg-capsule,,Sodium Valproate,,,capsule,500mg,,,POM,,,draft,0,,,true,100,20,B11424,2028-12-30,Bulk import: inventory_3000
Carbamazepine 500mg,carbamazepine-500mg-capsule,,Carbamazepine,,,capsule,500mg,,,POM,,,draft,0,,,true,100,20,B11425,2028-12-30,Bulk import: inventory_3000
Ampicillin 500mg,ampicillin-500mg-capsule,,Ampicillin,,,capsule,500mg,,,POM,,,draft,0,,,true,100,20,B11428,2028-12-30,Bulk import: inventory_3000
Cloxacillin 500mg,cloxacillin-500mg-capsule,,Cloxacillin,,,capsule,500mg,,,POM,,,draft,0,,,true,100,20,B11429,2028-12-30,Bulk import: inventory_3000
Ceftriaxone 500mg,ceftriaxone-500mg-capsule,,Ceftriaxone,,,capsule,500mg,,,POM,,,draft,0,,,true,100,20,B11430,2028-12-30,Bulk import: inventory_3000
Cefuroxime 500mg,cefuroxime-500mg-capsule,,Cefuroxime,,,capsule,500mg,,,POM,,,draft,0,,,true,100,20,B11431,2028-12-30,Bulk import: inventory_3000
Azithromycin 500mg,azithromycin-500mg-capsule,,Azithromycin,,,capsule,500mg,,,POM,,,draft,0,,,true,100,20,B11432,2028-12-30,Bulk import: inventory_3000
Erythromycin 500mg,erythromycin-500mg-capsule,,Erythromycin,,,capsule,500mg,,,POM,,,draft,0,,,true,100,20,B11433,2028-12-30,Bulk import: inventory_3000
Ciprofloxacin 500mg,ciprofloxacin-500mg-capsule,,Ciprofloxacin,,,capsule,500mg,,,POM,,,draft,0,,,true,100,20,B11434,2028-12-30,Bulk import: inventory_3000
Metronidazole 500mg,metronidazole-500mg-capsule,,Metronidazole,,,capsule,500mg,,,POM,,,draft,0,,,true,200,20,B11435,2028-12-30,Bulk import: inventory_3000
Gentamicin 500mg,gentamicin-500mg-capsule,,Gentamicin,,,capsule,500mg,,,POM,,,draft,0,,,true,100,20,B11437,2028-12-30,Bulk import: inventory_3000
Doxycycline 500mg,doxycycline-500mg-capsule,,Doxycycline,,,capsule,500mg,,,POM,,,draft,0,,,true,100,20,B11438,2028-12-30,Bulk import: inventory_3000
Cotrimoxazole 500mg,cotrimoxazole-500mg-capsule,,Cotrimoxazole,,,capsule,500mg,,,POM,,,draft,0,,,true,100,20,B11439,2028-12-30,Bulk import: inventory_3000
Artemether + Lumefantrine 500mg,artemether-lumefantrine-500mg-capsule,,Artemether + Lumefantrine,,,capsule,500mg,,,POM,,,draft,0,,,true,100,20,B11440,2028-12-30,Bulk import: inventory_3000
Artesunate 500mg,artesunate-500mg-capsule,,Artesunate,,,capsule,500mg,,,POM,,,draft,0,,,true,100,20,B11441,2028-12-30,Bulk import: inventory_3000
Amodiaquine 500mg,amodiaquine-500mg-capsule,,Amodiaquine,,,capsule,500mg,,,POM,,,draft,0,,,true,100,20,B11442,2028-12-30,Bulk import: inventory_3000
Quinine 500mg,quinine-500mg-capsule,,Quinine,,,capsule,500mg,,,POM,,,draft,0,,,true,100,20,B11443,2028-12-30,Bulk import: inventory_3000
Fluconazole 500mg,fluconazole-500mg-capsule,,Fluconazole,,,capsule,500mg,,,POM,,,draft,0,,,true,100,20,B11444,2028-12-30,Bulk import: inventory_3000
Nystatin 500mg,nystatin-500mg-capsule,,Nystatin,,,capsule,500mg,,,POM,,,draft,0,,,true,100,20,B11445,2028-12-30,Bulk import: inventory_3000
Amlodipine 500mg,amlodipine-500mg-capsule,,Amlodipine,,,capsule,500mg,,,POM,,,draft,0,,,true,200,20,B11446,2028-12-30,Bulk import: inventory_3000
Lisinopril 500mg,lisinopril-500mg-capsule,,Lisinopril,,,capsule,500mg,,,POM,,,draft,0,,,true,200,20,B11448,2028-12-30,Bulk import: inventory_3000
Atenolol 500mg,atenolol-500mg-capsule,,Atenolol,,,capsule,500mg,,,POM,,,draft,0,,,true,100,20,B11450,2028-12-30,Bulk import: inventory_3000
Propranolol 500mg,propranolol-500mg-capsule,,Propranolol,,,capsule,500mg,,,POM,,,draft,0,,,true,100,20,B11451,2028-12-30,Bulk import: inventory_3000
Methyldopa 500mg,methyldopa-500mg-capsule,,Methyldopa,,,capsule,500mg,,,POM,,,draft,0,,,true,100,20,B11452,2028-12-30,Bulk import: inventory_3000
Hydralazine 500mg,hydralazine-500mg-capsule,,Hydralazine,,,capsule,500mg,,,POM,,,draft,0,,,true,100,20,B11453,2028-12-30,Bulk import: inventory_3000
Glyceryl Trinitrate 500mg,glyceryl-trinitrate-500mg-capsule,,Glyceryl Trinitrate,,,capsule,500mg,,,POM,,,draft,0,,,true,100,20,B11454,2028-12-30,Bulk import: inventory_3000
Isosorbide Dinitrate 500mg,isosorbide-dinitrate-500mg-capsule,,Isosorbide Dinitrate,,,capsule,500mg,,,POM,,,draft,0,,,true,100,20,B11455,2028-12-30,Bulk import: inventory_3000
Digoxin 500mg,digoxin-500mg-capsule,,Digoxin,,,capsule,500mg,,,POM,,,draft,0,,,true,100,20,B11456,2028-12-30,Bulk import: inventory_3000
Furosemide 500mg,furosemide-500mg-capsule,,Furosemide,,,capsule,500mg,,,POM,,,draft,0,,,true,200,20,B11457,2028-12-30,Bulk import: inventory_3000
Hydrochlorothiazide 500mg,hydrochlorothiazide-500mg-capsule,,Hydrochlorothiazide,,,capsule,500mg,,,POM,,,draft,0,,,true,100,20,B11459,2028-12-30,Bulk import: inventory_3000
Spironolactone 500mg,spironolactone-500mg-capsule,,Spironolactone,,,capsule,500mg,,,POM,,,draft,0,,,true,100,20,B11460,2028-12-30,Bulk import: inventory_3000
Atorvastatin 500mg,atorvastatin-500mg-capsule,,Atorvastatin,,,capsule,500mg,,,POM,,,draft,0,,,true,100,20,B11461,2028-12-30,Bulk import: inventory_3000
Simvastatin 500mg,simvastatin-500mg-capsule,,Simvastatin,,,capsule,500mg,,,POM,,,draft,0,,,true,100,20,B11462,2028-12-30,Bulk import: inventory_3000
Salbutamol 500mg,salbutamol-500mg-capsule,,Salbutamol,,,capsule,500mg,,,POM,,,draft,0,,,true,200,20,B11463,2028-12-30,Bulk import: inventory_3000
Aminophylline 500mg,aminophylline-500mg-capsule,,Aminophylline,,,capsule,500mg,,,POM,,,draft,0,,,true,100,20,B11465,2028-12-30,Bulk import: inventory_3000
Omeprazole 500mg,omeprazole-500mg-capsule,,Omeprazole,,,capsule,500mg,,,POM,,,draft,0,,,true,100,20,B11466,2028-12-30,Bulk import: inventory_3000
Cimetidine 500mg,cimetidine-500mg-capsule,,Cimetidine,,,capsule,500mg,,,POM,,,draft,0,,,true,100,20,B11467,2028-12-30,Bulk import: inventory_3000
Metoclopramide 500mg,metoclopramide-500mg-capsule,,Metoclopramide,,,capsule,500mg,,,POM,,,draft,0,,,true,100,20,B11468,2028-12-30,Bulk import: inventory_3000
Zinc Sulfate 500mg,zinc-sulfate-500mg-capsule,,Zinc Sulfate,,,capsule,500mg,,,POM,,,draft,0,,,true,100,20,B11469,2028-12-30,Bulk import: inventory_3000
Bisacodyl 500mg,bisacodyl-500mg-capsule,,Bisacodyl,,,capsule,500mg,,,POM,,,draft,0,,,true,100,20,B11470,2028-12-30,Bulk import: inventory_3000
Metformin 500mg,metformin-500mg-capsule,,Metformin,,,capsule,500mg,,,POM,,,draft,0,,,true,200,20,B11471,2028-12-30,Bulk import: inventory_3000
Glibenclamide 500mg,glibenclamide-500mg-capsule,,Glibenclamide,,,capsule,500mg,,,POM,,,draft,0,,,true,100,20,B11473,2028-12-30,Bulk import: inventory_3000
Glimepiride 500mg,glimepiride-500mg-capsule,,Glimepiride,,,capsule,500mg,,,POM,,,draft,0,,,true,100,20,B11474,2028-12-30,Bulk import: inventory_3000
Levothyroxine 500mg,levothyroxine-500mg-capsule,,Levothyroxine,,,capsule,500mg,,,POM,,,draft,0,,,true,100,20,B11475,2028-12-30,Bulk import: inventory_3000
Carbimazole 500mg,carbimazole-500mg-capsule,,Carbimazole,,,capsule,500mg,,,POM,,,draft,0,,,true,100,20,B11476,2028-12-30,Bulk import: inventory_3000
Folic Acid 500mg,folic-acid-500mg-capsule,,Folic Acid,,,capsule,500mg,,,POM,,,draft,0,,,true,100,20,B11477,2028-12-30,Bulk import: inventory_3000
Oxytocin 500mg,oxytocin-500mg-capsule,,Oxytocin,,,capsule,500mg,,,POM,,,draft,0,,,true,100,20,B11478,2028-12-30,Bulk import: inventory_3000
Misoprostol 500mg,misoprostol-500mg-capsule,,Misoprostol,,,capsule,500mg,,,POM,,,draft,0,,,true,100,20,B11479,2028-12-30,Bulk import: inventory_3000
Magnesium Sulfate 500mg,magnesium-sulfate-500mg-capsule,,Magnesium Sulfate,,,capsule,500mg,,,POM,,,draft,0,,,true,100,20,B11480,2028-12-30,Bulk import: inventory_3000
Amitriptyline 500mg,amitriptyline-500mg-capsule,,Amitriptyline,,,capsule,500mg,,,POM,,,draft,0,,,true,100,20,B11481,2028-12-30,Bulk import: inventory_3000
Fluoxetine 500mg,fluoxetine-500mg-capsule,,Fluoxetine,,,capsule,500mg,,,POM,,,draft,0,,,true,100,20,B11482,2028-12-30,Bulk import: inventory_3000
Haloperidol 500mg,haloperidol-500mg-capsule,,Haloperidol,,,capsule,500mg,,,POM,,,draft,0,,,true,100,20,B11483,2028-12-30,Bulk import: inventory_3000
Chlorpromazine 500mg,chlorpromazine-500mg-capsule,,Chlorpromazine,,,capsule,500mg,,,POM,,,draft,0,,,true,100,20,B11484,2028-12-30,Bulk import: inventory_3000
Halothane 1g,halothane-1g-capsule,,Halothane,,,capsule,1g,,,POM,,,draft,0,,,true,100,20,B11485,2028-12-30,Bulk import: inventory_3000
Ketamine 1g,ketamine-1g-capsule,,Ketamine,,,capsule,1g,,,POM,,,draft,0,,,true,100,20,B11486,2028-12-30,Bulk import: inventory_3000
Nitrous oxide 1g,nitrous-oxide-1g-capsule,,Nitrous oxide,,,capsule,1g,,,POM,,,draft,0,,,true,100,20,B11487,2028-12-30,Bulk import: inventory_3000
Oxygen 1g,oxygen-1g-capsule,,Oxygen,,,capsule,1g,,,POM,,,draft,0,,,true,100,20,B11488,2028-12-30,Bulk import: inventory_3000
Atropine 1g,atropine-1g-capsule,,Atropine,,,capsule,1g,,,POM,,,draft,0,,,true,100,20,B11489,2028-12-30,Bulk import: inventory_3000
Diazepam 1g,diazepam-1g-capsule,,Diazepam,,,capsule,1g,,,POM,,,draft,0,,,true,100,20,B11490,2028-12-30,Bulk import: inventory_3000
Hyoscine N-Butylbromide 1g,hyoscine-n-butylbromide-1g-capsule,,Hyoscine N-Butylbromide,,,capsule,1g,,,POM,,,draft,0,,,true,100,20,B11491,2028-12-30,Bulk import: inventory_3000
Midazolam 1g,midazolam-1g-capsule,,Midazolam,,,capsule,1g,,,POM,,,draft,0,,,true,100,20,B11492,2028-12-30,Bulk import: inventory_3000
Morphine 1g,morphine-1g-capsule,,Morphine,,,capsule,1g,,,POM,,,draft,0,,,true,100,20,B11493,2028-12-30,Bulk import: inventory_3000
Promethazine 1g,promethazine-1g-capsule,,Promethazine,,,capsule,1g,,,POM,,,draft,0,,,true,200,20,B11494,2028-12-30,Bulk import: inventory_3000
Atracurium 1g,atracurium-1g-capsule,,Atracurium,,,capsule,1g,,,POM,,,draft,0,,,true,100,20,B11496,2028-12-30,Bulk import: inventory_3000
Neostigmine 1g,neostigmine-1g-capsule,,Neostigmine,,,capsule,1g,,,POM,,,draft,0,,,true,100,20,B11497,2028-12-30,Bulk import: inventory_3000
Suxamethonium 1g,suxamethonium-1g-capsule,,Suxamethonium,,,capsule,1g,,,POM,,,draft,0,,,true,100,20,B11498,2028-12-30,Bulk import: inventory_3000
Propofol 1g,propofol-1g-capsule,,Propofol,,,capsule,1g,,,POM,,,draft,0,,,true,100,20,B11499,2028-12-30,Bulk import: inventory_3000
Lidocaine 1g,lidocaine-1g-capsule,,Lidocaine,,,capsule,1g,,,POM,,,draft,0,,,true,100,20,B11500,2028-12-30,Bulk import: inventory_3000
Bupivacaine 1g,bupivacaine-1g-capsule,,Bupivacaine,,,capsule,1g,,,POM,,,draft,0,,,true,100,20,B11501,2028-12-30,Bulk import: inventory_3000
Pentazocine 1g,pentazocine-1g-capsule,,Pentazocine,,,capsule,1g,,,POM,,,draft,0,,,true,100,20,B11502,2028-12-30,Bulk import: inventory_3000
Pethidine 1g,pethidine-1g-capsule,,Pethidine,,,capsule,1g,,,POM,,,draft,0,,,true,100,20,B11503,2028-12-30,Bulk import: inventory_3000
Tramadol 1g,tramadol-1g-capsule,,Tramadol,,,capsule,1g,,,POM,,,draft,0,,,true,100,20,B11504,2028-12-30,Bulk import: inventory_3000
Acetylsalicylic Acid 1g,acetylsalicylic-acid-1g-capsule,,Acetylsalicylic Acid,,,capsule,1g,,,POM,,,draft,0,,,true,100,20,B11505,2028-12-30,Bulk import: inventory_3000
Paracetamol 1g,paracetamol-1g-capsule,,Paracetamol,,,capsule,1g,,,POM,,,draft,0,,,true,300,20,B11506,2028-12-30,Bulk import: inventory_3000
Allopurinol 1g,allopurinol-1g-capsule,,Allopurinol,,,capsule,1g,,,POM,,,draft,0,,,true,100,20,B11509,2028-12-30,Bulk import: inventory_3000
Diclofenac Sodium 1g,diclofenac-sodium-1g-capsule,,Diclofenac Sodium,,,capsule,1g,,,POM,,,draft,0,,,true,200,20,B11510,2028-12-30,Bulk import: inventory_3000
Ibuprofen 1g,ibuprofen-1g-capsule,,Ibuprofen,,,capsule,1g,,,POM,,,draft,0,,,true,200,20,B11512,2028-12-30,Bulk import: inventory_3000
Naproxen 1g,naproxen-1g-capsule,,Naproxen,,,capsule,1g,,,POM,,,draft,0,,,true,100,20,B11514,2028-12-30,Bulk import: inventory_3000
Piroxicam 1g,piroxicam-1g-capsule,,Piroxicam,,,capsule,1g,,,POM,,,draft,0,,,true,100,20,B11515,2028-12-30,Bulk import: inventory_3000
Meloxicam 1g,meloxicam-1g-capsule,,Meloxicam,,,capsule,1g,,,POM,,,draft,0,,,true,100,20,B11516,2028-12-30,Bulk import: inventory_3000
Naloxone 1g,naloxone-1g-capsule,,Naloxone,,,capsule,1g,,,POM,,,draft,0,,,true,100,20,B11517,2028-12-30,Bulk import: inventory_3000
Chlorpheniramine 1g,chlorpheniramine-1g-capsule,,Chlorpheniramine,,,capsule,1g,,,POM,,,draft,0,,,true,100,20,B11518,2028-12-30,Bulk import: inventory_3000
Hydrocortisone 1g,hydrocortisone-1g-capsule,,Hydrocortisone,,,capsule,1g,,,POM,,,draft,0,,,true,100,20,B11519,2028-12-30,Bulk import: inventory_3000
Prednisolone 1g,prednisolone-1g-capsule,,Prednisolone,,,capsule,1g,,,POM,,,draft,0,,,true,100,20,B11520,2028-12-30,Bulk import: inventory_3000
Phenobarbital 1g,phenobarbital-1g-capsule,,Phenobarbital,,,capsule,1g,,,POM,,,draft,0,,,true,100,20,B11521,2028-12-30,Bulk import: inventory_3000
Phenytoin 1g,phenytoin-1g-capsule,,Phenytoin,,,capsule,1g,,,POM,,,draft,0,,,true,100,20,B11522,2028-12-30,Bulk import: inventory_3000
Sodium Valproate 1g,sodium-valproate-1g-capsule,,Sodium Valproate,,,capsule,1g,,,POM,,,draft,0,,,true,100,20,B11523,2028-12-30,Bulk import: inventory_3000
Carbamazepine 1g,carbamazepine-1g-capsule,,Carbamazepine,,,capsule,1g,,,POM,,,draft,0,,,true,100,20,B11524,2028-12-30,Bulk import: inventory_3000
Amoxicillin 1g,amoxicillin-1g-capsule,,Amoxicillin,,,capsule,1g,,,POM,,,draft,0,,,true,200,20,B11525,2028-12-30,Bulk import: inventory_3000
Ampicillin 1g,ampicillin-1g-capsule,,Ampicillin,,,capsule,1g,,,POM,,,draft,0,,,true,100,20,B11527,2028-12-30,Bulk import: inventory_3000
Cloxacillin 1g,cloxacillin-1g-capsule,,Cloxacillin,,,capsule,1g,,,POM,,,draft,0,,,true,100,20,B11528,2028-12-30,Bulk import: inventory_3000
Ceftriaxone 1g,ceftriaxone-1g-capsule,,Ceftriaxone,,,capsule,1g,,,POM,,,draft,0,,,true,100,20,B11529,2028-12-30,Bulk import: inventory_3000
Cefuroxime 1g,cefuroxime-1g-capsule,,Cefuroxime,,,capsule,1g,,,POM,,,draft,0,,,true,100,20,B11530,2028-12-30,Bulk import: inventory_3000
Azithromycin 1g,azithromycin-1g-capsule,,Azithromycin,,,capsule,1g,,,POM,,,draft,0,,,true,100,20,B11531,2028-12-30,Bulk import: inventory_3000
Erythromycin 1g,erythromycin-1g-capsule,,Erythromycin,,,capsule,1g,,,POM,,,draft,0,,,true,100,20,B11532,2028-12-30,Bulk import: inventory_3000
Ciprofloxacin 1g,ciprofloxacin-1g-capsule,,Ciprofloxacin,,,capsule,1g,,,POM,,,draft,0,,,true,100,20,B11533,2028-12-30,Bulk import: inventory_3000
Metronidazole 1g,metronidazole-1g-capsule,,Metronidazole,,,capsule,1g,,,POM,,,draft,0,,,true,200,20,B11534,2028-12-30,Bulk import: inventory_3000
Gentamicin 1g,gentamicin-1g-capsule,,Gentamicin,,,capsule,1g,,,POM,,,draft,0,,,true,100,20,B11536,2028-12-30,Bulk import: inventory_3000
Doxycycline 1g,doxycycline-1g-capsule,,Doxycycline,,,capsule,1g,,,POM,,,draft,0,,,true,100,20,B11537,2028-12-30,Bulk import: inventory_3000
Cotrimoxazole 1g,cotrimoxazole-1g-capsule,,Cotrimoxazole,,,capsule,1g,,,POM,,,draft,0,,,true,100,20,B11538,2028-12-30,Bulk import: inventory_3000
Artemether + Lumefantrine 1g,artemether-lumefantrine-1g-capsule,,Artemether + Lumefantrine,,,capsule,1g,,,POM,,,draft,0,,,true,100,20,B11539,2028-12-30,Bulk import: inventory_3000
Artesunate 1g,artesunate-1g-capsule,,Artesunate,,,capsule,1g,,,POM,,,draft,0,,,true,100,20,B11540,2028-12-30,Bulk import: inventory_3000
Amodiaquine 1g,amodiaquine-1g-capsule,,Amodiaquine,,,capsule,1g,,,POM,,,draft,0,,,true,100,20,B11541,2028-12-30,Bulk import: inventory_3000
Quinine 1g,quinine-1g-capsule,,Quinine,,,capsule,1g,,,POM,,,draft,0,,,true,100,20,B11542,2028-12-30,Bulk import: inventory_3000
Fluconazole 1g,fluconazole-1g-capsule,,Fluconazole,,,capsule,1g,,,POM,,,draft,0,,,true,100,20,B11543,2028-12-30,Bulk import: inventory_3000
Nystatin 1g,nystatin-1g-capsule,,Nystatin,,,capsule,1g,,,POM,,,draft,0,,,true,100,20,B11544,2028-12-30,Bulk import: inventory_3000
Amlodipine 1g,amlodipine-1g-capsule,,Amlodipine,,,capsule,1g,,,POM,,,draft,0,,,true,200,20,B11545,2028-12-30,Bulk import: inventory_3000
Lisinopril 1g,lisinopril-1g-capsule,,Lisinopril,,,capsule,1g,,,POM,,,draft,0,,,true,200,20,B11547,2028-12-30,Bulk import: inventory_3000
Atenolol 1g,atenolol-1g-capsule,,Atenolol,,,capsule,1g,,,POM,,,draft,0,,,true,100,20,B11549,2028-12-30,Bulk import: inventory_3000
Propranolol 1g,propranolol-1g-capsule,,Propranolol,,,capsule,1g,,,POM,,,draft,0,,,true,100,20,B11550,2028-12-30,Bulk import: inventory_3000
Methyldopa 1g,methyldopa-1g-capsule,,Methyldopa,,,capsule,1g,,,POM,,,draft,0,,,true,100,20,B11551,2028-12-30,Bulk import: inventory_3000
Hydralazine 1g,hydralazine-1g-capsule,,Hydralazine,,,capsule,1g,,,POM,,,draft,0,,,true,100,20,B11552,2028-12-30,Bulk import: inventory_3000
Glyceryl Trinitrate 1g,glyceryl-trinitrate-1g-capsule,,Glyceryl Trinitrate,,,capsule,1g,,,POM,,,draft,0,,,true,100,20,B11553,2028-12-30,Bulk import: inventory_3000
Isosorbide Dinitrate 1g,isosorbide-dinitrate-1g-capsule,,Isosorbide Dinitrate,,,capsule,1g,,,POM,,,draft,0,,,true,100,20,B11554,2028-12-30,Bulk import: inventory_3000
Digoxin 1g,digoxin-1g-capsule,,Digoxin,,,capsule,1g,,,POM,,,draft,0,,,true,100,20,B11555,2028-12-30,Bulk import: inventory_3000
Furosemide 1g,furosemide-1g-capsule,,Furosemide,,,capsule,1g,,,POM,,,draft,0,,,true,200,20,B11556,2028-12-30,Bulk import: inventory_3000
Hydrochlorothiazide 1g,hydrochlorothiazide-1g-capsule,,Hydrochlorothiazide,,,capsule,1g,,,POM,,,draft,0,,,true,100,20,B11558,2028-12-30,Bulk import: inventory_3000
Spironolactone 1g,spironolactone-1g-capsule,,Spironolactone,,,capsule,1g,,,POM,,,draft,0,,,true,100,20,B11559,2028-12-30,Bulk import: inventory_3000
Atorvastatin 1g,atorvastatin-1g-capsule,,Atorvastatin,,,capsule,1g,,,POM,,,draft,0,,,true,100,20,B11560,2028-12-30,Bulk import: inventory_3000
Simvastatin 1g,simvastatin-1g-capsule,,Simvastatin,,,capsule,1g,,,POM,,,draft,0,,,true,100,20,B11561,2028-12-30,Bulk import: inventory_3000
Salbutamol 1g,salbutamol-1g-capsule,,Salbutamol,,,capsule,1g,,,POM,,,draft,0,,,true,200,20,B11562,2028-12-30,Bulk import: inventory_3000
Aminophylline 1g,aminophylline-1g-capsule,,Aminophylline,,,capsule,1g,,,POM,,,draft,0,,,true,100,20,B11564,2028-12-30,Bulk import: inventory_3000
Omeprazole 1g,omeprazole-1g-capsule,,Omeprazole,,,capsule,1g,,,POM,,,draft,0,,,true,100,20,B11565,2028-12-30,Bulk import: inventory_3000
Cimetidine 1g,cimetidine-1g-capsule,,Cimetidine,,,capsule,1g,,,POM,,,draft,0,,,true,100,20,B11566,2028-12-30,Bulk import: inventory_3000
Metoclopramide 1g,metoclopramide-1g-capsule,,Metoclopramide,,,capsule,1g,,,POM,,,draft,0,,,true,100,20,B11567,2028-12-30,Bulk import: inventory_3000
Zinc Sulfate 1g,zinc-sulfate-1g-capsule,,Zinc Sulfate,,,capsule,1g,,,POM,,,draft,0,,,true,100,20,B11568,2028-12-30,Bulk import: inventory_3000
Bisacodyl 1g,bisacodyl-1g-capsule,,Bisacodyl,,,capsule,1g,,,POM,,,draft,0,,,true,100,20,B11569,2028-12-30,Bulk import: inventory_3000
Metformin 1g,metformin-1g-capsule,,Metformin,,,capsule,1g,,,POM,,,draft,0,,,true,200,20,B11570,2028-12-30,Bulk import: inventory_3000
Glibenclamide 1g,glibenclamide-1g-capsule,,Glibenclamide,,,capsule,1g,,,POM,,,draft,0,,,true,100,20,B11572,2028-12-30,Bulk import: inventory_3000
Glimepiride 1g,glimepiride-1g-capsule,,Glimepiride,,,capsule,1g,,,POM,,,draft,0,,,true,100,20,B11573,2028-12-30,Bulk import: inventory_3000
Levothyroxine 1g,levothyroxine-1g-capsule,,Levothyroxine,,,capsule,1g,,,POM,,,draft,0,,,true,100,20,B11574,2028-12-30,Bulk import: inventory_3000
Carbimazole 1g,carbimazole-1g-capsule,,Carbimazole,,,capsule,1g,,,POM,,,draft,0,,,true,100,20,B11575,2028-12-30,Bulk import: inventory_3000
Folic Acid 1g,folic-acid-1g-capsule,,Folic Acid,,,capsule,1g,,,POM,,,draft,0,,,true,100,20,B11576,2028-12-30,Bulk import: inventory_3000
Oxytocin 1g,oxytocin-1g-capsule,,Oxytocin,,,capsule,1g,,,POM,,,draft,0,,,true,100,20,B11577,2028-12-30,Bulk import: inventory_3000
Misoprostol 1g,misoprostol-1g-capsule,,Misoprostol,,,capsule,1g,,,POM,,,draft,0,,,true,100,20,B11578,2028-12-30,Bulk import: inventory_3000
Magnesium Sulfate 1g,magnesium-sulfate-1g-capsule,,Magnesium Sulfate,,,capsule,1g,,,POM,,,draft,0,,,true,100,20,B11579,2028-12-30,Bulk import: inventory_3000
Amitriptyline 1g,amitriptyline-1g-capsule,,Amitriptyline,,,capsule,1g,,,POM,,,draft,0,,,true,100,20,B11580,2028-12-30,Bulk import: inventory_3000
Fluoxetine 1g,fluoxetine-1g-capsule,,Fluoxetine,,,capsule,1g,,,POM,,,draft,0,,,true,100,20,B11581,2028-12-30,Bulk import: inventory_3000
Haloperidol 1g,haloperidol-1g-capsule,,Haloperidol,,,capsule,1g,,,POM,,,draft,0,,,true,100,20,B11582,2028-12-30,Bulk import: inventory_3000
Chlorpromazine 1g,chlorpromazine-1g-capsule,,Chlorpromazine,,,capsule,1g,,,POM,,,draft,0,,,true,100,20,B11583,2028-12-30,Bulk import: inventory_3000
Halothane 5mg,halothane-5mg-injection,,Halothane,,,injection,5mg,,,POM,,,draft,0,,,true,100,20,B11584,2028-12-30,Bulk import: inventory_3000
Ketamine 5mg,ketamine-5mg-injection,,Ketamine,,,injection,5mg,,,POM,,,draft,0,,,true,100,20,B11585,2028-12-30,Bulk import: inventory_3000
Nitrous oxide 5mg,nitrous-oxide-5mg-injection,,Nitrous oxide,,,injection,5mg,,,POM,,,draft,0,,,true,100,20,B11586,2028-12-30,Bulk import: inventory_3000
Oxygen 5mg,oxygen-5mg-injection,,Oxygen,,,injection,5mg,,,POM,,,draft,0,,,true,100,20,B11587,2028-12-30,Bulk import: inventory_3000
Atropine 5mg,atropine-5mg-injection,,Atropine,,,injection,5mg,,,POM,,,draft,0,,,true,100,20,B11588,2028-12-30,Bulk import: inventory_3000
Diazepam 5mg,diazepam-5mg-injection,,Diazepam,,,injection,5mg,,,POM,,,draft,0,,,true,100,20,B11589,2028-12-30,Bulk import: inventory_3000
Hyoscine N-Butylbromide 5mg,hyoscine-n-butylbromide-5mg-injection,,Hyoscine N-Butylbromide,,,injection,5mg,,,POM,,,draft,0,,,true,100,20,B11590,2028-12-30,Bulk import: inventory_3000
Midazolam 5mg,midazolam-5mg-injection,,Midazolam,,,injection,5mg,,,POM,,,draft,0,,,true,100,20,B11591,2028-12-30,Bulk import: inventory_3000
Morphine 5mg,morphine-5mg-injection,,Morphine,,,injection,5mg,,,POM,,,draft,0,,,true,100,20,B11592,2028-12-30,Bulk import: inventory_3000
Promethazine 5mg,promethazine-5mg-injection,,Promethazine,,,injection,5mg,,,POM,,,draft,0,,,true,200,20,B11593,2028-12-30,Bulk import: inventory_3000
Atracurium 5mg,atracurium-5mg-injection,,Atracurium,,,injection,5mg,,,POM,,,draft,0,,,true,100,20,B11595,2028-12-30,Bulk import: inventory_3000
Neostigmine 5mg,neostigmine-5mg-injection,,Neostigmine,,,injection,5mg,,,POM,,,draft,0,,,true,100,20,B11596,2028-12-30,Bulk import: inventory_3000
Suxamethonium 5mg,suxamethonium-5mg-injection,,Suxamethonium,,,injection,5mg,,,POM,,,draft,0,,,true,100,20,B11597,2028-12-30,Bulk import: inventory_3000
Propofol 5mg,propofol-5mg-injection,,Propofol,,,injection,5mg,,,POM,,,draft,0,,,true,100,20,B11598,2028-12-30,Bulk import: inventory_3000
Lidocaine 5mg,lidocaine-5mg-injection,,Lidocaine,,,injection,5mg,,,POM,,,draft,0,,,true,100,20,B11599,2028-12-30,Bulk import: inventory_3000
Bupivacaine 5mg,bupivacaine-5mg-injection,,Bupivacaine,,,injection,5mg,,,POM,,,draft,0,,,true,100,20,B11600,2028-12-30,Bulk import: inventory_3000
Pentazocine 5mg,pentazocine-5mg-injection,,Pentazocine,,,injection,5mg,,,POM,,,draft,0,,,true,100,20,B11601,2028-12-30,Bulk import: inventory_3000
Pethidine 5mg,pethidine-5mg-injection,,Pethidine,,,injection,5mg,,,POM,,,draft,0,,,true,100,20,B11602,2028-12-30,Bulk import: inventory_3000
Tramadol 5mg,tramadol-5mg-injection,,Tramadol,,,injection,5mg,,,POM,,,draft,0,,,true,100,20,B11603,2028-12-30,Bulk import: inventory_3000
Acetylsalicylic Acid 5mg,acetylsalicylic-acid-5mg-injection,,Acetylsalicylic Acid,,,injection,5mg,,,POM,,,draft,0,,,true,100,20,B11604,2028-12-30,Bulk import: inventory_3000
Paracetamol 5mg,paracetamol-5mg-injection,,Paracetamol,,,injection,5mg,,,POM,,,draft,0,,,true,300,20,B11605,2028-12-30,Bulk import: inventory_3000
Allopurinol 5mg,allopurinol-5mg-injection,,Allopurinol,,,injection,5mg,,,POM,,,draft,0,,,true,100,20,B11608,2028-12-30,Bulk import: inventory_3000
Diclofenac Sodium 5mg,diclofenac-sodium-5mg-injection,,Diclofenac Sodium,,,injection,5mg,,,POM,,,draft,0,,,true,200,20,B11609,2028-12-30,Bulk import: inventory_3000
Ibuprofen 5mg,ibuprofen-5mg-injection,,Ibuprofen,,,injection,5mg,,,POM,,,draft,0,,,true,200,20,B11611,2028-12-30,Bulk import: inventory_3000
Naproxen 5mg,naproxen-5mg-injection,,Naproxen,,,injection,5mg,,,POM,,,draft,0,,,true,100,20,B11613,2028-12-30,Bulk import: inventory_3000
Piroxicam 5mg,piroxicam-5mg-injection,,Piroxicam,,,injection,5mg,,,POM,,,draft,0,,,true,100,20,B11614,2028-12-30,Bulk import: inventory_3000
Meloxicam 5mg,meloxicam-5mg-injection,,Meloxicam,,,injection,5mg,,,POM,,,draft,0,,,true,100,20,B11615,2028-12-30,Bulk import: inventory_3000
Naloxone 5mg,naloxone-5mg-injection,,Naloxone,,,injection,5mg,,,POM,,,draft,0,,,true,100,20,B11616,2028-12-30,Bulk import: inventory_3000
Chlorpheniramine 5mg,chlorpheniramine-5mg-injection,,Chlorpheniramine,,,injection,5mg,,,POM,,,draft,0,,,true,100,20,B11617,2028-12-30,Bulk import: inventory_3000
Hydrocortisone 5mg,hydrocortisone-5mg-injection,,Hydrocortisone,,,injection,5mg,,,POM,,,draft,0,,,true,100,20,B11618,2028-12-30,Bulk import: inventory_3000
Prednisolone 5mg,prednisolone-5mg-injection,,Prednisolone,,,injection,5mg,,,POM,,,draft,0,,,true,100,20,B11619,2028-12-30,Bulk import: inventory_3000
Phenobarbital 5mg,phenobarbital-5mg-injection,,Phenobarbital,,,injection,5mg,,,POM,,,draft,0,,,true,100,20,B11620,2028-12-30,Bulk import: inventory_3000
Phenytoin 5mg,phenytoin-5mg-injection,,Phenytoin,,,injection,5mg,,,POM,,,draft,0,,,true,100,20,B11621,2028-12-30,Bulk import: inventory_3000
Sodium Valproate 5mg,sodium-valproate-5mg-injection,,Sodium Valproate,,,injection,5mg,,,POM,,,draft,0,,,true,100,20,B11622,2028-12-30,Bulk import: inventory_3000
Carbamazepine 5mg,carbamazepine-5mg-injection,,Carbamazepine,,,injection,5mg,,,POM,,,draft,0,,,true,100,20,B11623,2028-12-30,Bulk import: inventory_3000
Amoxicillin 5mg,amoxicillin-5mg-injection,,Amoxicillin,,,injection,5mg,,,POM,,,draft,0,,,true,200,20,B11624,2028-12-30,Bulk import: inventory_3000
Ampicillin 5mg,ampicillin-5mg-injection,,Ampicillin,,,injection,5mg,,,POM,,,draft,0,,,true,100,20,B11626,2028-12-30,Bulk import: inventory_3000
Cloxacillin 5mg,cloxacillin-5mg-injection,,Cloxacillin,,,injection,5mg,,,POM,,,draft,0,,,true,100,20,B11627,2028-12-30,Bulk import: inventory_3000
Ceftriaxone 5mg,ceftriaxone-5mg-injection,,Ceftriaxone,,,injection,5mg,,,POM,,,draft,0,,,true,100,20,B11628,2028-12-30,Bulk import: inventory_3000
Cefuroxime 5mg,cefuroxime-5mg-injection,,Cefuroxime,,,injection,5mg,,,POM,,,draft,0,,,true,100,20,B11629,2028-12-30,Bulk import: inventory_3000
Azithromycin 5mg,azithromycin-5mg-injection,,Azithromycin,,,injection,5mg,,,POM,,,draft,0,,,true,100,20,B11630,2028-12-30,Bulk import: inventory_3000
Erythromycin 5mg,erythromycin-5mg-injection,,Erythromycin,,,injection,5mg,,,POM,,,draft,0,,,true,100,20,B11631,2028-12-30,Bulk import: inventory_3000
Ciprofloxacin 5mg,ciprofloxacin-5mg-injection,,Ciprofloxacin,,,injection,5mg,,,POM,,,draft,0,,,true,100,20,B11632,2028-12-30,Bulk import: inventory_3000
Metronidazole 5mg,metronidazole-5mg-injection,,Metronidazole,,,injection,5mg,,,POM,,,draft,0,,,true,200,20,B11633,2028-12-30,Bulk import: inventory_3000
Gentamicin 5mg,gentamicin-5mg-injection,,Gentamicin,,,injection,5mg,,,POM,,,draft,0,,,true,100,20,B11635,2028-12-30,Bulk import: inventory_3000
Doxycycline 5mg,doxycycline-5mg-injection,,Doxycycline,,,injection,5mg,,,POM,,,draft,0,,,true,100,20,B11636,2028-12-30,Bulk import: inventory_3000
Cotrimoxazole 5mg,cotrimoxazole-5mg-injection,,Cotrimoxazole,,,injection,5mg,,,POM,,,draft,0,,,true,100,20,B11637,2028-12-30,Bulk import: inventory_3000
Artemether + Lumefantrine 5mg,artemether-lumefantrine-5mg-injection,,Artemether + Lumefantrine,,,injection,5mg,,,POM,,,draft,0,,,true,100,20,B11638,2028-12-30,Bulk import: inventory_3000
Artesunate 5mg,artesunate-5mg-injection,,Artesunate,,,injection,5mg,,,POM,,,draft,0,,,true,100,20,B11639,2028-12-30,Bulk import: inventory_3000
Amodiaquine 5mg,amodiaquine-5mg-injection,,Amodiaquine,,,injection,5mg,,,POM,,,draft,0,,,true,100,20,B11640,2028-12-30,Bulk import: inventory_3000
Quinine 5mg,quinine-5mg-injection,,Quinine,,,injection,5mg,,,POM,,,draft,0,,,true,100,20,B11641,2028-12-30,Bulk import: inventory_3000
Fluconazole 5mg,fluconazole-5mg-injection,,Fluconazole,,,injection,5mg,,,POM,,,draft,0,,,true,100,20,B11642,2028-12-30,Bulk import: inventory_3000
Nystatin 5mg,nystatin-5mg-injection,,Nystatin,,,injection,5mg,,,POM,,,draft,0,,,true,100,20,B11643,2028-12-30,Bulk import: inventory_3000
Amlodipine 5mg,amlodipine-5mg-injection,,Amlodipine,,,injection,5mg,,,POM,,,draft,0,,,true,200,20,B11644,2028-12-30,Bulk import: inventory_3000
Lisinopril 5mg,lisinopril-5mg-injection,,Lisinopril,,,injection,5mg,,,POM,,,draft,0,,,true,200,20,B11646,2028-12-30,Bulk import: inventory_3000
Atenolol 5mg,atenolol-5mg-injection,,Atenolol,,,injection,5mg,,,POM,,,draft,0,,,true,100,20,B11648,2028-12-30,Bulk import: inventory_3000
Propranolol 5mg,propranolol-5mg-injection,,Propranolol,,,injection,5mg,,,POM,,,draft,0,,,true,100,20,B11649,2028-12-30,Bulk import: inventory_3000
Methyldopa 5mg,methyldopa-5mg-injection,,Methyldopa,,,injection,5mg,,,POM,,,draft,0,,,true,100,20,B11650,2028-12-30,Bulk import: inventory_3000
Hydralazine 5mg,hydralazine-5mg-injection,,Hydralazine,,,injection,5mg,,,POM,,,draft,0,,,true,100,20,B11651,2028-12-30,Bulk import: inventory_3000
Glyceryl Trinitrate 5mg,glyceryl-trinitrate-5mg-injection,,Glyceryl Trinitrate,,,injection,5mg,,,POM,,,draft,0,,,true,100,20,B11652,2028-12-30,Bulk import: inventory_3000
Isosorbide Dinitrate 5mg,isosorbide-dinitrate-5mg-injection,,Isosorbide Dinitrate,,,injection,5mg,,,POM,,,draft,0,,,true,100,20,B11653,2028-12-30,Bulk import: inventory_3000
Digoxin 5mg,digoxin-5mg-injection,,Digoxin,,,injection,5mg,,,POM,,,draft,0,,,true,100,20,B11654,2028-12-30,Bulk import: inventory_3000
Furosemide 5mg,furosemide-5mg-injection,,Furosemide,,,injection,5mg,,,POM,,,draft,0,,,true,200,20,B11655,2028-12-30,Bulk import: inventory_3000
Hydrochlorothiazide 5mg,hydrochlorothiazide-5mg-injection,,Hydrochlorothiazide,,,injection,5mg,,,POM,,,draft,0,,,true,100,20,B11657,2028-12-30,Bulk import: inventory_3000
Spironolactone 5mg,spironolactone-5mg-injection,,Spironolactone,,,injection,5mg,,,POM,,,draft,0,,,true,100,20,B11658,2028-12-30,Bulk import: inventory_3000
Atorvastatin 5mg,atorvastatin-5mg-injection,,Atorvastatin,,,injection,5mg,,,POM,,,draft,0,,,true,100,20,B11659,2028-12-30,Bulk import: inventory_3000
Simvastatin 5mg,simvastatin-5mg-injection,,Simvastatin,,,injection,5mg,,,POM,,,draft,0,,,true,100,20,B11660,2028-12-30,Bulk import: inventory_3000
Salbutamol 5mg,salbutamol-5mg-injection,,Salbutamol,,,injection,5mg,,,POM,,,draft,0,,,true,200,20,B11661,2028-12-30,Bulk import: inventory_3000
Aminophylline 5mg,aminophylline-5mg-injection,,Aminophylline,,,injection,5mg,,,POM,,,draft,0,,,true,100,20,B11663,2028-12-30,Bulk import: inventory_3000
Omeprazole 5mg,omeprazole-5mg-injection,,Omeprazole,,,injection,5mg,,,POM,,,draft,0,,,true,100,20,B11664,2028-12-30,Bulk import: inventory_3000
Cimetidine 5mg,cimetidine-5mg-injection,,Cimetidine,,,injection,5mg,,,POM,,,draft,0,,,true,100,20,B11665,2028-12-30,Bulk import: inventory_3000
Metoclopramide 5mg,metoclopramide-5mg-injection,,Metoclopramide,,,injection,5mg,,,POM,,,draft,0,,,true,100,20,B11666,2028-12-30,Bulk import: inventory_3000
Zinc Sulfate 5mg,zinc-sulfate-5mg-injection,,Zinc Sulfate,,,injection,5mg,,,POM,,,draft,0,,,true,100,20,B11667,2028-12-30,Bulk import: inventory_3000
Bisacodyl 5mg,bisacodyl-5mg-injection,,Bisacodyl,,,injection,5mg,,,POM,,,draft,0,,,true,100,20,B11668,2028-12-30,Bulk import: inventory_3000
Metformin 5mg,metformin-5mg-injection,,Metformin,,,injection,5mg,,,POM,,,draft,0,,,true,200,20,B11669,2028-12-30,Bulk import: inventory_3000
Glibenclamide 5mg,glibenclamide-5mg-injection,,Glibenclamide,,,injection,5mg,,,POM,,,draft,0,,,true,100,20,B11671,2028-12-30,Bulk import: inventory_3000
Glimepiride 5mg,glimepiride-5mg-injection,,Glimepiride,,,injection,5mg,,,POM,,,draft,0,,,true,100,20,B11672,2028-12-30,Bulk import: inventory_3000
Levothyroxine 5mg,levothyroxine-5mg-injection,,Levothyroxine,,,injection,5mg,,,POM,,,draft,0,,,true,100,20,B11673,2028-12-30,Bulk import: inventory_3000
Carbimazole 5mg,carbimazole-5mg-injection,,Carbimazole,,,injection,5mg,,,POM,,,draft,0,,,true,100,20,B11674,2028-12-30,Bulk import: inventory_3000
Folic Acid 5mg,folic-acid-5mg-injection,,Folic Acid,,,injection,5mg,,,POM,,,draft,0,,,true,100,20,B11675,2028-12-30,Bulk import: inventory_3000
Oxytocin 5mg,oxytocin-5mg-injection,,Oxytocin,,,injection,5mg,,,POM,,,draft,0,,,true,100,20,B11676,2028-12-30,Bulk import: inventory_3000
Misoprostol 5mg,misoprostol-5mg-injection,,Misoprostol,,,injection,5mg,,,POM,,,draft,0,,,true,100,20,B11677,2028-12-30,Bulk import: inventory_3000
Magnesium Sulfate 5mg,magnesium-sulfate-5mg-injection,,Magnesium Sulfate,,,injection,5mg,,,POM,,,draft,0,,,true,100,20,B11678,2028-12-30,Bulk import: inventory_3000
Amitriptyline 5mg,amitriptyline-5mg-injection,,Amitriptyline,,,injection,5mg,,,POM,,,draft,0,,,true,100,20,B11679,2028-12-30,Bulk import: inventory_3000
Fluoxetine 5mg,fluoxetine-5mg-injection,,Fluoxetine,,,injection,5mg,,,POM,,,draft,0,,,true,100,20,B11680,2028-12-30,Bulk import: inventory_3000
Haloperidol 5mg,haloperidol-5mg-injection,,Haloperidol,,,injection,5mg,,,POM,,,draft,0,,,true,100,20,B11681,2028-12-30,Bulk import: inventory_3000
Chlorpromazine 5mg,chlorpromazine-5mg-injection,,Chlorpromazine,,,injection,5mg,,,POM,,,draft,0,,,true,100,20,B11682,2028-12-30,Bulk import: inventory_3000
Halothane 10mg,halothane-10mg-injection,,Halothane,,,injection,10mg,,,POM,,,draft,0,,,true,100,20,B11683,2028-12-30,Bulk import: inventory_3000
Ketamine 10mg,ketamine-10mg-injection,,Ketamine,,,injection,10mg,,,POM,,,draft,0,,,true,100,20,B11684,2028-12-30,Bulk import: inventory_3000
Nitrous oxide 10mg,nitrous-oxide-10mg-injection,,Nitrous oxide,,,injection,10mg,,,POM,,,draft,0,,,true,100,20,B11685,2028-12-30,Bulk import: inventory_3000
Oxygen 10mg,oxygen-10mg-injection,,Oxygen,,,injection,10mg,,,POM,,,draft,0,,,true,100,20,B11686,2028-12-30,Bulk import: inventory_3000
Atropine 10mg,atropine-10mg-injection,,Atropine,,,injection,10mg,,,POM,,,draft,0,,,true,100,20,B11687,2028-12-30,Bulk import: inventory_3000
Diazepam 10mg,diazepam-10mg-injection,,Diazepam,,,injection,10mg,,,POM,,,draft,0,,,true,100,20,B11688,2028-12-30,Bulk import: inventory_3000
Hyoscine N-Butylbromide 10mg,hyoscine-n-butylbromide-10mg-injection,,Hyoscine N-Butylbromide,,,injection,10mg,,,POM,,,draft,0,,,true,100,20,B11689,2028-12-30,Bulk import: inventory_3000
Midazolam 10mg,midazolam-10mg-injection,,Midazolam,,,injection,10mg,,,POM,,,draft,0,,,true,100,20,B11690,2028-12-30,Bulk import: inventory_3000
Morphine 10mg,morphine-10mg-injection,,Morphine,,,injection,10mg,,,POM,,,draft,0,,,true,100,20,B11691,2028-12-30,Bulk import: inventory_3000
Promethazine 10mg,promethazine-10mg-injection,,Promethazine,,,injection,10mg,,,POM,,,draft,0,,,true,200,20,B11692,2028-12-30,Bulk import: inventory_3000
Atracurium 10mg,atracurium-10mg-injection,,Atracurium,,,injection,10mg,,,POM,,,draft,0,,,true,100,20,B11694,2028-12-30,Bulk import: inventory_3000
Neostigmine 10mg,neostigmine-10mg-injection,,Neostigmine,,,injection,10mg,,,POM,,,draft,0,,,true,100,20,B11695,2028-12-30,Bulk import: inventory_3000
Suxamethonium 10mg,suxamethonium-10mg-injection,,Suxamethonium,,,injection,10mg,,,POM,,,draft,0,,,true,100,20,B11696,2028-12-30,Bulk import: inventory_3000
Propofol 10mg,propofol-10mg-injection,,Propofol,,,injection,10mg,,,POM,,,draft,0,,,true,100,20,B11697,2028-12-30,Bulk import: inventory_3000
Lidocaine 10mg,lidocaine-10mg-injection,,Lidocaine,,,injection,10mg,,,POM,,,draft,0,,,true,100,20,B11698,2028-12-30,Bulk import: inventory_3000
Bupivacaine 10mg,bupivacaine-10mg-injection,,Bupivacaine,,,injection,10mg,,,POM,,,draft,0,,,true,100,20,B11699,2028-12-30,Bulk import: inventory_3000
Pentazocine 10mg,pentazocine-10mg-injection,,Pentazocine,,,injection,10mg,,,POM,,,draft,0,,,true,100,20,B11700,2028-12-30,Bulk import: inventory_3000
Pethidine 10mg,pethidine-10mg-injection,,Pethidine,,,injection,10mg,,,POM,,,draft,0,,,true,100,20,B11701,2028-12-30,Bulk import: inventory_3000
Tramadol 10mg,tramadol-10mg-injection,,Tramadol,,,injection,10mg,,,POM,,,draft,0,,,true,100,20,B11702,2028-12-30,Bulk import: inventory_3000
Acetylsalicylic Acid 10mg,acetylsalicylic-acid-10mg-injection,,Acetylsalicylic Acid,,,injection,10mg,,,POM,,,draft,0,,,true,100,20,B11703,2028-12-30,Bulk import: inventory_3000
Paracetamol 10mg,paracetamol-10mg-injection,,Paracetamol,,,injection,10mg,,,POM,,,draft,0,,,true,300,20,B11704,2028-12-30,Bulk import: inventory_3000
Allopurinol 10mg,allopurinol-10mg-injection,,Allopurinol,,,injection,10mg,,,POM,,,draft,0,,,true,100,20,B11707,2028-12-30,Bulk import: inventory_3000
Diclofenac Sodium 10mg,diclofenac-sodium-10mg-injection,,Diclofenac Sodium,,,injection,10mg,,,POM,,,draft,0,,,true,200,20,B11708,2028-12-30,Bulk import: inventory_3000
Ibuprofen 10mg,ibuprofen-10mg-injection,,Ibuprofen,,,injection,10mg,,,POM,,,draft,0,,,true,200,20,B11710,2028-12-30,Bulk import: inventory_3000
Naproxen 10mg,naproxen-10mg-injection,,Naproxen,,,injection,10mg,,,POM,,,draft,0,,,true,100,20,B11712,2028-12-30,Bulk import: inventory_3000
Piroxicam 10mg,piroxicam-10mg-injection,,Piroxicam,,,injection,10mg,,,POM,,,draft,0,,,true,100,20,B11713,2028-12-30,Bulk import: inventory_3000
Meloxicam 10mg,meloxicam-10mg-injection,,Meloxicam,,,injection,10mg,,,POM,,,draft,0,,,true,100,20,B11714,2028-12-30,Bulk import: inventory_3000
Naloxone 10mg,naloxone-10mg-injection,,Naloxone,,,injection,10mg,,,POM,,,draft,0,,,true,100,20,B11715,2028-12-30,Bulk import: inventory_3000
Chlorpheniramine 10mg,chlorpheniramine-10mg-injection,,Chlorpheniramine,,,injection,10mg,,,POM,,,draft,0,,,true,100,20,B11716,2028-12-30,Bulk import: inventory_3000
Hydrocortisone 10mg,hydrocortisone-10mg-injection,,Hydrocortisone,,,injection,10mg,,,POM,,,draft,0,,,true,100,20,B11717,2028-12-30,Bulk import: inventory_3000
Prednisolone 10mg,prednisolone-10mg-injection,,Prednisolone,,,injection,10mg,,,POM,,,draft,0,,,true,100,20,B11718,2028-12-30,Bulk import: inventory_3000
Phenobarbital 10mg,phenobarbital-10mg-injection,,Phenobarbital,,,injection,10mg,,,POM,,,draft,0,,,true,100,20,B11719,2028-12-30,Bulk import: inventory_3000
Phenytoin 10mg,phenytoin-10mg-injection,,Phenytoin,,,injection,10mg,,,POM,,,draft,0,,,true,100,20,B11720,2028-12-30,Bulk import: inventory_3000
Sodium Valproate 10mg,sodium-valproate-10mg-injection,,Sodium Valproate,,,injection,10mg,,,POM,,,draft,0,,,true,100,20,B11721,2028-12-30,Bulk import: inventory_3000
Carbamazepine 10mg,carbamazepine-10mg-injection,,Carbamazepine,,,injection,10mg,,,POM,,,draft,0,,,true,100,20,B11722,2028-12-30,Bulk import: inventory_3000
Amoxicillin 10mg,amoxicillin-10mg-injection,,Amoxicillin,,,injection,10mg,,,POM,,,draft,0,,,true,200,20,B11723,2028-12-30,Bulk import: inventory_3000
Ampicillin 10mg,ampicillin-10mg-injection,,Ampicillin,,,injection,10mg,,,POM,,,draft,0,,,true,100,20,B11725,2028-12-30,Bulk import: inventory_3000
Cloxacillin 10mg,cloxacillin-10mg-injection,,Cloxacillin,,,injection,10mg,,,POM,,,draft,0,,,true,100,20,B11726,2028-12-30,Bulk import: inventory_3000
Ceftriaxone 10mg,ceftriaxone-10mg-injection,,Ceftriaxone,,,injection,10mg,,,POM,,,draft,0,,,true,100,20,B11727,2028-12-30,Bulk import: inventory_3000
Cefuroxime 10mg,cefuroxime-10mg-injection,,Cefuroxime,,,injection,10mg,,,POM,,,draft,0,,,true,100,20,B11728,2028-12-30,Bulk import: inventory_3000
Azithromycin 10mg,azithromycin-10mg-injection,,Azithromycin,,,injection,10mg,,,POM,,,draft,0,,,true,100,20,B11729,2028-12-30,Bulk import: inventory_3000
Erythromycin 10mg,erythromycin-10mg-injection,,Erythromycin,,,injection,10mg,,,POM,,,draft,0,,,true,100,20,B11730,2028-12-30,Bulk import: inventory_3000
Ciprofloxacin 10mg,ciprofloxacin-10mg-injection,,Ciprofloxacin,,,injection,10mg,,,POM,,,draft,0,,,true,100,20,B11731,2028-12-30,Bulk import: inventory_3000
Metronidazole 10mg,metronidazole-10mg-injection,,Metronidazole,,,injection,10mg,,,POM,,,draft,0,,,true,200,20,B11732,2028-12-30,Bulk import: inventory_3000
Gentamicin 10mg,gentamicin-10mg-injection,,Gentamicin,,,injection,10mg,,,POM,,,draft,0,,,true,100,20,B11734,2028-12-30,Bulk import: inventory_3000
Doxycycline 10mg,doxycycline-10mg-injection,,Doxycycline,,,injection,10mg,,,POM,,,draft,0,,,true,100,20,B11735,2028-12-30,Bulk import: inventory_3000
Cotrimoxazole 10mg,cotrimoxazole-10mg-injection,,Cotrimoxazole,,,injection,10mg,,,POM,,,draft,0,,,true,100,20,B11736,2028-12-30,Bulk import: inventory_3000
Artemether + Lumefantrine 10mg,artemether-lumefantrine-10mg-injection,,Artemether + Lumefantrine,,,injection,10mg,,,POM,,,draft,0,,,true,100,20,B11737,2028-12-30,Bulk import: inventory_3000
Artesunate 10mg,artesunate-10mg-injection,,Artesunate,,,injection,10mg,,,POM,,,draft,0,,,true,100,20,B11738,2028-12-30,Bulk import: inventory_3000
Amodiaquine 10mg,amodiaquine-10mg-injection,,Amodiaquine,,,injection,10mg,,,POM,,,draft,0,,,true,100,20,B11739,2028-12-30,Bulk import: inventory_3000
Quinine 10mg,quinine-10mg-injection,,Quinine,,,injection,10mg,,,POM,,,draft,0,,,true,100,20,B11740,2028-12-30,Bulk import: inventory_3000
Fluconazole 10mg,fluconazole-10mg-injection,,Fluconazole,,,injection,10mg,,,POM,,,draft,0,,,true,100,20,B11741,2028-12-30,Bulk import: inventory_3000
Nystatin 10mg,nystatin-10mg-injection,,Nystatin,,,injection,10mg,,,POM,,,draft,0,,,true,100,20,B11742,2028-12-30,Bulk import: inventory_3000
Amlodipine 10mg,amlodipine-10mg-injection,,Amlodipine,,,injection,10mg,,,POM,,,draft,0,,,true,200,20,B11743,2028-12-30,Bulk import: inventory_3000
Lisinopril 10mg,lisinopril-10mg-injection,,Lisinopril,,,injection,10mg,,,POM,,,draft,0,,,true,200,20,B11745,2028-12-30,Bulk import: inventory_3000
Atenolol 10mg,atenolol-10mg-injection,,Atenolol,,,injection,10mg,,,POM,,,draft,0,,,true,100,20,B11747,2028-12-30,Bulk import: inventory_3000
Propranolol 10mg,propranolol-10mg-injection,,Propranolol,,,injection,10mg,,,POM,,,draft,0,,,true,100,20,B11748,2028-12-30,Bulk import: inventory_3000
Methyldopa 10mg,methyldopa-10mg-injection,,Methyldopa,,,injection,10mg,,,POM,,,draft,0,,,true,100,20,B11749,2028-12-30,Bulk import: inventory_3000
Hydralazine 10mg,hydralazine-10mg-injection,,Hydralazine,,,injection,10mg,,,POM,,,draft,0,,,true,100,20,B11750,2028-12-30,Bulk import: inventory_3000
Glyceryl Trinitrate 10mg,glyceryl-trinitrate-10mg-injection,,Glyceryl Trinitrate,,,injection,10mg,,,POM,,,draft,0,,,true,100,20,B11751,2028-12-30,Bulk import: inventory_3000
Isosorbide Dinitrate 10mg,isosorbide-dinitrate-10mg-injection,,Isosorbide Dinitrate,,,injection,10mg,,,POM,,,draft,0,,,true,100,20,B11752,2028-12-30,Bulk import: inventory_3000
Digoxin 10mg,digoxin-10mg-injection,,Digoxin,,,injection,10mg,,,POM,,,draft,0,,,true,100,20,B11753,2028-12-30,Bulk import: inventory_3000
Furosemide 10mg,furosemide-10mg-injection,,Furosemide,,,injection,10mg,,,POM,,,draft,0,,,true,200,20,B11754,2028-12-30,Bulk import: inventory_3000
Hydrochlorothiazide 10mg,hydrochlorothiazide-10mg-injection,,Hydrochlorothiazide,,,injection,10mg,,,POM,,,draft,0,,,true,100,20,B11756,2028-12-30,Bulk import: inventory_3000
Spironolactone 10mg,spironolactone-10mg-injection,,Spironolactone,,,injection,10mg,,,POM,,,draft,0,,,true,100,20,B11757,2028-12-30,Bulk import: inventory_3000
Atorvastatin 10mg,atorvastatin-10mg-injection,,Atorvastatin,,,injection,10mg,,,POM,,,draft,0,,,true,100,20,B11758,2028-12-30,Bulk import: inventory_3000
Simvastatin 10mg,simvastatin-10mg-injection,,Simvastatin,,,injection,10mg,,,POM,,,draft,0,,,true,100,20,B11759,2028-12-30,Bulk import: inventory_3000
Salbutamol 10mg,salbutamol-10mg-injection,,Salbutamol,,,injection,10mg,,,POM,,,draft,0,,,true,200,20,B11760,2028-12-30,Bulk import: inventory_3000
Aminophylline 10mg,aminophylline-10mg-injection,,Aminophylline,,,injection,10mg,,,POM,,,draft,0,,,true,100,20,B11762,2028-12-30,Bulk import: inventory_3000
Omeprazole 10mg,omeprazole-10mg-injection,,Omeprazole,,,injection,10mg,,,POM,,,draft,0,,,true,100,20,B11763,2028-12-30,Bulk import: inventory_3000
Cimetidine 10mg,cimetidine-10mg-injection,,Cimetidine,,,injection,10mg,,,POM,,,draft,0,,,true,100,20,B11764,2028-12-30,Bulk import: inventory_3000
Metoclopramide 10mg,metoclopramide-10mg-injection,,Metoclopramide,,,injection,10mg,,,POM,,,draft,0,,,true,100,20,B11765,2028-12-30,Bulk import: inventory_3000
Zinc Sulfate 10mg,zinc-sulfate-10mg-injection,,Zinc Sulfate,,,injection,10mg,,,POM,,,draft,0,,,true,100,20,B11766,2028-12-30,Bulk import: inventory_3000
Bisacodyl 10mg,bisacodyl-10mg-injection,,Bisacodyl,,,injection,10mg,,,POM,,,draft,0,,,true,100,20,B11767,2028-12-30,Bulk import: inventory_3000
Metformin 10mg,metformin-10mg-injection,,Metformin,,,injection,10mg,,,POM,,,draft,0,,,true,200,20,B11768,2028-12-30,Bulk import: inventory_3000
Glibenclamide 10mg,glibenclamide-10mg-injection,,Glibenclamide,,,injection,10mg,,,POM,,,draft,0,,,true,100,20,B11770,2028-12-30,Bulk import: inventory_3000
Glimepiride 10mg,glimepiride-10mg-injection,,Glimepiride,,,injection,10mg,,,POM,,,draft,0,,,true,100,20,B11771,2028-12-30,Bulk import: inventory_3000
Levothyroxine 10mg,levothyroxine-10mg-injection,,Levothyroxine,,,injection,10mg,,,POM,,,draft,0,,,true,100,20,B11772,2028-12-30,Bulk import: inventory_3000
Carbimazole 10mg,carbimazole-10mg-injection,,Carbimazole,,,injection,10mg,,,POM,,,draft,0,,,true,100,20,B11773,2028-12-30,Bulk import: inventory_3000
Folic Acid 10mg,folic-acid-10mg-injection,,Folic Acid,,,injection,10mg,,,POM,,,draft,0,,,true,100,20,B11774,2028-12-30,Bulk import: inventory_3000
Oxytocin 10mg,oxytocin-10mg-injection,,Oxytocin,,,injection,10mg,,,POM,,,draft,0,,,true,100,20,B11775,2028-12-30,Bulk import: inventory_3000
Misoprostol 10mg,misoprostol-10mg-injection,,Misoprostol,,,injection,10mg,,,POM,,,draft,0,,,true,100,20,B11776,2028-12-30,Bulk import: inventory_3000
Magnesium Sulfate 10mg,magnesium-sulfate-10mg-injection,,Magnesium Sulfate,,,injection,10mg,,,POM,,,draft,0,,,true,100,20,B11777,2028-12-30,Bulk import: inventory_3000
Amitriptyline 10mg,amitriptyline-10mg-injection,,Amitriptyline,,,injection,10mg,,,POM,,,draft,0,,,true,100,20,B11778,2028-12-30,Bulk import: inventory_3000
Fluoxetine 10mg,fluoxetine-10mg-injection,,Fluoxetine,,,injection,10mg,,,POM,,,draft,0,,,true,100,20,B11779,2028-12-30,Bulk import: inventory_3000
Haloperidol 10mg,haloperidol-10mg-injection,,Haloperidol,,,injection,10mg,,,POM,,,draft,0,,,true,100,20,B11780,2028-12-30,Bulk import: inventory_3000
Chlorpromazine 10mg,chlorpromazine-10mg-injection,,Chlorpromazine,,,injection,10mg,,,POM,,,draft,0,,,true,100,20,B11781,2028-12-30,Bulk import: inventory_3000
Halothane 20mg,halothane-20mg-injection,,Halothane,,,injection,20mg,,,POM,,,draft,0,,,true,100,20,B11782,2028-12-30,Bulk import: inventory_3000
Ketamine 20mg,ketamine-20mg-injection,,Ketamine,,,injection,20mg,,,POM,,,draft,0,,,true,100,20,B11783,2028-12-30,Bulk import: inventory_3000
Nitrous oxide 20mg,nitrous-oxide-20mg-injection,,Nitrous oxide,,,injection,20mg,,,POM,,,draft,0,,,true,100,20,B11784,2028-12-30,Bulk import: inventory_3000
Oxygen 20mg,oxygen-20mg-injection,,Oxygen,,,injection,20mg,,,POM,,,draft,0,,,true,100,20,B11785,2028-12-30,Bulk import: inventory_3000
Atropine 20mg,atropine-20mg-injection,,Atropine,,,injection,20mg,,,POM,,,draft,0,,,true,100,20,B11786,2028-12-30,Bulk import: inventory_3000
Diazepam 20mg,diazepam-20mg-injection,,Diazepam,,,injection,20mg,,,POM,,,draft,0,,,true,100,20,B11787,2028-12-30,Bulk import: inventory_3000
Hyoscine N-Butylbromide 20mg,hyoscine-n-butylbromide-20mg-injection,,Hyoscine N-Butylbromide,,,injection,20mg,,,POM,,,draft,0,,,true,100,20,B11788,2028-12-30,Bulk import: inventory_3000
Midazolam 20mg,midazolam-20mg-injection,,Midazolam,,,injection,20mg,,,POM,,,draft,0,,,true,100,20,B11789,2028-12-30,Bulk import: inventory_3000
Morphine 20mg,morphine-20mg-injection,,Morphine,,,injection,20mg,,,POM,,,draft,0,,,true,100,20,B11790,2028-12-30,Bulk import: inventory_3000
Promethazine 20mg,promethazine-20mg-injection,,Promethazine,,,injection,20mg,,,POM,,,draft,0,,,true,200,20,B11791,2028-12-30,Bulk import: inventory_3000
Atracurium 20mg,atracurium-20mg-injection,,Atracurium,,,injection,20mg,,,POM,,,draft,0,,,true,100,20,B11793,2028-12-30,Bulk import: inventory_3000
Neostigmine 20mg,neostigmine-20mg-injection,,Neostigmine,,,injection,20mg,,,POM,,,draft,0,,,true,100,20,B11794,2028-12-30,Bulk import: inventory_3000
Suxamethonium 20mg,suxamethonium-20mg-injection,,Suxamethonium,,,injection,20mg,,,POM,,,draft,0,,,true,100,20,B11795,2028-12-30,Bulk import: inventory_3000
Propofol 20mg,propofol-20mg-injection,,Propofol,,,injection,20mg,,,POM,,,draft,0,,,true,100,20,B11796,2028-12-30,Bulk import: inventory_3000
Lidocaine 20mg,lidocaine-20mg-injection,,Lidocaine,,,injection,20mg,,,POM,,,draft,0,,,true,100,20,B11797,2028-12-30,Bulk import: inventory_3000
Bupivacaine 20mg,bupivacaine-20mg-injection,,Bupivacaine,,,injection,20mg,,,POM,,,draft,0,,,true,100,20,B11798,2028-12-30,Bulk import: inventory_3000
Pentazocine 20mg,pentazocine-20mg-injection,,Pentazocine,,,injection,20mg,,,POM,,,draft,0,,,true,100,20,B11799,2028-12-30,Bulk import: inventory_3000
Pethidine 20mg,pethidine-20mg-injection,,Pethidine,,,injection,20mg,,,POM,,,draft,0,,,true,100,20,B11800,2028-12-30,Bulk import: inventory_3000
Tramadol 20mg,tramadol-20mg-injection,,Tramadol,,,injection,20mg,,,POM,,,draft,0,,,true,100,20,B11801,2028-12-30,Bulk import: inventory_3000
Acetylsalicylic Acid 20mg,acetylsalicylic-acid-20mg-injection,,Acetylsalicylic Acid,,,injection,20mg,,,POM,,,draft,0,,,true,100,20,B11802,2028-12-30,Bulk import: inventory_3000
Paracetamol 20mg,paracetamol-20mg-injection,,Paracetamol,,,injection,20mg,,,POM,,,draft,0,,,true,300,20,B11803,2028-12-30,Bulk import: inventory_3000
Allopurinol 20mg,allopurinol-20mg-injection,,Allopurinol,,,injection,20mg,,,POM,,,draft,0,,,true,100,20,B11806,2028-12-30,Bulk import: inventory_3000
Diclofenac Sodium 20mg,diclofenac-sodium-20mg-injection,,Diclofenac Sodium,,,injection,20mg,,,POM,,,draft,0,,,true,200,20,B11807,2028-12-30,Bulk import: inventory_3000
Ibuprofen 20mg,ibuprofen-20mg-injection,,Ibuprofen,,,injection,20mg,,,POM,,,draft,0,,,true,200,20,B11809,2028-12-30,Bulk import: inventory_3000
Naproxen 20mg,naproxen-20mg-injection,,Naproxen,,,injection,20mg,,,POM,,,draft,0,,,true,100,20,B11811,2028-12-30,Bulk import: inventory_3000
Piroxicam 20mg,piroxicam-20mg-injection,,Piroxicam,,,injection,20mg,,,POM,,,draft,0,,,true,100,20,B11812,2028-12-30,Bulk import: inventory_3000
Meloxicam 20mg,meloxicam-20mg-injection,,Meloxicam,,,injection,20mg,,,POM,,,draft,0,,,true,100,20,B11813,2028-12-30,Bulk import: inventory_3000
Naloxone 20mg,naloxone-20mg-injection,,Naloxone,,,injection,20mg,,,POM,,,draft,0,,,true,100,20,B11814,2028-12-30,Bulk import: inventory_3000
Chlorpheniramine 20mg,chlorpheniramine-20mg-injection,,Chlorpheniramine,,,injection,20mg,,,POM,,,draft,0,,,true,100,20,B11815,2028-12-30,Bulk import: inventory_3000
Hydrocortisone 20mg,hydrocortisone-20mg-injection,,Hydrocortisone,,,injection,20mg,,,POM,,,draft,0,,,true,100,20,B11816,2028-12-30,Bulk import: inventory_3000
Prednisolone 20mg,prednisolone-20mg-injection,,Prednisolone,,,injection,20mg,,,POM,,,draft,0,,,true,100,20,B11817,2028-12-30,Bulk import: inventory_3000
Phenobarbital 20mg,phenobarbital-20mg-injection,,Phenobarbital,,,injection,20mg,,,POM,,,draft,0,,,true,100,20,B11818,2028-12-30,Bulk import: inventory_3000
Phenytoin 20mg,phenytoin-20mg-injection,,Phenytoin,,,injection,20mg,,,POM,,,draft,0,,,true,100,20,B11819,2028-12-30,Bulk import: inventory_3000
Sodium Valproate 20mg,sodium-valproate-20mg-injection,,Sodium Valproate,,,injection,20mg,,,POM,,,draft,0,,,true,100,20,B11820,2028-12-30,Bulk import: inventory_3000
Carbamazepine 20mg,carbamazepine-20mg-injection,,Carbamazepine,,,injection,20mg,,,POM,,,draft,0,,,true,100,20,B11821,2028-12-30,Bulk import: inventory_3000
Amoxicillin 20mg,amoxicillin-20mg-injection,,Amoxicillin,,,injection,20mg,,,POM,,,draft,0,,,true,200,20,B11822,2028-12-30,Bulk import: inventory_3000
Ampicillin 20mg,ampicillin-20mg-injection,,Ampicillin,,,injection,20mg,,,POM,,,draft,0,,,true,100,20,B11824,2028-12-30,Bulk import: inventory_3000
Cloxacillin 20mg,cloxacillin-20mg-injection,,Cloxacillin,,,injection,20mg,,,POM,,,draft,0,,,true,100,20,B11825,2028-12-30,Bulk import: inventory_3000
Ceftriaxone 20mg,ceftriaxone-20mg-injection,,Ceftriaxone,,,injection,20mg,,,POM,,,draft,0,,,true,100,20,B11826,2028-12-30,Bulk import: inventory_3000
Cefuroxime 20mg,cefuroxime-20mg-injection,,Cefuroxime,,,injection,20mg,,,POM,,,draft,0,,,true,100,20,B11827,2028-12-30,Bulk import: inventory_3000
Azithromycin 20mg,azithromycin-20mg-injection,,Azithromycin,,,injection,20mg,,,POM,,,draft,0,,,true,100,20,B11828,2028-12-30,Bulk import: inventory_3000
Erythromycin 20mg,erythromycin-20mg-injection,,Erythromycin,,,injection,20mg,,,POM,,,draft,0,,,true,100,20,B11829,2028-12-30,Bulk import: inventory_3000
Ciprofloxacin 20mg,ciprofloxacin-20mg-injection,,Ciprofloxacin,,,injection,20mg,,,POM,,,draft,0,,,true,100,20,B11830,2028-12-30,Bulk import: inventory_3000
Metronidazole 20mg,metronidazole-20mg-injection,,Metronidazole,,,injection,20mg,,,POM,,,draft,0,,,true,200,20,B11831,2028-12-30,Bulk import: inventory_3000
Gentamicin 20mg,gentamicin-20mg-injection,,Gentamicin,,,injection,20mg,,,POM,,,draft,0,,,true,100,20,B11833,2028-12-30,Bulk import: inventory_3000
Doxycycline 20mg,doxycycline-20mg-injection,,Doxycycline,,,injection,20mg,,,POM,,,draft,0,,,true,100,20,B11834,2028-12-30,Bulk import: inventory_3000
Cotrimoxazole 20mg,cotrimoxazole-20mg-injection,,Cotrimoxazole,,,injection,20mg,,,POM,,,draft,0,,,true,100,20,B11835,2028-12-30,Bulk import: inventory_3000
Artemether + Lumefantrine 20mg,artemether-lumefantrine-20mg-injection,,Artemether + Lumefantrine,,,injection,20mg,,,POM,,,draft,0,,,true,100,20,B11836,2028-12-30,Bulk import: inventory_3000
Artesunate 20mg,artesunate-20mg-injection,,Artesunate,,,injection,20mg,,,POM,,,draft,0,,,true,100,20,B11837,2028-12-30,Bulk import: inventory_3000
Amodiaquine 20mg,amodiaquine-20mg-injection,,Amodiaquine,,,injection,20mg,,,POM,,,draft,0,,,true,100,20,B11838,2028-12-30,Bulk import: inventory_3000
Quinine 20mg,quinine-20mg-injection,,Quinine,,,injection,20mg,,,POM,,,draft,0,,,true,100,20,B11839,2028-12-30,Bulk import: inventory_3000
Fluconazole 20mg,fluconazole-20mg-injection,,Fluconazole,,,injection,20mg,,,POM,,,draft,0,,,true,100,20,B11840,2028-12-30,Bulk import: inventory_3000
Nystatin 20mg,nystatin-20mg-injection,,Nystatin,,,injection,20mg,,,POM,,,draft,0,,,true,100,20,B11841,2028-12-30,Bulk import: inventory_3000
Amlodipine 20mg,amlodipine-20mg-injection,,Amlodipine,,,injection,20mg,,,POM,,,draft,0,,,true,200,20,B11842,2028-12-30,Bulk import: inventory_3000
Lisinopril 20mg,lisinopril-20mg-injection,,Lisinopril,,,injection,20mg,,,POM,,,draft,0,,,true,200,20,B11844,2028-12-30,Bulk import: inventory_3000
Atenolol 20mg,atenolol-20mg-injection,,Atenolol,,,injection,20mg,,,POM,,,draft,0,,,true,100,20,B11846,2028-12-30,Bulk import: inventory_3000
Propranolol 20mg,propranolol-20mg-injection,,Propranolol,,,injection,20mg,,,POM,,,draft,0,,,true,100,20,B11847,2028-12-30,Bulk import: inventory_3000
Methyldopa 20mg,methyldopa-20mg-injection,,Methyldopa,,,injection,20mg,,,POM,,,draft,0,,,true,100,20,B11848,2028-12-30,Bulk import: inventory_3000
Glyceryl Trinitrate 20mg,glyceryl-trinitrate-20mg-injection,,Glyceryl Trinitrate,,,injection,20mg,,,POM,,,draft,0,,,true,100,20,B11850,2028-12-30,Bulk import: inventory_3000
Isosorbide Dinitrate 20mg,isosorbide-dinitrate-20mg-injection,,Isosorbide Dinitrate,,,injection,20mg,,,POM,,,draft,0,,,true,100,20,B11851,2028-12-30,Bulk import: inventory_3000
Digoxin 20mg,digoxin-20mg-injection,,Digoxin,,,injection,20mg,,,POM,,,draft,0,,,true,100,20,B11852,2028-12-30,Bulk import: inventory_3000
Furosemide 20mg,furosemide-20mg-injection,,Furosemide,,,injection,20mg,,,POM,,,draft,0,,,true,200,20,B11853,2028-12-30,Bulk import: inventory_3000
Hydrochlorothiazide 20mg,hydrochlorothiazide-20mg-injection,,Hydrochlorothiazide,,,injection,20mg,,,POM,,,draft,0,,,true,100,20,B11855,2028-12-30,Bulk import: inventory_3000
Spironolactone 20mg,spironolactone-20mg-injection,,Spironolactone,,,injection,20mg,,,POM,,,draft,0,,,true,100,20,B11856,2028-12-30,Bulk import: inventory_3000
Atorvastatin 20mg,atorvastatin-20mg-injection,,Atorvastatin,,,injection,20mg,,,POM,,,draft,0,,,true,100,20,B11857,2028-12-30,Bulk import: inventory_3000
Simvastatin 20mg,simvastatin-20mg-injection,,Simvastatin,,,injection,20mg,,,POM,,,draft,0,,,true,100,20,B11858,2028-12-30,Bulk import: inventory_3000
Salbutamol 20mg,salbutamol-20mg-injection,,Salbutamol,,,injection,20mg,,,POM,,,draft,0,,,true,200,20,B11859,2028-12-30,Bulk import: inventory_3000
Aminophylline 20mg,aminophylline-20mg-injection,,Aminophylline,,,injection,20mg,,,POM,,,draft,0,,,true,100,20,B11861,2028-12-30,Bulk import: inventory_3000
Omeprazole 20mg,omeprazole-20mg-injection,,Omeprazole,,,injection,20mg,,,POM,,,draft,0,,,true,100,20,B11862,2028-12-30,Bulk import: inventory_3000
Cimetidine 20mg,cimetidine-20mg-injection,,Cimetidine,,,injection,20mg,,,POM,,,draft,0,,,true,100,20,B11863,2028-12-30,Bulk import: inventory_3000
Metoclopramide 20mg,metoclopramide-20mg-injection,,Metoclopramide,,,injection,20mg,,,POM,,,draft,0,,,true,100,20,B11864,2028-12-30,Bulk import: inventory_3000
Zinc Sulfate 20mg,zinc-sulfate-20mg-injection,,Zinc Sulfate,,,injection,20mg,,,POM,,,draft,0,,,true,100,20,B11865,2028-12-30,Bulk import: inventory_3000
Bisacodyl 20mg,bisacodyl-20mg-injection,,Bisacodyl,,,injection,20mg,,,POM,,,draft,0,,,true,100,20,B11866,2028-12-30,Bulk import: inventory_3000
Metformin 20mg,metformin-20mg-injection,,Metformin,,,injection,20mg,,,POM,,,draft,0,,,true,200,20,B11867,2028-12-30,Bulk import: inventory_3000
Glibenclamide 20mg,glibenclamide-20mg-injection,,Glibenclamide,,,injection,20mg,,,POM,,,draft,0,,,true,100,20,B11869,2028-12-30,Bulk import: inventory_3000
Glimepiride 20mg,glimepiride-20mg-injection,,Glimepiride,,,injection,20mg,,,POM,,,draft,0,,,true,100,20,B11870,2028-12-30,Bulk import: inventory_3000
Levothyroxine 20mg,levothyroxine-20mg-injection,,Levothyroxine,,,injection,20mg,,,POM,,,draft,0,,,true,100,20,B11871,2028-12-30,Bulk import: inventory_3000
Carbimazole 20mg,carbimazole-20mg-injection,,Carbimazole,,,injection,20mg,,,POM,,,draft,0,,,true,100,20,B11872,2028-12-30,Bulk import: inventory_3000
Folic Acid 20mg,folic-acid-20mg-injection,,Folic Acid,,,injection,20mg,,,POM,,,draft,0,,,true,100,20,B11873,2028-12-30,Bulk import: inventory_3000
Oxytocin 20mg,oxytocin-20mg-injection,,Oxytocin,,,injection,20mg,,,POM,,,draft,0,,,true,100,20,B11874,2028-12-30,Bulk import: inventory_3000
Misoprostol 20mg,misoprostol-20mg-injection,,Misoprostol,,,injection,20mg,,,POM,,,draft,0,,,true,100,20,B11875,2028-12-30,Bulk import: inventory_3000
Magnesium Sulfate 20mg,magnesium-sulfate-20mg-injection,,Magnesium Sulfate,,,injection,20mg,,,POM,,,draft,0,,,true,100,20,B11876,2028-12-30,Bulk import: inventory_3000
Amitriptyline 20mg,amitriptyline-20mg-injection,,Amitriptyline,,,injection,20mg,,,POM,,,draft,0,,,true,100,20,B11877,2028-12-30,Bulk import: inventory_3000
Fluoxetine 20mg,fluoxetine-20mg-injection,,Fluoxetine,,,injection,20mg,,,POM,,,draft,0,,,true,100,20,B11878,2028-12-30,Bulk import: inventory_3000
Haloperidol 20mg,haloperidol-20mg-injection,,Haloperidol,,,injection,20mg,,,POM,,,draft,0,,,true,100,20,B11879,2028-12-30,Bulk import: inventory_3000
Chlorpromazine 20mg,chlorpromazine-20mg-injection,,Chlorpromazine,,,injection,20mg,,,POM,,,draft,0,,,true,100,20,B11880,2028-12-30,Bulk import: inventory_3000
Halothane 50mg,halothane-50mg-injection,,Halothane,,,injection,50mg,,,POM,,,draft,0,,,true,100,20,B11881,2028-12-30,Bulk import: inventory_3000
Ketamine 50mg,ketamine-50mg-injection,,Ketamine,,,injection,50mg,,,POM,,,draft,0,,,true,100,20,B11882,2028-12-30,Bulk import: inventory_3000
Nitrous oxide 50mg,nitrous-oxide-50mg-injection,,Nitrous oxide,,,injection,50mg,,,POM,,,draft,0,,,true,100,20,B11883,2028-12-30,Bulk import: inventory_3000
Oxygen 50mg,oxygen-50mg-injection,,Oxygen,,,injection,50mg,,,POM,,,draft,0,,,true,100,20,B11884,2028-12-30,Bulk import: inventory_3000
Atropine 50mg,atropine-50mg-injection,,Atropine,,,injection,50mg,,,POM,,,draft,0,,,true,100,20,B11885,2028-12-30,Bulk import: inventory_3000
Diazepam 50mg,diazepam-50mg-injection,,Diazepam,,,injection,50mg,,,POM,,,draft,0,,,true,100,20,B11886,2028-12-30,Bulk import: inventory_3000
Hyoscine N-Butylbromide 50mg,hyoscine-n-butylbromide-50mg-injection,,Hyoscine N-Butylbromide,,,injection,50mg,,,POM,,,draft,0,,,true,100,20,B11887,2028-12-30,Bulk import: inventory_3000
Midazolam 50mg,midazolam-50mg-injection,,Midazolam,,,injection,50mg,,,POM,,,draft,0,,,true,100,20,B11888,2028-12-30,Bulk import: inventory_3000
Morphine 50mg,morphine-50mg-injection,,Morphine,,,injection,50mg,,,POM,,,draft,0,,,true,100,20,B11889,2028-12-30,Bulk import: inventory_3000
Promethazine 50mg,promethazine-50mg-injection,,Promethazine,,,injection,50mg,,,POM,,,draft,0,,,true,200,20,B11890,2028-12-30,Bulk import: inventory_3000
Atracurium 50mg,atracurium-50mg-injection,,Atracurium,,,injection,50mg,,,POM,,,draft,0,,,true,100,20,B11892,2028-12-30,Bulk import: inventory_3000
Neostigmine 50mg,neostigmine-50mg-injection,,Neostigmine,,,injection,50mg,,,POM,,,draft,0,,,true,100,20,B11893,2028-12-30,Bulk import: inventory_3000
Suxamethonium 50mg,suxamethonium-50mg-injection,,Suxamethonium,,,injection,50mg,,,POM,,,draft,0,,,true,100,20,B11894,2028-12-30,Bulk import: inventory_3000
Propofol 50mg,propofol-50mg-injection,,Propofol,,,injection,50mg,,,POM,,,draft,0,,,true,100,20,B11895,2028-12-30,Bulk import: inventory_3000
Lidocaine 50mg,lidocaine-50mg-injection,,Lidocaine,,,injection,50mg,,,POM,,,draft,0,,,true,100,20,B11896,2028-12-30,Bulk import: inventory_3000
Bupivacaine 50mg,bupivacaine-50mg-injection,,Bupivacaine,,,injection,50mg,,,POM,,,draft,0,,,true,100,20,B11897,2028-12-30,Bulk import: inventory_3000
Pentazocine 50mg,pentazocine-50mg-injection,,Pentazocine,,,injection,50mg,,,POM,,,draft,0,,,true,100,20,B11898,2028-12-30,Bulk import: inventory_3000
Pethidine 50mg,pethidine-50mg-injection,,Pethidine,,,injection,50mg,,,POM,,,draft,0,,,true,100,20,B11899,2028-12-30,Bulk import: inventory_3000
Tramadol 50mg,tramadol-50mg-injection,,Tramadol,,,injection,50mg,,,POM,,,draft,0,,,true,100,20,B11900,2028-12-30,Bulk import: inventory_3000
Acetylsalicylic Acid 50mg,acetylsalicylic-acid-50mg-injection,,Acetylsalicylic Acid,,,injection,50mg,,,POM,,,draft,0,,,true,100,20,B11901,2028-12-30,Bulk import: inventory_3000
Paracetamol 50mg,paracetamol-50mg-injection,,Paracetamol,,,injection,50mg,,,POM,,,draft,0,,,true,300,20,B11902,2028-12-30,Bulk import: inventory_3000
Allopurinol 50mg,allopurinol-50mg-injection,,Allopurinol,,,injection,50mg,,,POM,,,draft,0,,,true,100,20,B11905,2028-12-30,Bulk import: inventory_3000
Diclofenac Sodium 50mg,diclofenac-sodium-50mg-injection,,Diclofenac Sodium,,,injection,50mg,,,POM,,,draft,0,,,true,200,20,B11906,2028-12-30,Bulk import: inventory_3000
Ibuprofen 50mg,ibuprofen-50mg-injection,,Ibuprofen,,,injection,50mg,,,POM,,,draft,0,,,true,200,20,B11908,2028-12-30,Bulk import: inventory_3000
Naproxen 50mg,naproxen-50mg-injection,,Naproxen,,,injection,50mg,,,POM,,,draft,0,,,true,100,20,B11910,2028-12-30,Bulk import: inventory_3000
Piroxicam 50mg,piroxicam-50mg-injection,,Piroxicam,,,injection,50mg,,,POM,,,draft,0,,,true,100,20,B11911,2028-12-30,Bulk import: inventory_3000
Meloxicam 50mg,meloxicam-50mg-injection,,Meloxicam,,,injection,50mg,,,POM,,,draft,0,,,true,100,20,B11912,2028-12-30,Bulk import: inventory_3000
Naloxone 50mg,naloxone-50mg-injection,,Naloxone,,,injection,50mg,,,POM,,,draft,0,,,true,100,20,B11913,2028-12-30,Bulk import: inventory_3000
Chlorpheniramine 50mg,chlorpheniramine-50mg-injection,,Chlorpheniramine,,,injection,50mg,,,POM,,,draft,0,,,true,100,20,B11914,2028-12-30,Bulk import: inventory_3000
Hydrocortisone 50mg,hydrocortisone-50mg-injection,,Hydrocortisone,,,injection,50mg,,,POM,,,draft,0,,,true,100,20,B11915,2028-12-30,Bulk import: inventory_3000
Prednisolone 50mg,prednisolone-50mg-injection,,Prednisolone,,,injection,50mg,,,POM,,,draft,0,,,true,100,20,B11916,2028-12-30,Bulk import: inventory_3000
Phenobarbital 50mg,phenobarbital-50mg-injection,,Phenobarbital,,,injection,50mg,,,POM,,,draft,0,,,true,100,20,B11917,2028-12-30,Bulk import: inventory_3000
Phenytoin 50mg,phenytoin-50mg-injection,,Phenytoin,,,injection,50mg,,,POM,,,draft,0,,,true,100,20,B11918,2028-12-30,Bulk import: inventory_3000
Sodium Valproate 50mg,sodium-valproate-50mg-injection,,Sodium Valproate,,,injection,50mg,,,POM,,,draft,0,,,true,100,20,B11919,2028-12-30,Bulk import: inventory_3000
Carbamazepine 50mg,carbamazepine-50mg-injection,,Carbamazepine,,,injection,50mg,,,POM,,,draft,0,,,true,100,20,B11920,2028-12-30,Bulk import: inventory_3000
Amoxicillin 50mg,amoxicillin-50mg-injection,,Amoxicillin,,,injection,50mg,,,POM,,,draft,0,,,true,200,20,B11921,2028-12-30,Bulk import: inventory_3000
Ampicillin 50mg,ampicillin-50mg-injection,,Ampicillin,,,injection,50mg,,,POM,,,draft,0,,,true,100,20,B11923,2028-12-30,Bulk import: inventory_3000
Cloxacillin 50mg,cloxacillin-50mg-injection,,Cloxacillin,,,injection,50mg,,,POM,,,draft,0,,,true,100,20,B11924,2028-12-30,Bulk import: inventory_3000
Ceftriaxone 50mg,ceftriaxone-50mg-injection,,Ceftriaxone,,,injection,50mg,,,POM,,,draft,0,,,true,100,20,B11925,2028-12-30,Bulk import: inventory_3000
Cefuroxime 50mg,cefuroxime-50mg-injection,,Cefuroxime,,,injection,50mg,,,POM,,,draft,0,,,true,100,20,B11926,2028-12-30,Bulk import: inventory_3000
Azithromycin 50mg,azithromycin-50mg-injection,,Azithromycin,,,injection,50mg,,,POM,,,draft,0,,,true,100,20,B11927,2028-12-30,Bulk import: inventory_3000
Erythromycin 50mg,erythromycin-50mg-injection,,Erythromycin,,,injection,50mg,,,POM,,,draft,0,,,true,100,20,B11928,2028-12-30,Bulk import: inventory_3000
Ciprofloxacin 50mg,ciprofloxacin-50mg-injection,,Ciprofloxacin,,,injection,50mg,,,POM,,,draft,0,,,true,100,20,B11929,2028-12-30,Bulk import: inventory_3000
Metronidazole 50mg,metronidazole-50mg-injection,,Metronidazole,,,injection,50mg,,,POM,,,draft,0,,,true,200,20,B11930,2028-12-30,Bulk import: inventory_3000
Gentamicin 50mg,gentamicin-50mg-injection,,Gentamicin,,,injection,50mg,,,POM,,,draft,0,,,true,100,20,B11932,2028-12-30,Bulk import: inventory_3000
Doxycycline 50mg,doxycycline-50mg-injection,,Doxycycline,,,injection,50mg,,,POM,,,draft,0,,,true,100,20,B11933,2028-12-30,Bulk import: inventory_3000
Cotrimoxazole 50mg,cotrimoxazole-50mg-injection,,Cotrimoxazole,,,injection,50mg,,,POM,,,draft,0,,,true,100,20,B11934,2028-12-30,Bulk import: inventory_3000
Artemether + Lumefantrine 50mg,artemether-lumefantrine-50mg-injection,,Artemether + Lumefantrine,,,injection,50mg,,,POM,,,draft,0,,,true,100,20,B11935,2028-12-30,Bulk import: inventory_3000
Artesunate 50mg,artesunate-50mg-injection,,Artesunate,,,injection,50mg,,,POM,,,draft,0,,,true,100,20,B11936,2028-12-30,Bulk import: inventory_3000
Amodiaquine 50mg,amodiaquine-50mg-injection,,Amodiaquine,,,injection,50mg,,,POM,,,draft,0,,,true,100,20,B11937,2028-12-30,Bulk import: inventory_3000
Quinine 50mg,quinine-50mg-injection,,Quinine,,,injection,50mg,,,POM,,,draft,0,,,true,100,20,B11938,2028-12-30,Bulk import: inventory_3000
Fluconazole 50mg,fluconazole-50mg-injection,,Fluconazole,,,injection,50mg,,,POM,,,draft,0,,,true,100,20,B11939,2028-12-30,Bulk import: inventory_3000
Nystatin 50mg,nystatin-50mg-injection,,Nystatin,,,injection,50mg,,,POM,,,draft,0,,,true,100,20,B11940,2028-12-30,Bulk import: inventory_3000
Amlodipine 50mg,amlodipine-50mg-injection,,Amlodipine,,,injection,50mg,,,POM,,,draft,0,,,true,200,20,B11941,2028-12-30,Bulk import: inventory_3000
Lisinopril 50mg,lisinopril-50mg-injection,,Lisinopril,,,injection,50mg,,,POM,,,draft,0,,,true,200,20,B11943,2028-12-30,Bulk import: inventory_3000
Atenolol 50mg,atenolol-50mg-injection,,Atenolol,,,injection,50mg,,,POM,,,draft,0,,,true,100,20,B11945,2028-12-30,Bulk import: inventory_3000
Propranolol 50mg,propranolol-50mg-injection,,Propranolol,,,injection,50mg,,,POM,,,draft,0,,,true,100,20,B11946,2028-12-30,Bulk import: inventory_3000
Methyldopa 50mg,methyldopa-50mg-injection,,Methyldopa,,,injection,50mg,,,POM,,,draft,0,,,true,100,20,B11947,2028-12-30,Bulk import: inventory_3000
Hydralazine 50mg,hydralazine-50mg-injection,,Hydralazine,,,injection,50mg,,,POM,,,draft,0,,,true,100,20,B11948,2028-12-30,Bulk import: inventory_3000
Glyceryl Trinitrate 50mg,glyceryl-trinitrate-50mg-injection,,Glyceryl Trinitrate,,,injection,50mg,,,POM,,,draft,0,,,true,100,20,B11949,2028-12-30,Bulk import: inventory_3000
Isosorbide Dinitrate 50mg,isosorbide-dinitrate-50mg-injection,,Isosorbide Dinitrate,,,injection,50mg,,,POM,,,draft,0,,,true,100,20,B11950,2028-12-30,Bulk import: inventory_3000
Digoxin 50mg,digoxin-50mg-injection,,Digoxin,,,injection,50mg,,,POM,,,draft,0,,,true,100,20,B11951,2028-12-30,Bulk import: inventory_3000
Furosemide 50mg,furosemide-50mg-injection,,Furosemide,,,injection,50mg,,,POM,,,draft,0,,,true,200,20,B11952,2028-12-30,Bulk import: inventory_3000
Hydrochlorothiazide 50mg,hydrochlorothiazide-50mg-injection,,Hydrochlorothiazide,,,injection,50mg,,,POM,,,draft,0,,,true,100,20,B11954,2028-12-30,Bulk import: inventory_3000
Spironolactone 50mg,spironolactone-50mg-injection,,Spironolactone,,,injection,50mg,,,POM,,,draft,0,,,true,100,20,B11955,2028-12-30,Bulk import: inventory_3000
Atorvastatin 50mg,atorvastatin-50mg-injection,,Atorvastatin,,,injection,50mg,,,POM,,,draft,0,,,true,100,20,B11956,2028-12-30,Bulk import: inventory_3000
Simvastatin 50mg,simvastatin-50mg-injection,,Simvastatin,,,injection,50mg,,,POM,,,draft,0,,,true,100,20,B11957,2028-12-30,Bulk import: inventory_3000
Salbutamol 50mg,salbutamol-50mg-injection,,Salbutamol,,,injection,50mg,,,POM,,,draft,0,,,true,200,20,B11958,2028-12-30,Bulk import: inventory_3000
Aminophylline 50mg,aminophylline-50mg-injection,,Aminophylline,,,injection,50mg,,,POM,,,draft,0,,,true,100,20,B11960,2028-12-30,Bulk import: inventory_3000
Omeprazole 50mg,omeprazole-50mg-injection,,Omeprazole,,,injection,50mg,,,POM,,,draft,0,,,true,100,20,B11961,2028-12-30,Bulk import: inventory_3000
Cimetidine 50mg,cimetidine-50mg-injection,,Cimetidine,,,injection,50mg,,,POM,,,draft,0,,,true,100,20,B11962,2028-12-30,Bulk import: inventory_3000
Metoclopramide 50mg,metoclopramide-50mg-injection,,Metoclopramide,,,injection,50mg,,,POM,,,draft,0,,,true,100,20,B11963,2028-12-30,Bulk import: inventory_3000
Zinc Sulfate 50mg,zinc-sulfate-50mg-injection,,Zinc Sulfate,,,injection,50mg,,,POM,,,draft,0,,,true,100,20,B11964,2028-12-30,Bulk import: inventory_3000
Bisacodyl 50mg,bisacodyl-50mg-injection,,Bisacodyl,,,injection,50mg,,,POM,,,draft,0,,,true,100,20,B11965,2028-12-30,Bulk import: inventory_3000
Metformin 50mg,metformin-50mg-injection,,Metformin,,,injection,50mg,,,POM,,,draft,0,,,true,200,20,B11966,2028-12-30,Bulk import: inventory_3000
Glibenclamide 50mg,glibenclamide-50mg-injection,,Glibenclamide,,,injection,50mg,,,POM,,,draft,0,,,true,100,20,B11968,2028-12-30,Bulk import: inventory_3000
Glimepiride 50mg,glimepiride-50mg-injection,,Glimepiride,,,injection,50mg,,,POM,,,draft,0,,,true,100,20,B11969,2028-12-30,Bulk import: inventory_3000
Levothyroxine 50mg,levothyroxine-50mg-injection,,Levothyroxine,,,injection,50mg,,,POM,,,draft,0,,,true,100,20,B11970,2028-12-30,Bulk import: inventory_3000
Carbimazole 50mg,carbimazole-50mg-injection,,Carbimazole,,,injection,50mg,,,POM,,,draft,0,,,true,100,20,B11971,2028-12-30,Bulk import: inventory_3000
Folic Acid 50mg,folic-acid-50mg-injection,,Folic Acid,,,injection,50mg,,,POM,,,draft,0,,,true,100,20,B11972,2028-12-30,Bulk import: inventory_3000
Oxytocin 50mg,oxytocin-50mg-injection,,Oxytocin,,,injection,50mg,,,POM,,,draft,0,,,true,100,20,B11973,2028-12-30,Bulk import: inventory_3000
Misoprostol 50mg,misoprostol-50mg-injection,,Misoprostol,,,injection,50mg,,,POM,,,draft,0,,,true,100,20,B11974,2028-12-30,Bulk import: inventory_3000
Magnesium Sulfate 50mg,magnesium-sulfate-50mg-injection,,Magnesium Sulfate,,,injection,50mg,,,POM,,,draft,0,,,true,100,20,B11975,2028-12-30,Bulk import: inventory_3000
Amitriptyline 50mg,amitriptyline-50mg-injection,,Amitriptyline,,,injection,50mg,,,POM,,,draft,0,,,true,100,20,B11976,2028-12-30,Bulk import: inventory_3000
Fluoxetine 50mg,fluoxetine-50mg-injection,,Fluoxetine,,,injection,50mg,,,POM,,,draft,0,,,true,100,20,B11977,2028-12-30,Bulk import: inventory_3000
Haloperidol 50mg,haloperidol-50mg-injection,,Haloperidol,,,injection,50mg,,,POM,,,draft,0,,,true,100,20,B11978,2028-12-30,Bulk import: inventory_3000
Chlorpromazine 50mg,chlorpromazine-50mg-injection,,Chlorpromazine,,,injection,50mg,,,POM,,,draft,0,,,true,100,20,B11979,2028-12-30,Bulk import: inventory_3000
Halothane 100mg,halothane-100mg-injection,,Halothane,,,injection,100mg,,,POM,,,draft,0,,,true,100,20,B11980,2028-12-30,Bulk import: inventory_3000
Ketamine 100mg,ketamine-100mg-injection,,Ketamine,,,injection,100mg,,,POM,,,draft,0,,,true,100,20,B11981,2028-12-30,Bulk import: inventory_3000
Nitrous oxide 100mg,nitrous-oxide-100mg-injection,,Nitrous oxide,,,injection,100mg,,,POM,,,draft,0,,,true,100,20,B11982,2028-12-30,Bulk import: inventory_3000
Oxygen 100mg,oxygen-100mg-injection,,Oxygen,,,injection,100mg,,,POM,,,draft,0,,,true,100,20,B11983,2028-12-30,Bulk import: inventory_3000
Atropine 100mg,atropine-100mg-injection,,Atropine,,,injection,100mg,,,POM,,,draft,0,,,true,100,20,B11984,2028-12-30,Bulk import: inventory_3000
Diazepam 100mg,diazepam-100mg-injection,,Diazepam,,,injection,100mg,,,POM,,,draft,0,,,true,100,20,B11985,2028-12-30,Bulk import: inventory_3000
Hyoscine N-Butylbromide 100mg,hyoscine-n-butylbromide-100mg-injection,,Hyoscine N-Butylbromide,,,injection,100mg,,,POM,,,draft,0,,,true,100,20,B11986,2028-12-30,Bulk import: inventory_3000
Midazolam 100mg,midazolam-100mg-injection,,Midazolam,,,injection,100mg,,,POM,,,draft,0,,,true,100,20,B11987,2028-12-30,Bulk import: inventory_3000
Morphine 100mg,morphine-100mg-injection,,Morphine,,,injection,100mg,,,POM,,,draft,0,,,true,100,20,B11988,2028-12-30,Bulk import: inventory_3000
Promethazine 100mg,promethazine-100mg-injection,,Promethazine,,,injection,100mg,,,POM,,,draft,0,,,true,200,20,B11989,2028-12-30,Bulk import: inventory_3000
Atracurium 100mg,atracurium-100mg-injection,,Atracurium,,,injection,100mg,,,POM,,,draft,0,,,true,100,20,B11991,2028-12-30,Bulk import: inventory_3000
Neostigmine 100mg,neostigmine-100mg-injection,,Neostigmine,,,injection,100mg,,,POM,,,draft,0,,,true,100,20,B11992,2028-12-30,Bulk import: inventory_3000
Suxamethonium 100mg,suxamethonium-100mg-injection,,Suxamethonium,,,injection,100mg,,,POM,,,draft,0,,,true,100,20,B11993,2028-12-30,Bulk import: inventory_3000
Propofol 100mg,propofol-100mg-injection,,Propofol,,,injection,100mg,,,POM,,,draft,0,,,true,100,20,B11994,2028-12-30,Bulk import: inventory_3000
Lidocaine 100mg,lidocaine-100mg-injection,,Lidocaine,,,injection,100mg,,,POM,,,draft,0,,,true,100,20,B11995,2028-12-30,Bulk import: inventory_3000
Bupivacaine 100mg,bupivacaine-100mg-injection,,Bupivacaine,,,injection,100mg,,,POM,,,draft,0,,,true,100,20,B11996,2028-12-30,Bulk import: inventory_3000
Pentazocine 100mg,pentazocine-100mg-injection,,Pentazocine,,,injection,100mg,,,POM,,,draft,0,,,true,100,20,B11997,2028-12-30,Bulk import: inventory_3000
Pethidine 100mg,pethidine-100mg-injection,,Pethidine,,,injection,100mg,,,POM,,,draft,0,,,true,100,20,B11998,2028-12-30,Bulk import: inventory_3000
Tramadol 100mg,tramadol-100mg-injection,,Tramadol,,,injection,100mg,,,POM,,,draft,0,,,true,100,20,B11999,2028-12-30,Bulk import: inventory_3000
Acetylsalicylic Acid 100mg,acetylsalicylic-acid-100mg-injection,,Acetylsalicylic Acid,,,injection,100mg,,,POM,,,draft,0,,,true,100,20,B12000,2028-12-30,Bulk import: inventory_3000
Paracetamol 100mg,paracetamol-100mg-injection,,Paracetamol,,,injection,100mg,,,POM,,,draft,0,,,true,300,20,B12001,2028-12-30,Bulk import: inventory_3000
Allopurinol 100mg,allopurinol-100mg-injection,,Allopurinol,,,injection,100mg,,,POM,,,draft,0,,,true,100,20,B12004,2028-12-30,Bulk import: inventory_3000
Diclofenac Sodium 100mg,diclofenac-sodium-100mg-injection,,Diclofenac Sodium,,,injection,100mg,,,POM,,,draft,0,,,true,200,20,B12005,2028-12-30,Bulk import: inventory_3000
Ibuprofen 100mg,ibuprofen-100mg-injection,,Ibuprofen,,,injection,100mg,,,POM,,,draft,0,,,true,200,20,B12007,2028-12-30,Bulk import: inventory_3000
Naproxen 100mg,naproxen-100mg-injection,,Naproxen,,,injection,100mg,,,POM,,,draft,0,,,true,100,20,B12009,2028-12-30,Bulk import: inventory_3000
Piroxicam 100mg,piroxicam-100mg-injection,,Piroxicam,,,injection,100mg,,,POM,,,draft,0,,,true,100,20,B12010,2028-12-30,Bulk import: inventory_3000
Meloxicam 100mg,meloxicam-100mg-injection,,Meloxicam,,,injection,100mg,,,POM,,,draft,0,,,true,100,20,B12011,2028-12-30,Bulk import: inventory_3000
Naloxone 100mg,naloxone-100mg-injection,,Naloxone,,,injection,100mg,,,POM,,,draft,0,,,true,100,20,B12012,2028-12-30,Bulk import: inventory_3000
Chlorpheniramine 100mg,chlorpheniramine-100mg-injection,,Chlorpheniramine,,,injection,100mg,,,POM,,,draft,0,,,true,100,20,B12013,2028-12-30,Bulk import: inventory_3000
Prednisolone 100mg,prednisolone-100mg-injection,,Prednisolone,,,injection,100mg,,,POM,,,draft,0,,,true,100,20,B12015,2028-12-30,Bulk import: inventory_3000
Phenobarbital 100mg,phenobarbital-100mg-injection,,Phenobarbital,,,injection,100mg,,,POM,,,draft,0,,,true,100,20,B12016,2028-12-30,Bulk import: inventory_3000
Phenytoin 100mg,phenytoin-100mg-injection,,Phenytoin,,,injection,100mg,,,POM,,,draft,0,,,true,100,20,B12017,2028-12-30,Bulk import: inventory_3000
Sodium Valproate 100mg,sodium-valproate-100mg-injection,,Sodium Valproate,,,injection,100mg,,,POM,,,draft,0,,,true,100,20,B12018,2028-12-30,Bulk import: inventory_3000
Carbamazepine 100mg,carbamazepine-100mg-injection,,Carbamazepine,,,injection,100mg,,,POM,,,draft,0,,,true,100,20,B12019,2028-12-30,Bulk import: inventory_3000
Amoxicillin 100mg,amoxicillin-100mg-injection,,Amoxicillin,,,injection,100mg,,,POM,,,draft,0,,,true,200,20,B12020,2028-12-30,Bulk import: inventory_3000
Ampicillin 100mg,ampicillin-100mg-injection,,Ampicillin,,,injection,100mg,,,POM,,,draft,0,,,true,100,20,B12022,2028-12-30,Bulk import: inventory_3000
Cloxacillin 100mg,cloxacillin-100mg-injection,,Cloxacillin,,,injection,100mg,,,POM,,,draft,0,,,true,100,20,B12023,2028-12-30,Bulk import: inventory_3000
Ceftriaxone 100mg,ceftriaxone-100mg-injection,,Ceftriaxone,,,injection,100mg,,,POM,,,draft,0,,,true,100,20,B12024,2028-12-30,Bulk import: inventory_3000
Cefuroxime 100mg,cefuroxime-100mg-injection,,Cefuroxime,,,injection,100mg,,,POM,,,draft,0,,,true,100,20,B12025,2028-12-30,Bulk import: inventory_3000
Azithromycin 100mg,azithromycin-100mg-injection,,Azithromycin,,,injection,100mg,,,POM,,,draft,0,,,true,100,20,B12026,2028-12-30,Bulk import: inventory_3000
Erythromycin 100mg,erythromycin-100mg-injection,,Erythromycin,,,injection,100mg,,,POM,,,draft,0,,,true,100,20,B12027,2028-12-30,Bulk import: inventory_3000
Ciprofloxacin 100mg,ciprofloxacin-100mg-injection,,Ciprofloxacin,,,injection,100mg,,,POM,,,draft,0,,,true,100,20,B12028,2028-12-30,Bulk import: inventory_3000
Metronidazole 100mg,metronidazole-100mg-injection,,Metronidazole,,,injection,100mg,,,POM,,,draft,0,,,true,200,20,B12029,2028-12-30,Bulk import: inventory_3000
Gentamicin 100mg,gentamicin-100mg-injection,,Gentamicin,,,injection,100mg,,,POM,,,draft,0,,,true,100,20,B12031,2028-12-30,Bulk import: inventory_3000
Doxycycline 100mg,doxycycline-100mg-injection,,Doxycycline,,,injection,100mg,,,POM,,,draft,0,,,true,100,20,B12032,2028-12-30,Bulk import: inventory_3000
Cotrimoxazole 100mg,cotrimoxazole-100mg-injection,,Cotrimoxazole,,,injection,100mg,,,POM,,,draft,0,,,true,100,20,B12033,2028-12-30,Bulk import: inventory_3000
Artemether + Lumefantrine 100mg,artemether-lumefantrine-100mg-injection,,Artemether + Lumefantrine,,,injection,100mg,,,POM,,,draft,0,,,true,100,20,B12034,2028-12-30,Bulk import: inventory_3000
Artesunate 100mg,artesunate-100mg-injection,,Artesunate,,,injection,100mg,,,POM,,,draft,0,,,true,100,20,B12035,2028-12-30,Bulk import: inventory_3000
Amodiaquine 100mg,amodiaquine-100mg-injection,,Amodiaquine,,,injection,100mg,,,POM,,,draft,0,,,true,100,20,B12036,2028-12-30,Bulk import: inventory_3000
Quinine 100mg,quinine-100mg-injection,,Quinine,,,injection,100mg,,,POM,,,draft,0,,,true,100,20,B12037,2028-12-30,Bulk import: inventory_3000
Fluconazole 100mg,fluconazole-100mg-injection,,Fluconazole,,,injection,100mg,,,POM,,,draft,0,,,true,100,20,B12038,2028-12-30,Bulk import: inventory_3000
Nystatin 100mg,nystatin-100mg-injection,,Nystatin,,,injection,100mg,,,POM,,,draft,0,,,true,100,20,B12039,2028-12-30,Bulk import: inventory_3000
Amlodipine 100mg,amlodipine-100mg-injection,,Amlodipine,,,injection,100mg,,,POM,,,draft,0,,,true,200,20,B12040,2028-12-30,Bulk import: inventory_3000
Lisinopril 100mg,lisinopril-100mg-injection,,Lisinopril,,,injection,100mg,,,POM,,,draft,0,,,true,200,20,B12042,2028-12-30,Bulk import: inventory_3000
Atenolol 100mg,atenolol-100mg-injection,,Atenolol,,,injection,100mg,,,POM,,,draft,0,,,true,100,20,B12044,2028-12-30,Bulk import: inventory_3000
Propranolol 100mg,propranolol-100mg-injection,,Propranolol,,,injection,100mg,,,POM,,,draft,0,,,true,100,20,B12045,2028-12-30,Bulk import: inventory_3000
Methyldopa 100mg,methyldopa-100mg-injection,,Methyldopa,,,injection,100mg,,,POM,,,draft,0,,,true,100,20,B12046,2028-12-30,Bulk import: inventory_3000
Hydralazine 100mg,hydralazine-100mg-injection,,Hydralazine,,,injection,100mg,,,POM,,,draft,0,,,true,100,20,B12047,2028-12-30,Bulk import: inventory_3000
Glyceryl Trinitrate 100mg,glyceryl-trinitrate-100mg-injection,,Glyceryl Trinitrate,,,injection,100mg,,,POM,,,draft,0,,,true,100,20,B12048,2028-12-30,Bulk import: inventory_3000
Isosorbide Dinitrate 100mg,isosorbide-dinitrate-100mg-injection,,Isosorbide Dinitrate,,,injection,100mg,,,POM,,,draft,0,,,true,100,20,B12049,2028-12-30,Bulk import: inventory_3000
Digoxin 100mg,digoxin-100mg-injection,,Digoxin,,,injection,100mg,,,POM,,,draft,0,,,true,100,20,B12050,2028-12-30,Bulk import: inventory_3000
Furosemide 100mg,furosemide-100mg-injection,,Furosemide,,,injection,100mg,,,POM,,,draft,0,,,true,200,20,B12051,2028-12-30,Bulk import: inventory_3000
Hydrochlorothiazide 100mg,hydrochlorothiazide-100mg-injection,,Hydrochlorothiazide,,,injection,100mg,,,POM,,,draft,0,,,true,100,20,B12053,2028-12-30,Bulk import: inventory_3000
Spironolactone 100mg,spironolactone-100mg-injection,,Spironolactone,,,injection,100mg,,,POM,,,draft,0,,,true,100,20,B12054,2028-12-30,Bulk import: inventory_3000
Atorvastatin 100mg,atorvastatin-100mg-injection,,Atorvastatin,,,injection,100mg,,,POM,,,draft,0,,,true,100,20,B12055,2028-12-30,Bulk import: inventory_3000
Simvastatin 100mg,simvastatin-100mg-injection,,Simvastatin,,,injection,100mg,,,POM,,,draft,0,,,true,100,20,B12056,2028-12-30,Bulk import: inventory_3000
Salbutamol 100mg,salbutamol-100mg-injection,,Salbutamol,,,injection,100mg,,,POM,,,draft,0,,,true,200,20,B12057,2028-12-30,Bulk import: inventory_3000
Aminophylline 100mg,aminophylline-100mg-injection,,Aminophylline,,,injection,100mg,,,POM,,,draft,0,,,true,100,20,B12059,2028-12-30,Bulk import: inventory_3000
Omeprazole 100mg,omeprazole-100mg-injection,,Omeprazole,,,injection,100mg,,,POM,,,draft,0,,,true,100,20,B12060,2028-12-30,Bulk import: inventory_3000
Cimetidine 100mg,cimetidine-100mg-injection,,Cimetidine,,,injection,100mg,,,POM,,,draft,0,,,true,100,20,B12061,2028-12-30,Bulk import: inventory_3000
Metoclopramide 100mg,metoclopramide-100mg-injection,,Metoclopramide,,,injection,100mg,,,POM,,,draft,0,,,true,100,20,B12062,2028-12-30,Bulk import: inventory_3000
Zinc Sulfate 100mg,zinc-sulfate-100mg-injection,,Zinc Sulfate,,,injection,100mg,,,POM,,,draft,0,,,true,100,20,B12063,2028-12-30,Bulk import: inventory_3000
Bisacodyl 100mg,bisacodyl-100mg-injection,,Bisacodyl,,,injection,100mg,,,POM,,,draft,0,,,true,100,20,B12064,2028-12-30,Bulk import: inventory_3000
Metformin 100mg,metformin-100mg-injection,,Metformin,,,injection,100mg,,,POM,,,draft,0,,,true,200,20,B12065,2028-12-30,Bulk import: inventory_3000
Glibenclamide 100mg,glibenclamide-100mg-injection,,Glibenclamide,,,injection,100mg,,,POM,,,draft,0,,,true,100,20,B12067,2028-12-30,Bulk import: inventory_3000
Glimepiride 100mg,glimepiride-100mg-injection,,Glimepiride,,,injection,100mg,,,POM,,,draft,0,,,true,100,20,B12068,2028-12-30,Bulk import: inventory_3000
Levothyroxine 100mg,levothyroxine-100mg-injection,,Levothyroxine,,,injection,100mg,,,POM,,,draft,0,,,true,100,20,B12069,2028-12-30,Bulk import: inventory_3000
Carbimazole 100mg,carbimazole-100mg-injection,,Carbimazole,,,injection,100mg,,,POM,,,draft,0,,,true,100,20,B12070,2028-12-30,Bulk import: inventory_3000
Folic Acid 100mg,folic-acid-100mg-injection,,Folic Acid,,,injection,100mg,,,POM,,,draft,0,,,true,100,20,B12071,2028-12-30,Bulk import: inventory_3000
Oxytocin 100mg,oxytocin-100mg-injection,,Oxytocin,,,injection,100mg,,,POM,,,draft,0,,,true,100,20,B12072,2028-12-30,Bulk import: inventory_3000
Misoprostol 100mg,misoprostol-100mg-injection,,Misoprostol,,,injection,100mg,,,POM,,,draft,0,,,true,100,20,B12073,2028-12-30,Bulk import: inventory_3000
Magnesium Sulfate 100mg,magnesium-sulfate-100mg-injection,,Magnesium Sulfate,,,injection,100mg,,,POM,,,draft,0,,,true,100,20,B12074,2028-12-30,Bulk import: inventory_3000
Amitriptyline 100mg,amitriptyline-100mg-injection,,Amitriptyline,,,injection,100mg,,,POM,,,draft,0,,,true,100,20,B12075,2028-12-30,Bulk import: inventory_3000
Fluoxetine 100mg,fluoxetine-100mg-injection,,Fluoxetine,,,injection,100mg,,,POM,,,draft,0,,,true,100,20,B12076,2028-12-30,Bulk import: inventory_3000
Haloperidol 100mg,haloperidol-100mg-injection,,Haloperidol,,,injection,100mg,,,POM,,,draft,0,,,true,100,20,B12077,2028-12-30,Bulk import: inventory_3000
Chlorpromazine 100mg,chlorpromazine-100mg-injection,,Chlorpromazine,,,injection,100mg,,,POM,,,draft,0,,,true,100,20,B12078,2028-12-30,Bulk import: inventory_3000
Halothane 250mg,halothane-250mg-injection,,Halothane,,,injection,250mg,,,POM,,,draft,0,,,true,100,20,B12079,2028-12-30,Bulk import: inventory_3000
Ketamine 250mg,ketamine-250mg-injection,,Ketamine,,,injection,250mg,,,POM,,,draft,0,,,true,100,20,B12080,2028-12-30,Bulk import: inventory_3000
Nitrous oxide 250mg,nitrous-oxide-250mg-injection,,Nitrous oxide,,,injection,250mg,,,POM,,,draft,0,,,true,100,20,B12081,2028-12-30,Bulk import: inventory_3000
Oxygen 250mg,oxygen-250mg-injection,,Oxygen,,,injection,250mg,,,POM,,,draft,0,,,true,100,20,B12082,2028-12-30,Bulk import: inventory_3000
Atropine 250mg,atropine-250mg-injection,,Atropine,,,injection,250mg,,,POM,,,draft,0,,,true,100,20,B12083,2028-12-30,Bulk import: inventory_3000
Diazepam 250mg,diazepam-250mg-injection,,Diazepam,,,injection,250mg,,,POM,,,draft,0,,,true,100,20,B12084,2028-12-30,Bulk import: inventory_3000
Hyoscine N-Butylbromide 250mg,hyoscine-n-butylbromide-250mg-injection,,Hyoscine N-Butylbromide,,,injection,250mg,,,POM,,,draft,0,,,true,100,20,B12085,2028-12-30,Bulk import: inventory_3000
Midazolam 250mg,midazolam-250mg-injection,,Midazolam,,,injection,250mg,,,POM,,,draft,0,,,true,100,20,B12086,2028-12-30,Bulk import: inventory_3000
Morphine 250mg,morphine-250mg-injection,,Morphine,,,injection,250mg,,,POM,,,draft,0,,,true,100,20,B12087,2028-12-30,Bulk import: inventory_3000
Promethazine 250mg,promethazine-250mg-injection,,Promethazine,,,injection,250mg,,,POM,,,draft,0,,,true,200,20,B12088,2028-12-30,Bulk import: inventory_3000
Atracurium 250mg,atracurium-250mg-injection,,Atracurium,,,injection,250mg,,,POM,,,draft,0,,,true,100,20,B12090,2028-12-30,Bulk import: inventory_3000
Neostigmine 250mg,neostigmine-250mg-injection,,Neostigmine,,,injection,250mg,,,POM,,,draft,0,,,true,100,20,B12091,2028-12-30,Bulk import: inventory_3000
Suxamethonium 250mg,suxamethonium-250mg-injection,,Suxamethonium,,,injection,250mg,,,POM,,,draft,0,,,true,100,20,B12092,2028-12-30,Bulk import: inventory_3000
Propofol 250mg,propofol-250mg-injection,,Propofol,,,injection,250mg,,,POM,,,draft,0,,,true,100,20,B12093,2028-12-30,Bulk import: inventory_3000
Lidocaine 250mg,lidocaine-250mg-injection,,Lidocaine,,,injection,250mg,,,POM,,,draft,0,,,true,100,20,B12094,2028-12-30,Bulk import: inventory_3000
Bupivacaine 250mg,bupivacaine-250mg-injection,,Bupivacaine,,,injection,250mg,,,POM,,,draft,0,,,true,100,20,B12095,2028-12-30,Bulk import: inventory_3000
Pentazocine 250mg,pentazocine-250mg-injection,,Pentazocine,,,injection,250mg,,,POM,,,draft,0,,,true,100,20,B12096,2028-12-30,Bulk import: inventory_3000
Pethidine 250mg,pethidine-250mg-injection,,Pethidine,,,injection,250mg,,,POM,,,draft,0,,,true,100,20,B12097,2028-12-30,Bulk import: inventory_3000
Tramadol 250mg,tramadol-250mg-injection,,Tramadol,,,injection,250mg,,,POM,,,draft,0,,,true,100,20,B12098,2028-12-30,Bulk import: inventory_3000
Acetylsalicylic Acid 250mg,acetylsalicylic-acid-250mg-injection,,Acetylsalicylic Acid,,,injection,250mg,,,POM,,,draft,0,,,true,100,20,B12099,2028-12-30,Bulk import: inventory_3000
Paracetamol 250mg,paracetamol-250mg-injection,,Paracetamol,,,injection,250mg,,,POM,,,draft,0,,,true,300,20,B12100,2028-12-30,Bulk import: inventory_3000
Allopurinol 250mg,allopurinol-250mg-injection,,Allopurinol,,,injection,250mg,,,POM,,,draft,0,,,true,100,20,B12103,2028-12-30,Bulk import: inventory_3000
Diclofenac Sodium 250mg,diclofenac-sodium-250mg-injection,,Diclofenac Sodium,,,injection,250mg,,,POM,,,draft,0,,,true,200,20,B12104,2028-12-30,Bulk import: inventory_3000
Ibuprofen 250mg,ibuprofen-250mg-injection,,Ibuprofen,,,injection,250mg,,,POM,,,draft,0,,,true,200,20,B12106,2028-12-30,Bulk import: inventory_3000
Naproxen 250mg,naproxen-250mg-injection,,Naproxen,,,injection,250mg,,,POM,,,draft,0,,,true,100,20,B12108,2028-12-30,Bulk import: inventory_3000
Piroxicam 250mg,piroxicam-250mg-injection,,Piroxicam,,,injection,250mg,,,POM,,,draft,0,,,true,100,20,B12109,2028-12-30,Bulk import: inventory_3000
Meloxicam 250mg,meloxicam-250mg-injection,,Meloxicam,,,injection,250mg,,,POM,,,draft,0,,,true,100,20,B12110,2028-12-30,Bulk import: inventory_3000
Naloxone 250mg,naloxone-250mg-injection,,Naloxone,,,injection,250mg,,,POM,,,draft,0,,,true,100,20,B12111,2028-12-30,Bulk import: inventory_3000
Chlorpheniramine 250mg,chlorpheniramine-250mg-injection,,Chlorpheniramine,,,injection,250mg,,,POM,,,draft,0,,,true,100,20,B12112,2028-12-30,Bulk import: inventory_3000
Hydrocortisone 250mg,hydrocortisone-250mg-injection,,Hydrocortisone,,,injection,250mg,,,POM,,,draft,0,,,true,100,20,B12113,2028-12-30,Bulk import: inventory_3000
Prednisolone 250mg,prednisolone-250mg-injection,,Prednisolone,,,injection,250mg,,,POM,,,draft,0,,,true,100,20,B12114,2028-12-30,Bulk import: inventory_3000
Phenobarbital 250mg,phenobarbital-250mg-injection,,Phenobarbital,,,injection,250mg,,,POM,,,draft,0,,,true,100,20,B12115,2028-12-30,Bulk import: inventory_3000
Phenytoin 250mg,phenytoin-250mg-injection,,Phenytoin,,,injection,250mg,,,POM,,,draft,0,,,true,100,20,B12116,2028-12-30,Bulk import: inventory_3000
Sodium Valproate 250mg,sodium-valproate-250mg-injection,,Sodium Valproate,,,injection,250mg,,,POM,,,draft,0,,,true,100,20,B12117,2028-12-30,Bulk import: inventory_3000
Carbamazepine 250mg,carbamazepine-250mg-injection,,Carbamazepine,,,injection,250mg,,,POM,,,draft,0,,,true,100,20,B12118,2028-12-30,Bulk import: inventory_3000
Amoxicillin 250mg,amoxicillin-250mg-injection,,Amoxicillin,,,injection,250mg,,,POM,,,draft,0,,,true,200,20,B12119,2028-12-30,Bulk import: inventory_3000
Ampicillin 250mg,ampicillin-250mg-injection,,Ampicillin,,,injection,250mg,,,POM,,,draft,0,,,true,100,20,B12121,2028-12-30,Bulk import: inventory_3000
Cloxacillin 250mg,cloxacillin-250mg-injection,,Cloxacillin,,,injection,250mg,,,POM,,,draft,0,,,true,100,20,B12122,2028-12-30,Bulk import: inventory_3000
Ceftriaxone 250mg,ceftriaxone-250mg-injection,,Ceftriaxone,,,injection,250mg,,,POM,,,draft,0,,,true,100,20,B12123,2028-12-30,Bulk import: inventory_3000
Cefuroxime 250mg,cefuroxime-250mg-injection,,Cefuroxime,,,injection,250mg,,,POM,,,draft,0,,,true,100,20,B12124,2028-12-30,Bulk import: inventory_3000
Azithromycin 250mg,azithromycin-250mg-injection,,Azithromycin,,,injection,250mg,,,POM,,,draft,0,,,true,100,20,B12125,2028-12-30,Bulk import: inventory_3000
Erythromycin 250mg,erythromycin-250mg-injection,,Erythromycin,,,injection,250mg,,,POM,,,draft,0,,,true,100,20,B12126,2028-12-30,Bulk import: inventory_3000
Ciprofloxacin 250mg,ciprofloxacin-250mg-injection,,Ciprofloxacin,,,injection,250mg,,,POM,,,draft,0,,,true,100,20,B12127,2028-12-30,Bulk import: inventory_3000
Metronidazole 250mg,metronidazole-250mg-injection,,Metronidazole,,,injection,250mg,,,POM,,,draft,0,,,true,200,20,B12128,2028-12-30,Bulk import: inventory_3000
Gentamicin 250mg,gentamicin-250mg-injection,,Gentamicin,,,injection,250mg,,,POM,,,draft,0,,,true,100,20,B12130,2028-12-30,Bulk import: inventory_3000
Doxycycline 250mg,doxycycline-250mg-injection,,Doxycycline,,,injection,250mg,,,POM,,,draft,0,,,true,100,20,B12131,2028-12-30,Bulk import: inventory_3000
Cotrimoxazole 250mg,cotrimoxazole-250mg-injection,,Cotrimoxazole,,,injection,250mg,,,POM,,,draft,0,,,true,100,20,B12132,2028-12-30,Bulk import: inventory_3000
Artemether + Lumefantrine 250mg,artemether-lumefantrine-250mg-injection,,Artemether + Lumefantrine,,,injection,250mg,,,POM,,,draft,0,,,true,100,20,B12133,2028-12-30,Bulk import: inventory_3000
Artesunate 250mg,artesunate-250mg-injection,,Artesunate,,,injection,250mg,,,POM,,,draft,0,,,true,100,20,B12134,2028-12-30,Bulk import: inventory_3000
Amodiaquine 250mg,amodiaquine-250mg-injection,,Amodiaquine,,,injection,250mg,,,POM,,,draft,0,,,true,100,20,B12135,2028-12-30,Bulk import: inventory_3000
Quinine 250mg,quinine-250mg-injection,,Quinine,,,injection,250mg,,,POM,,,draft,0,,,true,100,20,B12136,2028-12-30,Bulk import: inventory_3000
Fluconazole 250mg,fluconazole-250mg-injection,,Fluconazole,,,injection,250mg,,,POM,,,draft,0,,,true,100,20,B12137,2028-12-30,Bulk import: inventory_3000
Nystatin 250mg,nystatin-250mg-injection,,Nystatin,,,injection,250mg,,,POM,,,draft,0,,,true,100,20,B12138,2028-12-30,Bulk import: inventory_3000
Amlodipine 250mg,amlodipine-250mg-injection,,Amlodipine,,,injection,250mg,,,POM,,,draft,0,,,true,200,20,B12139,2028-12-30,Bulk import: inventory_3000
Lisinopril 250mg,lisinopril-250mg-injection,,Lisinopril,,,injection,250mg,,,POM,,,draft,0,,,true,200,20,B12141,2028-12-30,Bulk import: inventory_3000
Atenolol 250mg,atenolol-250mg-injection,,Atenolol,,,injection,250mg,,,POM,,,draft,0,,,true,100,20,B12143,2028-12-30,Bulk import: inventory_3000
Propranolol 250mg,propranolol-250mg-injection,,Propranolol,,,injection,250mg,,,POM,,,draft,0,,,true,100,20,B12144,2028-12-30,Bulk import: inventory_3000
Methyldopa 250mg,methyldopa-250mg-injection,,Methyldopa,,,injection,250mg,,,POM,,,draft,0,,,true,100,20,B12145,2028-12-30,Bulk import: inventory_3000
Hydralazine 250mg,hydralazine-250mg-injection,,Hydralazine,,,injection,250mg,,,POM,,,draft,0,,,true,100,20,B12146,2028-12-30,Bulk import: inventory_3000
Glyceryl Trinitrate 250mg,glyceryl-trinitrate-250mg-injection,,Glyceryl Trinitrate,,,injection,250mg,,,POM,,,draft,0,,,true,100,20,B12147,2028-12-30,Bulk import: inventory_3000
Isosorbide Dinitrate 250mg,isosorbide-dinitrate-250mg-injection,,Isosorbide Dinitrate,,,injection,250mg,,,POM,,,draft,0,,,true,100,20,B12148,2028-12-30,Bulk import: inventory_3000
Digoxin 250mg,digoxin-250mg-injection,,Digoxin,,,injection,250mg,,,POM,,,draft,0,,,true,100,20,B12149,2028-12-30,Bulk import: inventory_3000
Furosemide 250mg,furosemide-250mg-injection,,Furosemide,,,injection,250mg,,,POM,,,draft,0,,,true,200,20,B12150,2028-12-30,Bulk import: inventory_3000
Hydrochlorothiazide 250mg,hydrochlorothiazide-250mg-injection,,Hydrochlorothiazide,,,injection,250mg,,,POM,,,draft,0,,,true,100,20,B12152,2028-12-30,Bulk import: inventory_3000
Spironolactone 250mg,spironolactone-250mg-injection,,Spironolactone,,,injection,250mg,,,POM,,,draft,0,,,true,100,20,B12153,2028-12-30,Bulk import: inventory_3000
Atorvastatin 250mg,atorvastatin-250mg-injection,,Atorvastatin,,,injection,250mg,,,POM,,,draft,0,,,true,100,20,B12154,2028-12-30,Bulk import: inventory_3000
Simvastatin 250mg,simvastatin-250mg-injection,,Simvastatin,,,injection,250mg,,,POM,,,draft,0,,,true,100,20,B12155,2028-12-30,Bulk import: inventory_3000
Salbutamol 250mg,salbutamol-250mg-injection,,Salbutamol,,,injection,250mg,,,POM,,,draft,0,,,true,200,20,B12156,2028-12-30,Bulk import: inventory_3000
Aminophylline 250mg,aminophylline-250mg-injection,,Aminophylline,,,injection,250mg,,,POM,,,draft,0,,,true,100,20,B12158,2028-12-30,Bulk import: inventory_3000
Omeprazole 250mg,omeprazole-250mg-injection,,Omeprazole,,,injection,250mg,,,POM,,,draft,0,,,true,100,20,B12159,2028-12-30,Bulk import: inventory_3000
Cimetidine 250mg,cimetidine-250mg-injection,,Cimetidine,,,injection,250mg,,,POM,,,draft,0,,,true,100,20,B12160,2028-12-30,Bulk import: inventory_3000
Metoclopramide 250mg,metoclopramide-250mg-injection,,Metoclopramide,,,injection,250mg,,,POM,,,draft,0,,,true,100,20,B12161,2028-12-30,Bulk import: inventory_3000
Zinc Sulfate 250mg,zinc-sulfate-250mg-injection,,Zinc Sulfate,,,injection,250mg,,,POM,,,draft,0,,,true,100,20,B12162,2028-12-30,Bulk import: inventory_3000
Bisacodyl 250mg,bisacodyl-250mg-injection,,Bisacodyl,,,injection,250mg,,,POM,,,draft,0,,,true,100,20,B12163,2028-12-30,Bulk import: inventory_3000
Metformin 250mg,metformin-250mg-injection,,Metformin,,,injection,250mg,,,POM,,,draft,0,,,true,200,20,B12164,2028-12-30,Bulk import: inventory_3000
Glibenclamide 250mg,glibenclamide-250mg-injection,,Glibenclamide,,,injection,250mg,,,POM,,,draft,0,,,true,100,20,B12166,2028-12-30,Bulk import: inventory_3000
Glimepiride 250mg,glimepiride-250mg-injection,,Glimepiride,,,injection,250mg,,,POM,,,draft,0,,,true,100,20,B12167,2028-12-30,Bulk import: inventory_3000
Levothyroxine 250mg,levothyroxine-250mg-injection,,Levothyroxine,,,injection,250mg,,,POM,,,draft,0,,,true,100,20,B12168,2028-12-30,Bulk import: inventory_3000
Carbimazole 250mg,carbimazole-250mg-injection,,Carbimazole,,,injection,250mg,,,POM,,,draft,0,,,true,100,20,B12169,2028-12-30,Bulk import: inventory_3000
Folic Acid 250mg,folic-acid-250mg-injection,,Folic Acid,,,injection,250mg,,,POM,,,draft,0,,,true,100,20,B12170,2028-12-30,Bulk import: inventory_3000
Oxytocin 250mg,oxytocin-250mg-injection,,Oxytocin,,,injection,250mg,,,POM,,,draft,0,,,true,100,20,B12171,2028-12-30,Bulk import: inventory_3000
Misoprostol 250mg,misoprostol-250mg-injection,,Misoprostol,,,injection,250mg,,,POM,,,draft,0,,,true,100,20,B12172,2028-12-30,Bulk import: inventory_3000
Magnesium Sulfate 250mg,magnesium-sulfate-250mg-injection,,Magnesium Sulfate,,,injection,250mg,,,POM,,,draft,0,,,true,100,20,B12173,2028-12-30,Bulk import: inventory_3000
Amitriptyline 250mg,amitriptyline-250mg-injection,,Amitriptyline,,,injection,250mg,,,POM,,,draft,0,,,true,100,20,B12174,2028-12-30,Bulk import: inventory_3000
Fluoxetine 250mg,fluoxetine-250mg-injection,,Fluoxetine,,,injection,250mg,,,POM,,,draft,0,,,true,100,20,B12175,2028-12-30,Bulk import: inventory_3000
Haloperidol 250mg,haloperidol-250mg-injection,,Haloperidol,,,injection,250mg,,,POM,,,draft,0,,,true,100,20,B12176,2028-12-30,Bulk import: inventory_3000
Chlorpromazine 250mg,chlorpromazine-250mg-injection,,Chlorpromazine,,,injection,250mg,,,POM,,,draft,0,,,true,100,20,B12177,2028-12-30,Bulk import: inventory_3000
Halothane 500mg,halothane-500mg-injection,,Halothane,,,injection,500mg,,,POM,,,draft,0,,,true,100,20,B12178,2028-12-30,Bulk import: inventory_3000
Ketamine 500mg,ketamine-500mg-injection,,Ketamine,,,injection,500mg,,,POM,,,draft,0,,,true,100,20,B12179,2028-12-30,Bulk import: inventory_3000
Nitrous oxide 500mg,nitrous-oxide-500mg-injection,,Nitrous oxide,,,injection,500mg,,,POM,,,draft,0,,,true,100,20,B12180,2028-12-30,Bulk import: inventory_3000
Oxygen 500mg,oxygen-500mg-injection,,Oxygen,,,injection,500mg,,,POM,,,draft,0,,,true,100,20,B12181,2028-12-30,Bulk import: inventory_3000
Atropine 500mg,atropine-500mg-injection,,Atropine,,,injection,500mg,,,POM,,,draft,0,,,true,100,20,B12182,2028-12-30,Bulk import: inventory_3000
Diazepam 500mg,diazepam-500mg-injection,,Diazepam,,,injection,500mg,,,POM,,,draft,0,,,true,100,20,B12183,2028-12-30,Bulk import: inventory_3000
Hyoscine N-Butylbromide 500mg,hyoscine-n-butylbromide-500mg-injection,,Hyoscine N-Butylbromide,,,injection,500mg,,,POM,,,draft,0,,,true,100,20,B12184,2028-12-30,Bulk import: inventory_3000
Midazolam 500mg,midazolam-500mg-injection,,Midazolam,,,injection,500mg,,,POM,,,draft,0,,,true,100,20,B12185,2028-12-30,Bulk import: inventory_3000
Morphine 500mg,morphine-500mg-injection,,Morphine,,,injection,500mg,,,POM,,,draft,0,,,true,100,20,B12186,2028-12-30,Bulk import: inventory_3000
Promethazine 500mg,promethazine-500mg-injection,,Promethazine,,,injection,500mg,,,POM,,,draft,0,,,true,200,20,B12187,2028-12-30,Bulk import: inventory_3000
Atracurium 500mg,atracurium-500mg-injection,,Atracurium,,,injection,500mg,,,POM,,,draft,0,,,true,100,20,B12189,2028-12-30,Bulk import: inventory_3000
Neostigmine 500mg,neostigmine-500mg-injection,,Neostigmine,,,injection,500mg,,,POM,,,draft,0,,,true,100,20,B12190,2028-12-30,Bulk import: inventory_3000
Suxamethonium 500mg,suxamethonium-500mg-injection,,Suxamethonium,,,injection,500mg,,,POM,,,draft,0,,,true,100,20,B12191,2028-12-30,Bulk import: inventory_3000
Propofol 500mg,propofol-500mg-injection,,Propofol,,,injection,500mg,,,POM,,,draft,0,,,true,100,20,B12192,2028-12-30,Bulk import: inventory_3000
Lidocaine 500mg,lidocaine-500mg-injection,,Lidocaine,,,injection,500mg,,,POM,,,draft,0,,,true,100,20,B12193,2028-12-30,Bulk import: inventory_3000
Bupivacaine 500mg,bupivacaine-500mg-injection,,Bupivacaine,,,injection,500mg,,,POM,,,draft,0,,,true,100,20,B12194,2028-12-30,Bulk import: inventory_3000
Pentazocine 500mg,pentazocine-500mg-injection,,Pentazocine,,,injection,500mg,,,POM,,,draft,0,,,true,100,20,B12195,2028-12-30,Bulk import: inventory_3000
Pethidine 500mg,pethidine-500mg-injection,,Pethidine,,,injection,500mg,,,POM,,,draft,0,,,true,100,20,B12196,2028-12-30,Bulk import: inventory_3000
Tramadol 500mg,tramadol-500mg-injection,,Tramadol,,,injection,500mg,,,POM,,,draft,0,,,true,100,20,B12197,2028-12-30,Bulk import: inventory_3000
Acetylsalicylic Acid 500mg,acetylsalicylic-acid-500mg-injection,,Acetylsalicylic Acid,,,injection,500mg,,,POM,,,draft,0,,,true,100,20,B12198,2028-12-30,Bulk import: inventory_3000
Paracetamol 500mg,paracetamol-500mg-injection,,Paracetamol,,,injection,500mg,,,POM,,,draft,0,,,true,300,20,B12199,2028-12-30,Bulk import: inventory_3000
Allopurinol 500mg,allopurinol-500mg-injection,,Allopurinol,,,injection,500mg,,,POM,,,draft,0,,,true,100,20,B12202,2028-12-30,Bulk import: inventory_3000
Diclofenac Sodium 500mg,diclofenac-sodium-500mg-injection,,Diclofenac Sodium,,,injection,500mg,,,POM,,,draft,0,,,true,200,20,B12203,2028-12-30,Bulk import: inventory_3000
Ibuprofen 500mg,ibuprofen-500mg-injection,,Ibuprofen,,,injection,500mg,,,POM,,,draft,0,,,true,200,20,B12205,2028-12-30,Bulk import: inventory_3000
Naproxen 500mg,naproxen-500mg-injection,,Naproxen,,,injection,500mg,,,POM,,,draft,0,,,true,100,20,B12207,2028-12-30,Bulk import: inventory_3000
Piroxicam 500mg,piroxicam-500mg-injection,,Piroxicam,,,injection,500mg,,,POM,,,draft,0,,,true,100,20,B12208,2028-12-30,Bulk import: inventory_3000
Meloxicam 500mg,meloxicam-500mg-injection,,Meloxicam,,,injection,500mg,,,POM,,,draft,0,,,true,100,20,B12209,2028-12-30,Bulk import: inventory_3000
Naloxone 500mg,naloxone-500mg-injection,,Naloxone,,,injection,500mg,,,POM,,,draft,0,,,true,100,20,B12210,2028-12-30,Bulk import: inventory_3000
Chlorpheniramine 500mg,chlorpheniramine-500mg-injection,,Chlorpheniramine,,,injection,500mg,,,POM,,,draft,0,,,true,100,20,B12211,2028-12-30,Bulk import: inventory_3000
Hydrocortisone 500mg,hydrocortisone-500mg-injection,,Hydrocortisone,,,injection,500mg,,,POM,,,draft,0,,,true,100,20,B12212,2028-12-30,Bulk import: inventory_3000
Prednisolone 500mg,prednisolone-500mg-injection,,Prednisolone,,,injection,500mg,,,POM,,,draft,0,,,true,100,20,B12213,2028-12-30,Bulk import: inventory_3000
Phenobarbital 500mg,phenobarbital-500mg-injection,,Phenobarbital,,,injection,500mg,,,POM,,,draft,0,,,true,100,20,B12214,2028-12-30,Bulk import: inventory_3000
Phenytoin 500mg,phenytoin-500mg-injection,,Phenytoin,,,injection,500mg,,,POM,,,draft,0,,,true,100,20,B12215,2028-12-30,Bulk import: inventory_3000
Sodium Valproate 500mg,sodium-valproate-500mg-injection,,Sodium Valproate,,,injection,500mg,,,POM,,,draft,0,,,true,100,20,B12216,2028-12-30,Bulk import: inventory_3000
Carbamazepine 500mg,carbamazepine-500mg-injection,,Carbamazepine,,,injection,500mg,,,POM,,,draft,0,,,true,100,20,B12217,2028-12-30,Bulk import: inventory_3000
Amoxicillin 500mg,amoxicillin-500mg-injection,,Amoxicillin,,,injection,500mg,,,POM,,,draft,0,,,true,200,20,B12218,2028-12-30,Bulk import: inventory_3000
Cloxacillin 500mg,cloxacillin-500mg-injection,,Cloxacillin,,,injection,500mg,,,POM,,,draft,0,,,true,100,20,B12221,2028-12-30,Bulk import: inventory_3000
Ceftriaxone 500mg,ceftriaxone-500mg-injection,,Ceftriaxone,,,injection,500mg,,,POM,,,draft,0,,,true,100,20,B12222,2028-12-30,Bulk import: inventory_3000
Cefuroxime 500mg,cefuroxime-500mg-injection,,Cefuroxime,,,injection,500mg,,,POM,,,draft,0,,,true,100,20,B12223,2028-12-30,Bulk import: inventory_3000
Azithromycin 500mg,azithromycin-500mg-injection,,Azithromycin,,,injection,500mg,,,POM,,,draft,0,,,true,100,20,B12224,2028-12-30,Bulk import: inventory_3000
Erythromycin 500mg,erythromycin-500mg-injection,,Erythromycin,,,injection,500mg,,,POM,,,draft,0,,,true,100,20,B12225,2028-12-30,Bulk import: inventory_3000
Ciprofloxacin 500mg,ciprofloxacin-500mg-injection,,Ciprofloxacin,,,injection,500mg,,,POM,,,draft,0,,,true,100,20,B12226,2028-12-30,Bulk import: inventory_3000
Metronidazole 500mg,metronidazole-500mg-injection,,Metronidazole,,,injection,500mg,,,POM,,,draft,0,,,true,200,20,B12227,2028-12-30,Bulk import: inventory_3000
Gentamicin 500mg,gentamicin-500mg-injection,,Gentamicin,,,injection,500mg,,,POM,,,draft,0,,,true,100,20,B12229,2028-12-30,Bulk import: inventory_3000
Doxycycline 500mg,doxycycline-500mg-injection,,Doxycycline,,,injection,500mg,,,POM,,,draft,0,,,true,100,20,B12230,2028-12-30,Bulk import: inventory_3000
Cotrimoxazole 500mg,cotrimoxazole-500mg-injection,,Cotrimoxazole,,,injection,500mg,,,POM,,,draft,0,,,true,100,20,B12231,2028-12-30,Bulk import: inventory_3000
Artemether + Lumefantrine 500mg,artemether-lumefantrine-500mg-injection,,Artemether + Lumefantrine,,,injection,500mg,,,POM,,,draft,0,,,true,100,20,B12232,2028-12-30,Bulk import: inventory_3000
Artesunate 500mg,artesunate-500mg-injection,,Artesunate,,,injection,500mg,,,POM,,,draft,0,,,true,100,20,B12233,2028-12-30,Bulk import: inventory_3000
Amodiaquine 500mg,amodiaquine-500mg-injection,,Amodiaquine,,,injection,500mg,,,POM,,,draft,0,,,true,100,20,B12234,2028-12-30,Bulk import: inventory_3000
Quinine 500mg,quinine-500mg-injection,,Quinine,,,injection,500mg,,,POM,,,draft,0,,,true,100,20,B12235,2028-12-30,Bulk import: inventory_3000
Fluconazole 500mg,fluconazole-500mg-injection,,Fluconazole,,,injection,500mg,,,POM,,,draft,0,,,true,100,20,B12236,2028-12-30,Bulk import: inventory_3000
Nystatin 500mg,nystatin-500mg-injection,,Nystatin,,,injection,500mg,,,POM,,,draft,0,,,true,100,20,B12237,2028-12-30,Bulk import: inventory_3000
Amlodipine 500mg,amlodipine-500mg-injection,,Amlodipine,,,injection,500mg,,,POM,,,draft,0,,,true,200,20,B12238,2028-12-30,Bulk import: inventory_3000
Lisinopril 500mg,lisinopril-500mg-injection,,Lisinopril,,,injection,500mg,,,POM,,,draft,0,,,true,200,20,B12240,2028-12-30,Bulk import: inventory_3000
Atenolol 500mg,atenolol-500mg-injection,,Atenolol,,,injection,500mg,,,POM,,,draft,0,,,true,100,20,B12242,2028-12-30,Bulk import: inventory_3000
Propranolol 500mg,propranolol-500mg-injection,,Propranolol,,,injection,500mg,,,POM,,,draft,0,,,true,100,20,B12243,2028-12-30,Bulk import: inventory_3000
Methyldopa 500mg,methyldopa-500mg-injection,,Methyldopa,,,injection,500mg,,,POM,,,draft,0,,,true,100,20,B12244,2028-12-30,Bulk import: inventory_3000
Hydralazine 500mg,hydralazine-500mg-injection,,Hydralazine,,,injection,500mg,,,POM,,,draft,0,,,true,100,20,B12245,2028-12-30,Bulk import: inventory_3000
Glyceryl Trinitrate 500mg,glyceryl-trinitrate-500mg-injection,,Glyceryl Trinitrate,,,injection,500mg,,,POM,,,draft,0,,,true,100,20,B12246,2028-12-30,Bulk import: inventory_3000
Isosorbide Dinitrate 500mg,isosorbide-dinitrate-500mg-injection,,Isosorbide Dinitrate,,,injection,500mg,,,POM,,,draft,0,,,true,100,20,B12247,2028-12-30,Bulk import: inventory_3000
Digoxin 500mg,digoxin-500mg-injection,,Digoxin,,,injection,500mg,,,POM,,,draft,0,,,true,100,20,B12248,2028-12-30,Bulk import: inventory_3000
Furosemide 500mg,furosemide-500mg-injection,,Furosemide,,,injection,500mg,,,POM,,,draft,0,,,true,200,20,B12249,2028-12-30,Bulk import: inventory_3000
Hydrochlorothiazide 500mg,hydrochlorothiazide-500mg-injection,,Hydrochlorothiazide,,,injection,500mg,,,POM,,,draft,0,,,true,100,20,B12251,2028-12-30,Bulk import: inventory_3000
Spironolactone 500mg,spironolactone-500mg-injection,,Spironolactone,,,injection,500mg,,,POM,,,draft,0,,,true,100,20,B12252,2028-12-30,Bulk import: inventory_3000
Atorvastatin 500mg,atorvastatin-500mg-injection,,Atorvastatin,,,injection,500mg,,,POM,,,draft,0,,,true,100,20,B12253,2028-12-30,Bulk import: inventory_3000
Simvastatin 500mg,simvastatin-500mg-injection,,Simvastatin,,,injection,500mg,,,POM,,,draft,0,,,true,100,20,B12254,2028-12-30,Bulk import: inventory_3000
Salbutamol 500mg,salbutamol-500mg-injection,,Salbutamol,,,injection,500mg,,,POM,,,draft,0,,,true,200,20,B12255,2028-12-30,Bulk import: inventory_3000
Aminophylline 500mg,aminophylline-500mg-injection,,Aminophylline,,,injection,500mg,,,POM,,,draft,0,,,true,100,20,B12257,2028-12-30,Bulk import: inventory_3000
Omeprazole 500mg,omeprazole-500mg-injection,,Omeprazole,,,injection,500mg,,,POM,,,draft,0,,,true,100,20,B12258,2028-12-30,Bulk import: inventory_3000
Cimetidine 500mg,cimetidine-500mg-injection,,Cimetidine,,,injection,500mg,,,POM,,,draft,0,,,true,100,20,B12259,2028-12-30,Bulk import: inventory_3000
Metoclopramide 500mg,metoclopramide-500mg-injection,,Metoclopramide,,,injection,500mg,,,POM,,,draft,0,,,true,100,20,B12260,2028-12-30,Bulk import: inventory_3000
Zinc Sulfate 500mg,zinc-sulfate-500mg-injection,,Zinc Sulfate,,,injection,500mg,,,POM,,,draft,0,,,true,100,20,B12261,2028-12-30,Bulk import: inventory_3000
Bisacodyl 500mg,bisacodyl-500mg-injection,,Bisacodyl,,,injection,500mg,,,POM,,,draft,0,,,true,100,20,B12262,2028-12-30,Bulk import: inventory_3000
Metformin 500mg,metformin-500mg-injection,,Metformin,,,injection,500mg,,,POM,,,draft,0,,,true,200,20,B12263,2028-12-30,Bulk import: inventory_3000
Glibenclamide 500mg,glibenclamide-500mg-injection,,Glibenclamide,,,injection,500mg,,,POM,,,draft,0,,,true,100,20,B12265,2028-12-30,Bulk import: inventory_3000
Glimepiride 500mg,glimepiride-500mg-injection,,Glimepiride,,,injection,500mg,,,POM,,,draft,0,,,true,100,20,B12266,2028-12-30,Bulk import: inventory_3000
Levothyroxine 500mg,levothyroxine-500mg-injection,,Levothyroxine,,,injection,500mg,,,POM,,,draft,0,,,true,100,20,B12267,2028-12-30,Bulk import: inventory_3000
Carbimazole 500mg,carbimazole-500mg-injection,,Carbimazole,,,injection,500mg,,,POM,,,draft,0,,,true,100,20,B12268,2028-12-30,Bulk import: inventory_3000
Folic Acid 500mg,folic-acid-500mg-injection,,Folic Acid,,,injection,500mg,,,POM,,,draft,0,,,true,100,20,B12269,2028-12-30,Bulk import: inventory_3000
Oxytocin 500mg,oxytocin-500mg-injection,,Oxytocin,,,injection,500mg,,,POM,,,draft,0,,,true,100,20,B12270,2028-12-30,Bulk import: inventory_3000
Misoprostol 500mg,misoprostol-500mg-injection,,Misoprostol,,,injection,500mg,,,POM,,,draft,0,,,true,100,20,B12271,2028-12-30,Bulk import: inventory_3000
Magnesium Sulfate 500mg,magnesium-sulfate-500mg-injection,,Magnesium Sulfate,,,injection,500mg,,,POM,,,draft,0,,,true,100,20,B12272,2028-12-30,Bulk import: inventory_3000
Amitriptyline 500mg,amitriptyline-500mg-injection,,Amitriptyline,,,injection,500mg,,,POM,,,draft,0,,,true,100,20,B12273,2028-12-30,Bulk import: inventory_3000
Fluoxetine 500mg,fluoxetine-500mg-injection,,Fluoxetine,,,injection,500mg,,,POM,,,draft,0,,,true,100,20,B12274,2028-12-30,Bulk import: inventory_3000
Haloperidol 500mg,haloperidol-500mg-injection,,Haloperidol,,,injection,500mg,,,POM,,,draft,0,,,true,100,20,B12275,2028-12-30,Bulk import: inventory_3000
Chlorpromazine 500mg,chlorpromazine-500mg-injection,,Chlorpromazine,,,injection,500mg,,,POM,,,draft,0,,,true,100,20,B12276,2028-12-30,Bulk import: inventory_3000
Halothane 1g,halothane-1g-injection,,Halothane,,,injection,1g,,,POM,,,draft,0,,,true,100,20,B12277,2028-12-30,Bulk import: inventory_3000
Ketamine 1g,ketamine-1g-injection,,Ketamine,,,injection,1g,,,POM,,,draft,0,,,true,100,20,B12278,2028-12-30,Bulk import: inventory_3000
Nitrous oxide 1g,nitrous-oxide-1g-injection,,Nitrous oxide,,,injection,1g,,,POM,,,draft,0,,,true,100,20,B12279,2028-12-30,Bulk import: inventory_3000
Oxygen 1g,oxygen-1g-injection,,Oxygen,,,injection,1g,,,POM,,,draft,0,,,true,100,20,B12280,2028-12-30,Bulk import: inventory_3000
Atropine 1g,atropine-1g-injection,,Atropine,,,injection,1g,,,POM,,,draft,0,,,true,100,20,B12281,2028-12-30,Bulk import: inventory_3000
Diazepam 1g,diazepam-1g-injection,,Diazepam,,,injection,1g,,,POM,,,draft,0,,,true,100,20,B12282,2028-12-30,Bulk import: inventory_3000
Hyoscine N-Butylbromide 1g,hyoscine-n-butylbromide-1g-injection,,Hyoscine N-Butylbromide,,,injection,1g,,,POM,,,draft,0,,,true,100,20,B12283,2028-12-30,Bulk import: inventory_3000
Midazolam 1g,midazolam-1g-injection,,Midazolam,,,injection,1g,,,POM,,,draft,0,,,true,100,20,B12284,2028-12-30,Bulk import: inventory_3000
Morphine 1g,morphine-1g-injection,,Morphine,,,injection,1g,,,POM,,,draft,0,,,true,100,20,B12285,2028-12-30,Bulk import: inventory_3000
Promethazine 1g,promethazine-1g-injection,,Promethazine,,,injection,1g,,,POM,,,draft,0,,,true,200,20,B12286,2028-12-30,Bulk import: inventory_3000
Atracurium 1g,atracurium-1g-injection,,Atracurium,,,injection,1g,,,POM,,,draft,0,,,true,100,20,B12288,2028-12-30,Bulk import: inventory_3000
Neostigmine 1g,neostigmine-1g-injection,,Neostigmine,,,injection,1g,,,POM,,,draft,0,,,true,100,20,B12289,2028-12-30,Bulk import: inventory_3000
Suxamethonium 1g,suxamethonium-1g-injection,,Suxamethonium,,,injection,1g,,,POM,,,draft,0,,,true,100,20,B12290,2028-12-30,Bulk import: inventory_3000
Propofol 1g,propofol-1g-injection,,Propofol,,,injection,1g,,,POM,,,draft,0,,,true,100,20,B12291,2028-12-30,Bulk import: inventory_3000
Lidocaine 1g,lidocaine-1g-injection,,Lidocaine,,,injection,1g,,,POM,,,draft,0,,,true,100,20,B12292,2028-12-30,Bulk import: inventory_3000
Bupivacaine 1g,bupivacaine-1g-injection,,Bupivacaine,,,injection,1g,,,POM,,,draft,0,,,true,100,20,B12293,2028-12-30,Bulk import: inventory_3000
Pentazocine 1g,pentazocine-1g-injection,,Pentazocine,,,injection,1g,,,POM,,,draft,0,,,true,100,20,B12294,2028-12-30,Bulk import: inventory_3000
Pethidine 1g,pethidine-1g-injection,,Pethidine,,,injection,1g,,,POM,,,draft,0,,,true,100,20,B12295,2028-12-30,Bulk import: inventory_3000
Tramadol 1g,tramadol-1g-injection,,Tramadol,,,injection,1g,,,POM,,,draft,0,,,true,100,20,B12296,2028-12-30,Bulk import: inventory_3000
Acetylsalicylic Acid 1g,acetylsalicylic-acid-1g-injection,,Acetylsalicylic Acid,,,injection,1g,,,POM,,,draft,0,,,true,100,20,B12297,2028-12-30,Bulk import: inventory_3000
Paracetamol 1g,paracetamol-1g-injection,,Paracetamol,,,injection,1g,,,POM,,,draft,0,,,true,300,20,B12298,2028-12-30,Bulk import: inventory_3000
Allopurinol 1g,allopurinol-1g-injection,,Allopurinol,,,injection,1g,,,POM,,,draft,0,,,true,100,20,B12301,2028-12-30,Bulk import: inventory_3000
Diclofenac Sodium 1g,diclofenac-sodium-1g-injection,,Diclofenac Sodium,,,injection,1g,,,POM,,,draft,0,,,true,200,20,B12302,2028-12-30,Bulk import: inventory_3000
Ibuprofen 1g,ibuprofen-1g-injection,,Ibuprofen,,,injection,1g,,,POM,,,draft,0,,,true,200,20,B12304,2028-12-30,Bulk import: inventory_3000
Naproxen 1g,naproxen-1g-injection,,Naproxen,,,injection,1g,,,POM,,,draft,0,,,true,100,20,B12306,2028-12-30,Bulk import: inventory_3000
Piroxicam 1g,piroxicam-1g-injection,,Piroxicam,,,injection,1g,,,POM,,,draft,0,,,true,100,20,B12307,2028-12-30,Bulk import: inventory_3000
Meloxicam 1g,meloxicam-1g-injection,,Meloxicam,,,injection,1g,,,POM,,,draft,0,,,true,100,20,B12308,2028-12-30,Bulk import: inventory_3000
Naloxone 1g,naloxone-1g-injection,,Naloxone,,,injection,1g,,,POM,,,draft,0,,,true,100,20,B12309,2028-12-30,Bulk import: inventory_3000
Chlorpheniramine 1g,chlorpheniramine-1g-injection,,Chlorpheniramine,,,injection,1g,,,POM,,,draft,0,,,true,100,20,B12310,2028-12-30,Bulk import: inventory_3000
Hydrocortisone 1g,hydrocortisone-1g-injection,,Hydrocortisone,,,injection,1g,,,POM,,,draft,0,,,true,100,20,B12311,2028-12-30,Bulk import: inventory_3000
Prednisolone 1g,prednisolone-1g-injection,,Prednisolone,,,injection,1g,,,POM,,,draft,0,,,true,100,20,B12312,2028-12-30,Bulk import: inventory_3000
Phenobarbital 1g,phenobarbital-1g-injection,,Phenobarbital,,,injection,1g,,,POM,,,draft,0,,,true,100,20,B12313,2028-12-30,Bulk import: inventory_3000
Phenytoin 1g,phenytoin-1g-injection,,Phenytoin,,,injection,1g,,,POM,,,draft,0,,,true,100,20,B12314,2028-12-30,Bulk import: inventory_3000
Sodium Valproate 1g,sodium-valproate-1g-injection,,Sodium Valproate,,,injection,1g,,,POM,,,draft,0,,,true,100,20,B12315,2028-12-30,Bulk import: inventory_3000
Carbamazepine 1g,carbamazepine-1g-injection,,Carbamazepine,,,injection,1g,,,POM,,,draft,0,,,true,100,20,B12316,2028-12-30,Bulk import: inventory_3000
Amoxicillin 1g,amoxicillin-1g-injection,,Amoxicillin,,,injection,1g,,,POM,,,draft,0,,,true,200,20,B12317,2028-12-30,Bulk import: inventory_3000
Ampicillin 1g,ampicillin-1g-injection,,Ampicillin,,,injection,1g,,,POM,,,draft,0,,,true,100,20,B12319,2028-12-30,Bulk import: inventory_3000
Cloxacillin 1g,cloxacillin-1g-injection,,Cloxacillin,,,injection,1g,,,POM,,,draft,0,,,true,100,20,B12320,2028-12-30,Bulk import: inventory_3000
Cefuroxime 1g,cefuroxime-1g-injection,,Cefuroxime,,,injection,1g,,,POM,,,draft,0,,,true,100,20,B12322,2028-12-30,Bulk import: inventory_3000
Azithromycin 1g,azithromycin-1g-injection,,Azithromycin,,,injection,1g,,,POM,,,draft,0,,,true,100,20,B12323,2028-12-30,Bulk import: inventory_3000
Erythromycin 1g,erythromycin-1g-injection,,Erythromycin,,,injection,1g,,,POM,,,draft,0,,,true,100,20,B12324,2028-12-30,Bulk import: inventory_3000
Ciprofloxacin 1g,ciprofloxacin-1g-injection,,Ciprofloxacin,,,injection,1g,,,POM,,,draft,0,,,true,100,20,B12325,2028-12-30,Bulk import: inventory_3000
Metronidazole 1g,metronidazole-1g-injection,,Metronidazole,,,injection,1g,,,POM,,,draft,0,,,true,200,20,B12326,2028-12-30,Bulk import: inventory_3000
Gentamicin 1g,gentamicin-1g-injection,,Gentamicin,,,injection,1g,,,POM,,,draft,0,,,true,100,20,B12328,2028-12-30,Bulk import: inventory_3000
Doxycycline 1g,doxycycline-1g-injection,,Doxycycline,,,injection,1g,,,POM,,,draft,0,,,true,100,20,B12329,2028-12-30,Bulk import: inventory_3000
Cotrimoxazole 1g,cotrimoxazole-1g-injection,,Cotrimoxazole,,,injection,1g,,,POM,,,draft,0,,,true,100,20,B12330,2028-12-30,Bulk import: inventory_3000
Artemether + Lumefantrine 1g,artemether-lumefantrine-1g-injection,,Artemether + Lumefantrine,,,injection,1g,,,POM,,,draft,0,,,true,100,20,B12331,2028-12-30,Bulk import: inventory_3000
Artesunate 1g,artesunate-1g-injection,,Artesunate,,,injection,1g,,,POM,,,draft,0,,,true,100,20,B12332,2028-12-30,Bulk import: inventory_3000
Amodiaquine 1g,amodiaquine-1g-injection,,Amodiaquine,,,injection,1g,,,POM,,,draft,0,,,true,100,20,B12333,2028-12-30,Bulk import: inventory_3000
Quinine 1g,quinine-1g-injection,,Quinine,,,injection,1g,,,POM,,,draft,0,,,true,100,20,B12334,2028-12-30,Bulk import: inventory_3000
Fluconazole 1g,fluconazole-1g-injection,,Fluconazole,,,injection,1g,,,POM,,,draft,0,,,true,100,20,B12335,2028-12-30,Bulk import: inventory_3000
Nystatin 1g,nystatin-1g-injection,,Nystatin,,,injection,1g,,,POM,,,draft,0,,,true,100,20,B12336,2028-12-30,Bulk import: inventory_3000
Amlodipine 1g,amlodipine-1g-injection,,Amlodipine,,,injection,1g,,,POM,,,draft,0,,,true,200,20,B12337,2028-12-30,Bulk import: inventory_3000
Lisinopril 1g,lisinopril-1g-injection,,Lisinopril,,,injection,1g,,,POM,,,draft,0,,,true,200,20,B12339,2028-12-30,Bulk import: inventory_3000
Atenolol 1g,atenolol-1g-injection,,Atenolol,,,injection,1g,,,POM,,,draft,0,,,true,100,20,B12341,2028-12-30,Bulk import: inventory_3000
Propranolol 1g,propranolol-1g-injection,,Propranolol,,,injection,1g,,,POM,,,draft,0,,,true,100,20,B12342,2028-12-30,Bulk import: inventory_3000
Methyldopa 1g,methyldopa-1g-injection,,Methyldopa,,,injection,1g,,,POM,,,draft,0,,,true,100,20,B12343,2028-12-30,Bulk import: inventory_3000
Hydralazine 1g,hydralazine-1g-injection,,Hydralazine,,,injection,1g,,,POM,,,draft,0,,,true,100,20,B12344,2028-12-30,Bulk import: inventory_3000
Glyceryl Trinitrate 1g,glyceryl-trinitrate-1g-injection,,Glyceryl Trinitrate,,,injection,1g,,,POM,,,draft,0,,,true,100,20,B12345,2028-12-30,Bulk import: inventory_3000
Isosorbide Dinitrate 1g,isosorbide-dinitrate-1g-injection,,Isosorbide Dinitrate,,,injection,1g,,,POM,,,draft,0,,,true,100,20,B12346,2028-12-30,Bulk import: inventory_3000
Digoxin 1g,digoxin-1g-injection,,Digoxin,,,injection,1g,,,POM,,,draft,0,,,true,100,20,B12347,2028-12-30,Bulk import: inventory_3000
Furosemide 1g,furosemide-1g-injection,,Furosemide,,,injection,1g,,,POM,,,draft,0,,,true,200,20,B12348,2028-12-30,Bulk import: inventory_3000
Hydrochlorothiazide 1g,hydrochlorothiazide-1g-injection,,Hydrochlorothiazide,,,injection,1g,,,POM,,,draft,0,,,true,100,20,B12350,2028-12-30,Bulk import: inventory_3000
Spironolactone 1g,spironolactone-1g-injection,,Spironolactone,,,injection,1g,,,POM,,,draft,0,,,true,100,20,B12351,2028-12-30,Bulk import: inventory_3000
Atorvastatin 1g,atorvastatin-1g-injection,,Atorvastatin,,,injection,1g,,,POM,,,draft,0,,,true,100,20,B12352,2028-12-30,Bulk import: inventory_3000
Simvastatin 1g,simvastatin-1g-injection,,Simvastatin,,,injection,1g,,,POM,,,draft,0,,,true,100,20,B12353,2028-12-30,Bulk import: inventory_3000
Salbutamol 1g,salbutamol-1g-injection,,Salbutamol,,,injection,1g,,,POM,,,draft,0,,,true,200,20,B12354,2028-12-30,Bulk import: inventory_3000
Aminophylline 1g,aminophylline-1g-injection,,Aminophylline,,,injection,1g,,,POM,,,draft,0,,,true,100,20,B12356,2028-12-30,Bulk import: inventory_3000
Omeprazole 1g,omeprazole-1g-injection,,Omeprazole,,,injection,1g,,,POM,,,draft,0,,,true,100,20,B12357,2028-12-30,Bulk import: inventory_3000
Cimetidine 1g,cimetidine-1g-injection,,Cimetidine,,,injection,1g,,,POM,,,draft,0,,,true,100,20,B12358,2028-12-30,Bulk import: inventory_3000
Metoclopramide 1g,metoclopramide-1g-injection,,Metoclopramide,,,injection,1g,,,POM,,,draft,0,,,true,100,20,B12359,2028-12-30,Bulk import: inventory_3000
Zinc Sulfate 1g,zinc-sulfate-1g-injection,,Zinc Sulfate,,,injection,1g,,,POM,,,draft,0,,,true,100,20,B12360,2028-12-30,Bulk import: inventory_3000
Bisacodyl 1g,bisacodyl-1g-injection,,Bisacodyl,,,injection,1g,,,POM,,,draft,0,,,true,100,20,B12361,2028-12-30,Bulk import: inventory_3000
Metformin 1g,metformin-1g-injection,,Metformin,,,injection,1g,,,POM,,,draft,0,,,true,200,20,B12362,2028-12-30,Bulk import: inventory_3000
Glibenclamide 1g,glibenclamide-1g-injection,,Glibenclamide,,,injection,1g,,,POM,,,draft,0,,,true,100,20,B12364,2028-12-30,Bulk import: inventory_3000
Glimepiride 1g,glimepiride-1g-injection,,Glimepiride,,,injection,1g,,,POM,,,draft,0,,,true,100,20,B12365,2028-12-30,Bulk import: inventory_3000
Levothyroxine 1g,levothyroxine-1g-injection,,Levothyroxine,,,injection,1g,,,POM,,,draft,0,,,true,100,20,B12366,2028-12-30,Bulk import: inventory_3000
Carbimazole 1g,carbimazole-1g-injection,,Carbimazole,,,injection,1g,,,POM,,,draft,0,,,true,100,20,B12367,2028-12-30,Bulk import: inventory_3000
Folic Acid 1g,folic-acid-1g-injection,,Folic Acid,,,injection,1g,,,POM,,,draft,0,,,true,100,20,B12368,2028-12-30,Bulk import: inventory_3000
Oxytocin 1g,oxytocin-1g-injection,,Oxytocin,,,injection,1g,,,POM,,,draft,0,,,true,100,20,B12369,2028-12-30,Bulk import: inventory_3000
Misoprostol 1g,misoprostol-1g-injection,,Misoprostol,,,injection,1g,,,POM,,,draft,0,,,true,100,20,B12370,2028-12-30,Bulk import: inventory_3000
Magnesium Sulfate 1g,magnesium-sulfate-1g-injection,,Magnesium Sulfate,,,injection,1g,,,POM,,,draft,0,,,true,100,20,B12371,2028-12-30,Bulk import: inventory_3000
Amitriptyline 1g,amitriptyline-1g-injection,,Amitriptyline,,,injection,1g,,,POM,,,draft,0,,,true,100,20,B12372,2028-12-30,Bulk import: inventory_3000
Fluoxetine 1g,fluoxetine-1g-injection,,Fluoxetine,,,injection,1g,,,POM,,,draft,0,,,true,100,20,B12373,2028-12-30,Bulk import: inventory_3000
Haloperidol 1g,haloperidol-1g-injection,,Haloperidol,,,injection,1g,,,POM,,,draft,0,,,true,100,20,B12374,2028-12-30,Bulk import: inventory_3000
Chlorpromazine 1g,chlorpromazine-1g-injection,,Chlorpromazine,,,injection,1g,,,POM,,,draft,0,,,true,100,20,B12375,2028-12-30,Bulk import: inventory_3000
Halothane 5mg,halothane-5mg-syrup,,Halothane,,,syrup,5mg,,,POM,,,draft,0,,,true,100,20,B12376,2028-12-30,Bulk import: inventory_3000
Ketamine 5mg,ketamine-5mg-syrup,,Ketamine,,,syrup,5mg,,,POM,,,draft,0,,,true,100,20,B12377,2028-12-30,Bulk import: inventory_3000
Nitrous oxide 5mg,nitrous-oxide-5mg-syrup,,Nitrous oxide,,,syrup,5mg,,,POM,,,draft,0,,,true,100,20,B12378,2028-12-30,Bulk import: inventory_3000
Oxygen 5mg,oxygen-5mg-syrup,,Oxygen,,,syrup,5mg,,,POM,,,draft,0,,,true,100,20,B12379,2028-12-30,Bulk import: inventory_3000
Atropine 5mg,atropine-5mg-syrup,,Atropine,,,syrup,5mg,,,POM,,,draft,0,,,true,100,20,B12380,2028-12-30,Bulk import: inventory_3000
Diazepam 5mg,diazepam-5mg-syrup,,Diazepam,,,syrup,5mg,,,POM,,,draft,0,,,true,100,20,B12381,2028-12-30,Bulk import: inventory_3000
Hyoscine N-Butylbromide 5mg,hyoscine-n-butylbromide-5mg-syrup,,Hyoscine N-Butylbromide,,,syrup,5mg,,,POM,,,draft,0,,,true,100,20,B12382,2028-12-30,Bulk import: inventory_3000
Midazolam 5mg,midazolam-5mg-syrup,,Midazolam,,,syrup,5mg,,,POM,,,draft,0,,,true,100,20,B12383,2028-12-30,Bulk import: inventory_3000
Morphine 5mg,morphine-5mg-syrup,,Morphine,,,syrup,5mg,,,POM,,,draft,0,,,true,100,20,B12384,2028-12-30,Bulk import: inventory_3000
Promethazine 5mg,promethazine-5mg-syrup,,Promethazine,,,syrup,5mg,,,POM,,,draft,0,,,true,200,20,B12385,2028-12-30,Bulk import: inventory_3000
Atracurium 5mg,atracurium-5mg-syrup,,Atracurium,,,syrup,5mg,,,POM,,,draft,0,,,true,100,20,B12387,2028-12-30,Bulk import: inventory_3000
Neostigmine 5mg,neostigmine-5mg-syrup,,Neostigmine,,,syrup,5mg,,,POM,,,draft,0,,,true,100,20,B12388,2028-12-30,Bulk import: inventory_3000
Suxamethonium 5mg,suxamethonium-5mg-syrup,,Suxamethonium,,,syrup,5mg,,,POM,,,draft,0,,,true,100,20,B12389,2028-12-30,Bulk import: inventory_3000
Propofol 5mg,propofol-5mg-syrup,,Propofol,,,syrup,5mg,,,POM,,,draft,0,,,true,100,20,B12390,2028-12-30,Bulk import: inventory_3000
Lidocaine 5mg,lidocaine-5mg-syrup,,Lidocaine,,,syrup,5mg,,,POM,,,draft,0,,,true,100,20,B12391,2028-12-30,Bulk import: inventory_3000
Bupivacaine 5mg,bupivacaine-5mg-syrup,,Bupivacaine,,,syrup,5mg,,,POM,,,draft,0,,,true,100,20,B12392,2028-12-30,Bulk import: inventory_3000
Pentazocine 5mg,pentazocine-5mg-syrup,,Pentazocine,,,syrup,5mg,,,POM,,,draft,0,,,true,100,20,B12393,2028-12-30,Bulk import: inventory_3000
Pethidine 5mg,pethidine-5mg-syrup,,Pethidine,,,syrup,5mg,,,POM,,,draft,0,,,true,100,20,B12394,2028-12-30,Bulk import: inventory_3000
Tramadol 5mg,tramadol-5mg-syrup,,Tramadol,,,syrup,5mg,,,POM,,,draft,0,,,true,100,20,B12395,2028-12-30,Bulk import: inventory_3000
Acetylsalicylic Acid 5mg,acetylsalicylic-acid-5mg-syrup,,Acetylsalicylic Acid,,,syrup,5mg,,,POM,,,draft,0,,,true,100,20,B12396,2028-12-30,Bulk import: inventory_3000
Paracetamol 5mg,paracetamol-5mg-syrup,,Paracetamol,,,syrup,5mg,,,POM,,,draft,0,,,true,300,20,B12397,2028-12-30,Bulk import: inventory_3000
Allopurinol 5mg,allopurinol-5mg-syrup,,Allopurinol,,,syrup,5mg,,,POM,,,draft,0,,,true,100,20,B12400,2028-12-30,Bulk import: inventory_3000
Diclofenac Sodium 5mg,diclofenac-sodium-5mg-syrup,,Diclofenac Sodium,,,syrup,5mg,,,POM,,,draft,0,,,true,200,20,B12401,2028-12-30,Bulk import: inventory_3000
Ibuprofen 5mg,ibuprofen-5mg-syrup,,Ibuprofen,,,syrup,5mg,,,POM,,,draft,0,,,true,200,20,B12403,2028-12-30,Bulk import: inventory_3000
Naproxen 5mg,naproxen-5mg-syrup,,Naproxen,,,syrup,5mg,,,POM,,,draft,0,,,true,100,20,B12405,2028-12-30,Bulk import: inventory_3000
Piroxicam 5mg,piroxicam-5mg-syrup,,Piroxicam,,,syrup,5mg,,,POM,,,draft,0,,,true,100,20,B12406,2028-12-30,Bulk import: inventory_3000
Meloxicam 5mg,meloxicam-5mg-syrup,,Meloxicam,,,syrup,5mg,,,POM,,,draft,0,,,true,100,20,B12407,2028-12-30,Bulk import: inventory_3000
Naloxone 5mg,naloxone-5mg-syrup,,Naloxone,,,syrup,5mg,,,POM,,,draft,0,,,true,100,20,B12408,2028-12-30,Bulk import: inventory_3000
Chlorpheniramine 5mg,chlorpheniramine-5mg-syrup,,Chlorpheniramine,,,syrup,5mg,,,POM,,,draft,0,,,true,100,20,B12409,2028-12-30,Bulk import: inventory_3000
Hydrocortisone 5mg,hydrocortisone-5mg-syrup,,Hydrocortisone,,,syrup,5mg,,,POM,,,draft,0,,,true,100,20,B12410,2028-12-30,Bulk import: inventory_3000
Prednisolone 5mg,prednisolone-5mg-syrup,,Prednisolone,,,syrup,5mg,,,POM,,,draft,0,,,true,100,20,B12411,2028-12-30,Bulk import: inventory_3000
Phenobarbital 5mg,phenobarbital-5mg-syrup,,Phenobarbital,,,syrup,5mg,,,POM,,,draft,0,,,true,100,20,B12412,2028-12-30,Bulk import: inventory_3000
Phenytoin 5mg,phenytoin-5mg-syrup,,Phenytoin,,,syrup,5mg,,,POM,,,draft,0,,,true,100,20,B12413,2028-12-30,Bulk import: inventory_3000
Sodium Valproate 5mg,sodium-valproate-5mg-syrup,,Sodium Valproate,,,syrup,5mg,,,POM,,,draft,0,,,true,100,20,B12414,2028-12-30,Bulk import: inventory_3000
Carbamazepine 5mg,carbamazepine-5mg-syrup,,Carbamazepine,,,syrup,5mg,,,POM,,,draft,0,,,true,100,20,B12415,2028-12-30,Bulk import: inventory_3000
Amoxicillin 5mg,amoxicillin-5mg-syrup,,Amoxicillin,,,syrup,5mg,,,POM,,,draft,0,,,true,200,20,B12416,2028-12-30,Bulk import: inventory_3000
Ampicillin 5mg,ampicillin-5mg-syrup,,Ampicillin,,,syrup,5mg,,,POM,,,draft,0,,,true,100,20,B12418,2028-12-30,Bulk import: inventory_3000
Cloxacillin 5mg,cloxacillin-5mg-syrup,,Cloxacillin,,,syrup,5mg,,,POM,,,draft,0,,,true,100,20,B12419,2028-12-30,Bulk import: inventory_3000
Ceftriaxone 5mg,ceftriaxone-5mg-syrup,,Ceftriaxone,,,syrup,5mg,,,POM,,,draft,0,,,true,100,20,B12420,2028-12-30,Bulk import: inventory_3000
Cefuroxime 5mg,cefuroxime-5mg-syrup,,Cefuroxime,,,syrup,5mg,,,POM,,,draft,0,,,true,100,20,B12421,2028-12-30,Bulk import: inventory_3000
Azithromycin 5mg,azithromycin-5mg-syrup,,Azithromycin,,,syrup,5mg,,,POM,,,draft,0,,,true,100,20,B12422,2028-12-30,Bulk import: inventory_3000
Erythromycin 5mg,erythromycin-5mg-syrup,,Erythromycin,,,syrup,5mg,,,POM,,,draft,0,,,true,100,20,B12423,2028-12-30,Bulk import: inventory_3000
Ciprofloxacin 5mg,ciprofloxacin-5mg-syrup,,Ciprofloxacin,,,syrup,5mg,,,POM,,,draft,0,,,true,100,20,B12424,2028-12-30,Bulk import: inventory_3000
Metronidazole 5mg,metronidazole-5mg-syrup,,Metronidazole,,,syrup,5mg,,,POM,,,draft,0,,,true,200,20,B12425,2028-12-30,Bulk import: inventory_3000
Gentamicin 5mg,gentamicin-5mg-syrup,,Gentamicin,,,syrup,5mg,,,POM,,,draft,0,,,true,100,20,B12427,2028-12-30,Bulk import: inventory_3000
Doxycycline 5mg,doxycycline-5mg-syrup,,Doxycycline,,,syrup,5mg,,,POM,,,draft,0,,,true,100,20,B12428,2028-12-30,Bulk import: inventory_3000
Cotrimoxazole 5mg,cotrimoxazole-5mg-syrup,,Cotrimoxazole,,,syrup,5mg,,,POM,,,draft,0,,,true,100,20,B12429,2028-12-30,Bulk import: inventory_3000
Artemether + Lumefantrine 5mg,artemether-lumefantrine-5mg-syrup,,Artemether + Lumefantrine,,,syrup,5mg,,,POM,,,draft,0,,,true,100,20,B12430,2028-12-30,Bulk import: inventory_3000
Artesunate 5mg,artesunate-5mg-syrup,,Artesunate,,,syrup,5mg,,,POM,,,draft,0,,,true,100,20,B12431,2028-12-30,Bulk import: inventory_3000
Amodiaquine 5mg,amodiaquine-5mg-syrup,,Amodiaquine,,,syrup,5mg,,,POM,,,draft,0,,,true,100,20,B12432,2028-12-30,Bulk import: inventory_3000
Quinine 5mg,quinine-5mg-syrup,,Quinine,,,syrup,5mg,,,POM,,,draft,0,,,true,100,20,B12433,2028-12-30,Bulk import: inventory_3000
Fluconazole 5mg,fluconazole-5mg-syrup,,Fluconazole,,,syrup,5mg,,,POM,,,draft,0,,,true,100,20,B12434,2028-12-30,Bulk import: inventory_3000
Nystatin 5mg,nystatin-5mg-syrup,,Nystatin,,,syrup,5mg,,,POM,,,draft,0,,,true,100,20,B12435,2028-12-30,Bulk import: inventory_3000
Amlodipine 5mg,amlodipine-5mg-syrup,,Amlodipine,,,syrup,5mg,,,POM,,,draft,0,,,true,200,20,B12436,2028-12-30,Bulk import: inventory_3000
Lisinopril 5mg,lisinopril-5mg-syrup,,Lisinopril,,,syrup,5mg,,,POM,,,draft,0,,,true,200,20,B12438,2028-12-30,Bulk import: inventory_3000
Atenolol 5mg,atenolol-5mg-syrup,,Atenolol,,,syrup,5mg,,,POM,,,draft,0,,,true,100,20,B12440,2028-12-30,Bulk import: inventory_3000
Propranolol 5mg,propranolol-5mg-syrup,,Propranolol,,,syrup,5mg,,,POM,,,draft,0,,,true,100,20,B12441,2028-12-30,Bulk import: inventory_3000
Methyldopa 5mg,methyldopa-5mg-syrup,,Methyldopa,,,syrup,5mg,,,POM,,,draft,0,,,true,100,20,B12442,2028-12-30,Bulk import: inventory_3000
Hydralazine 5mg,hydralazine-5mg-syrup,,Hydralazine,,,syrup,5mg,,,POM,,,draft,0,,,true,100,20,B12443,2028-12-30,Bulk import: inventory_3000
Glyceryl Trinitrate 5mg,glyceryl-trinitrate-5mg-syrup,,Glyceryl Trinitrate,,,syrup,5mg,,,POM,,,draft,0,,,true,100,20,B12444,2028-12-30,Bulk import: inventory_3000
Isosorbide Dinitrate 5mg,isosorbide-dinitrate-5mg-syrup,,Isosorbide Dinitrate,,,syrup,5mg,,,POM,,,draft,0,,,true,100,20,B12445,2028-12-30,Bulk import: inventory_3000
Digoxin 5mg,digoxin-5mg-syrup,,Digoxin,,,syrup,5mg,,,POM,,,draft,0,,,true,100,20,B12446,2028-12-30,Bulk import: inventory_3000
Furosemide 5mg,furosemide-5mg-syrup,,Furosemide,,,syrup,5mg,,,POM,,,draft,0,,,true,200,20,B12447,2028-12-30,Bulk import: inventory_3000
Hydrochlorothiazide 5mg,hydrochlorothiazide-5mg-syrup,,Hydrochlorothiazide,,,syrup,5mg,,,POM,,,draft,0,,,true,100,20,B12449,2028-12-30,Bulk import: inventory_3000
Spironolactone 5mg,spironolactone-5mg-syrup,,Spironolactone,,,syrup,5mg,,,POM,,,draft,0,,,true,100,20,B12450,2028-12-30,Bulk import: inventory_3000
Atorvastatin 5mg,atorvastatin-5mg-syrup,,Atorvastatin,,,syrup,5mg,,,POM,,,draft,0,,,true,100,20,B12451,2028-12-30,Bulk import: inventory_3000
Simvastatin 5mg,simvastatin-5mg-syrup,,Simvastatin,,,syrup,5mg,,,POM,,,draft,0,,,true,100,20,B12452,2028-12-30,Bulk import: inventory_3000
Salbutamol 5mg,salbutamol-5mg-syrup,,Salbutamol,,,syrup,5mg,,,POM,,,draft,0,,,true,200,20,B12453,2028-12-30,Bulk import: inventory_3000
Aminophylline 5mg,aminophylline-5mg-syrup,,Aminophylline,,,syrup,5mg,,,POM,,,draft,0,,,true,100,20,B12455,2028-12-30,Bulk import: inventory_3000
Omeprazole 5mg,omeprazole-5mg-syrup,,Omeprazole,,,syrup,5mg,,,POM,,,draft,0,,,true,100,20,B12456,2028-12-30,Bulk import: inventory_3000
Cimetidine 5mg,cimetidine-5mg-syrup,,Cimetidine,,,syrup,5mg,,,POM,,,draft,0,,,true,100,20,B12457,2028-12-30,Bulk import: inventory_3000
Metoclopramide 5mg,metoclopramide-5mg-syrup,,Metoclopramide,,,syrup,5mg,,,POM,,,draft,0,,,true,100,20,B12458,2028-12-30,Bulk import: inventory_3000
Zinc Sulfate 5mg,zinc-sulfate-5mg-syrup,,Zinc Sulfate,,,syrup,5mg,,,POM,,,draft,0,,,true,100,20,B12459,2028-12-30,Bulk import: inventory_3000
Bisacodyl 5mg,bisacodyl-5mg-syrup,,Bisacodyl,,,syrup,5mg,,,POM,,,draft,0,,,true,100,20,B12460,2028-12-30,Bulk import: inventory_3000
Metformin 5mg,metformin-5mg-syrup,,Metformin,,,syrup,5mg,,,POM,,,draft,0,,,true,200,20,B12461,2028-12-30,Bulk import: inventory_3000
Glibenclamide 5mg,glibenclamide-5mg-syrup,,Glibenclamide,,,syrup,5mg,,,POM,,,draft,0,,,true,100,20,B12463,2028-12-30,Bulk import: inventory_3000
Glimepiride 5mg,glimepiride-5mg-syrup,,Glimepiride,,,syrup,5mg,,,POM,,,draft,0,,,true,100,20,B12464,2028-12-30,Bulk import: inventory_3000
Levothyroxine 5mg,levothyroxine-5mg-syrup,,Levothyroxine,,,syrup,5mg,,,POM,,,draft,0,,,true,100,20,B12465,2028-12-30,Bulk import: inventory_3000
Carbimazole 5mg,carbimazole-5mg-syrup,,Carbimazole,,,syrup,5mg,,,POM,,,draft,0,,,true,100,20,B12466,2028-12-30,Bulk import: inventory_3000
Folic Acid 5mg,folic-acid-5mg-syrup,,Folic Acid,,,syrup,5mg,,,POM,,,draft,0,,,true,100,20,B12467,2028-12-30,Bulk import: inventory_3000
Oxytocin 5mg,oxytocin-5mg-syrup,,Oxytocin,,,syrup,5mg,,,POM,,,draft,0,,,true,100,20,B12468,2028-12-30,Bulk import: inventory_3000
Misoprostol 5mg,misoprostol-5mg-syrup,,Misoprostol,,,syrup,5mg,,,POM,,,draft,0,,,true,100,20,B12469,2028-12-30,Bulk import: inventory_3000
Magnesium Sulfate 5mg,magnesium-sulfate-5mg-syrup,,Magnesium Sulfate,,,syrup,5mg,,,POM,,,draft,0,,,true,100,20,B12470,2028-12-30,Bulk import: inventory_3000
Amitriptyline 5mg,amitriptyline-5mg-syrup,,Amitriptyline,,,syrup,5mg,,,POM,,,draft,0,,,true,100,20,B12471,2028-12-30,Bulk import: inventory_3000
Fluoxetine 5mg,fluoxetine-5mg-syrup,,Fluoxetine,,,syrup,5mg,,,POM,,,draft,0,,,true,100,20,B12472,2028-12-30,Bulk import: inventory_3000
Haloperidol 5mg,haloperidol-5mg-syrup,,Haloperidol,,,syrup,5mg,,,POM,,,draft,0,,,true,100,20,B12473,2028-12-30,Bulk import: inventory_3000
Chlorpromazine 5mg,chlorpromazine-5mg-syrup,,Chlorpromazine,,,syrup,5mg,,,POM,,,draft,0,,,true,100,20,B12474,2028-12-30,Bulk import: inventory_3000
Halothane 10mg,halothane-10mg-syrup,,Halothane,,,syrup,10mg,,,POM,,,draft,0,,,true,100,20,B12475,2028-12-30,Bulk import: inventory_3000
Ketamine 10mg,ketamine-10mg-syrup,,Ketamine,,,syrup,10mg,,,POM,,,draft,0,,,true,100,20,B12476,2028-12-30,Bulk import: inventory_3000
Nitrous oxide 10mg,nitrous-oxide-10mg-syrup,,Nitrous oxide,,,syrup,10mg,,,POM,,,draft,0,,,true,100,20,B12477,2028-12-30,Bulk import: inventory_3000
Oxygen 10mg,oxygen-10mg-syrup,,Oxygen,,,syrup,10mg,,,POM,,,draft,0,,,true,100,20,B12478,2028-12-30,Bulk import: inventory_3000
Atropine 10mg,atropine-10mg-syrup,,Atropine,,,syrup,10mg,,,POM,,,draft,0,,,true,100,20,B12479,2028-12-30,Bulk import: inventory_3000
Diazepam 10mg,diazepam-10mg-syrup,,Diazepam,,,syrup,10mg,,,POM,,,draft,0,,,true,100,20,B12480,2028-12-30,Bulk import: inventory_3000
Hyoscine N-Butylbromide 10mg,hyoscine-n-butylbromide-10mg-syrup,,Hyoscine N-Butylbromide,,,syrup,10mg,,,POM,,,draft,0,,,true,100,20,B12481,2028-12-30,Bulk import: inventory_3000
Midazolam 10mg,midazolam-10mg-syrup,,Midazolam,,,syrup,10mg,,,POM,,,draft,0,,,true,100,20,B12482,2028-12-30,Bulk import: inventory_3000
Morphine 10mg,morphine-10mg-syrup,,Morphine,,,syrup,10mg,,,POM,,,draft,0,,,true,100,20,B12483,2028-12-30,Bulk import: inventory_3000
Promethazine 10mg,promethazine-10mg-syrup,,Promethazine,,,syrup,10mg,,,POM,,,draft,0,,,true,200,20,B12484,2028-12-30,Bulk import: inventory_3000
Atracurium 10mg,atracurium-10mg-syrup,,Atracurium,,,syrup,10mg,,,POM,,,draft,0,,,true,100,20,B12486,2028-12-30,Bulk import: inventory_3000
Neostigmine 10mg,neostigmine-10mg-syrup,,Neostigmine,,,syrup,10mg,,,POM,,,draft,0,,,true,100,20,B12487,2028-12-30,Bulk import: inventory_3000
Suxamethonium 10mg,suxamethonium-10mg-syrup,,Suxamethonium,,,syrup,10mg,,,POM,,,draft,0,,,true,100,20,B12488,2028-12-30,Bulk import: inventory_3000
Propofol 10mg,propofol-10mg-syrup,,Propofol,,,syrup,10mg,,,POM,,,draft,0,,,true,100,20,B12489,2028-12-30,Bulk import: inventory_3000
Lidocaine 10mg,lidocaine-10mg-syrup,,Lidocaine,,,syrup,10mg,,,POM,,,draft,0,,,true,100,20,B12490,2028-12-30,Bulk import: inventory_3000
Bupivacaine 10mg,bupivacaine-10mg-syrup,,Bupivacaine,,,syrup,10mg,,,POM,,,draft,0,,,true,100,20,B12491,2028-12-30,Bulk import: inventory_3000
Pentazocine 10mg,pentazocine-10mg-syrup,,Pentazocine,,,syrup,10mg,,,POM,,,draft,0,,,true,100,20,B12492,2028-12-30,Bulk import: inventory_3000
Pethidine 10mg,pethidine-10mg-syrup,,Pethidine,,,syrup,10mg,,,POM,,,draft,0,,,true,100,20,B12493,2028-12-30,Bulk import: inventory_3000
Tramadol 10mg,tramadol-10mg-syrup,,Tramadol,,,syrup,10mg,,,POM,,,draft,0,,,true,100,20,B12494,2028-12-30,Bulk import: inventory_3000
Acetylsalicylic Acid 10mg,acetylsalicylic-acid-10mg-syrup,,Acetylsalicylic Acid,,,syrup,10mg,,,POM,,,draft,0,,,true,100,20,B12495,2028-12-30,Bulk import: inventory_3000
Paracetamol 10mg,paracetamol-10mg-syrup,,Paracetamol,,,syrup,10mg,,,POM,,,draft,0,,,true,300,20,B12496,2028-12-30,Bulk import: inventory_3000
Allopurinol 10mg,allopurinol-10mg-syrup,,Allopurinol,,,syrup,10mg,,,POM,,,draft,0,,,true,100,20,B12499,2028-12-30,Bulk import: inventory_3000
Diclofenac Sodium 10mg,diclofenac-sodium-10mg-syrup,,Diclofenac Sodium,,,syrup,10mg,,,POM,,,draft,0,,,true,200,20,B12500,2028-12-30,Bulk import: inventory_3000
Ibuprofen 10mg,ibuprofen-10mg-syrup,,Ibuprofen,,,syrup,10mg,,,POM,,,draft,0,,,true,200,20,B12502,2028-12-30,Bulk import: inventory_3000
Naproxen 10mg,naproxen-10mg-syrup,,Naproxen,,,syrup,10mg,,,POM,,,draft,0,,,true,100,20,B12504,2028-12-30,Bulk import: inventory_3000
Piroxicam 10mg,piroxicam-10mg-syrup,,Piroxicam,,,syrup,10mg,,,POM,,,draft,0,,,true,100,20,B12505,2028-12-30,Bulk import: inventory_3000
Meloxicam 10mg,meloxicam-10mg-syrup,,Meloxicam,,,syrup,10mg,,,POM,,,draft,0,,,true,100,20,B12506,2028-12-30,Bulk import: inventory_3000
Naloxone 10mg,naloxone-10mg-syrup,,Naloxone,,,syrup,10mg,,,POM,,,draft,0,,,true,100,20,B12507,2028-12-30,Bulk import: inventory_3000
Chlorpheniramine 10mg,chlorpheniramine-10mg-syrup,,Chlorpheniramine,,,syrup,10mg,,,POM,,,draft,0,,,true,100,20,B12508,2028-12-30,Bulk import: inventory_3000
Hydrocortisone 10mg,hydrocortisone-10mg-syrup,,Hydrocortisone,,,syrup,10mg,,,POM,,,draft,0,,,true,100,20,B12509,2028-12-30,Bulk import: inventory_3000
Prednisolone 10mg,prednisolone-10mg-syrup,,Prednisolone,,,syrup,10mg,,,POM,,,draft,0,,,true,100,20,B12510,2028-12-30,Bulk import: inventory_3000
Phenobarbital 10mg,phenobarbital-10mg-syrup,,Phenobarbital,,,syrup,10mg,,,POM,,,draft,0,,,true,100,20,B12511,2028-12-30,Bulk import: inventory_3000
Phenytoin 10mg,phenytoin-10mg-syrup,,Phenytoin,,,syrup,10mg,,,POM,,,draft,0,,,true,100,20,B12512,2028-12-30,Bulk import: inventory_3000
Sodium Valproate 10mg,sodium-valproate-10mg-syrup,,Sodium Valproate,,,syrup,10mg,,,POM,,,draft,0,,,true,100,20,B12513,2028-12-30,Bulk import: inventory_3000
Carbamazepine 10mg,carbamazepine-10mg-syrup,,Carbamazepine,,,syrup,10mg,,,POM,,,draft,0,,,true,100,20,B12514,2028-12-30,Bulk import: inventory_3000
Amoxicillin 10mg,amoxicillin-10mg-syrup,,Amoxicillin,,,syrup,10mg,,,POM,,,draft,0,,,true,200,20,B12515,2028-12-30,Bulk import: inventory_3000
Ampicillin 10mg,ampicillin-10mg-syrup,,Ampicillin,,,syrup,10mg,,,POM,,,draft,0,,,true,100,20,B12517,2028-12-30,Bulk import: inventory_3000
Cloxacillin 10mg,cloxacillin-10mg-syrup,,Cloxacillin,,,syrup,10mg,,,POM,,,draft,0,,,true,100,20,B12518,2028-12-30,Bulk import: inventory_3000
Ceftriaxone 10mg,ceftriaxone-10mg-syrup,,Ceftriaxone,,,syrup,10mg,,,POM,,,draft,0,,,true,100,20,B12519,2028-12-30,Bulk import: inventory_3000
Cefuroxime 10mg,cefuroxime-10mg-syrup,,Cefuroxime,,,syrup,10mg,,,POM,,,draft,0,,,true,100,20,B12520,2028-12-30,Bulk import: inventory_3000
Azithromycin 10mg,azithromycin-10mg-syrup,,Azithromycin,,,syrup,10mg,,,POM,,,draft,0,,,true,100,20,B12521,2028-12-30,Bulk import: inventory_3000
Erythromycin 10mg,erythromycin-10mg-syrup,,Erythromycin,,,syrup,10mg,,,POM,,,draft,0,,,true,100,20,B12522,2028-12-30,Bulk import: inventory_3000
Ciprofloxacin 10mg,ciprofloxacin-10mg-syrup,,Ciprofloxacin,,,syrup,10mg,,,POM,,,draft,0,,,true,100,20,B12523,2028-12-30,Bulk import: inventory_3000
Metronidazole 10mg,metronidazole-10mg-syrup,,Metronidazole,,,syrup,10mg,,,POM,,,draft,0,,,true,200,20,B12524,2028-12-30,Bulk import: inventory_3000
Gentamicin 10mg,gentamicin-10mg-syrup,,Gentamicin,,,syrup,10mg,,,POM,,,draft,0,,,true,100,20,B12526,2028-12-30,Bulk import: inventory_3000
Doxycycline 10mg,doxycycline-10mg-syrup,,Doxycycline,,,syrup,10mg,,,POM,,,draft,0,,,true,100,20,B12527,2028-12-30,Bulk import: inventory_3000
Cotrimoxazole 10mg,cotrimoxazole-10mg-syrup,,Cotrimoxazole,,,syrup,10mg,,,POM,,,draft,0,,,true,100,20,B12528,2028-12-30,Bulk import: inventory_3000
Artemether + Lumefantrine 10mg,artemether-lumefantrine-10mg-syrup,,Artemether + Lumefantrine,,,syrup,10mg,,,POM,,,draft,0,,,true,100,20,B12529,2028-12-30,Bulk import: inventory_3000
Artesunate 10mg,artesunate-10mg-syrup,,Artesunate,,,syrup,10mg,,,POM,,,draft,0,,,true,100,20,B12530,2028-12-30,Bulk import: inventory_3000
Amodiaquine 10mg,amodiaquine-10mg-syrup,,Amodiaquine,,,syrup,10mg,,,POM,,,draft,0,,,true,100,20,B12531,2028-12-30,Bulk import: inventory_3000
Quinine 10mg,quinine-10mg-syrup,,Quinine,,,syrup,10mg,,,POM,,,draft,0,,,true,100,20,B12532,2028-12-30,Bulk import: inventory_3000
Fluconazole 10mg,fluconazole-10mg-syrup,,Fluconazole,,,syrup,10mg,,,POM,,,draft,0,,,true,100,20,B12533,2028-12-30,Bulk import: inventory_3000
Nystatin 10mg,nystatin-10mg-syrup,,Nystatin,,,syrup,10mg,,,POM,,,draft,0,,,true,100,20,B12534,2028-12-30,Bulk import: inventory_3000
Amlodipine 10mg,amlodipine-10mg-syrup,,Amlodipine,,,syrup,10mg,,,POM,,,draft,0,,,true,200,20,B12535,2028-12-30,Bulk import: inventory_3000
Lisinopril 10mg,lisinopril-10mg-syrup,,Lisinopril,,,syrup,10mg,,,POM,,,draft,0,,,true,200,20,B12537,2028-12-30,Bulk import: inventory_3000
Atenolol 10mg,atenolol-10mg-syrup,,Atenolol,,,syrup,10mg,,,POM,,,draft,0,,,true,100,20,B12539,2028-12-30,Bulk import: inventory_3000
Propranolol 10mg,propranolol-10mg-syrup,,Propranolol,,,syrup,10mg,,,POM,,,draft,0,,,true,100,20,B12540,2028-12-30,Bulk import: inventory_3000
Methyldopa 10mg,methyldopa-10mg-syrup,,Methyldopa,,,syrup,10mg,,,POM,,,draft,0,,,true,100,20,B12541,2028-12-30,Bulk import: inventory_3000
Hydralazine 10mg,hydralazine-10mg-syrup,,Hydralazine,,,syrup,10mg,,,POM,,,draft,0,,,true,100,20,B12542,2028-12-30,Bulk import: inventory_3000
Glyceryl Trinitrate 10mg,glyceryl-trinitrate-10mg-syrup,,Glyceryl Trinitrate,,,syrup,10mg,,,POM,,,draft,0,,,true,100,20,B12543,2028-12-30,Bulk import: inventory_3000
Isosorbide Dinitrate 10mg,isosorbide-dinitrate-10mg-syrup,,Isosorbide Dinitrate,,,syrup,10mg,,,POM,,,draft,0,,,true,100,20,B12544,2028-12-30,Bulk import: inventory_3000
Digoxin 10mg,digoxin-10mg-syrup,,Digoxin,,,syrup,10mg,,,POM,,,draft,0,,,true,100,20,B12545,2028-12-30,Bulk import: inventory_3000
Furosemide 10mg,furosemide-10mg-syrup,,Furosemide,,,syrup,10mg,,,POM,,,draft,0,,,true,200,20,B12546,2028-12-30,Bulk import: inventory_3000
Hydrochlorothiazide 10mg,hydrochlorothiazide-10mg-syrup,,Hydrochlorothiazide,,,syrup,10mg,,,POM,,,draft,0,,,true,100,20,B12548,2028-12-30,Bulk import: inventory_3000
Spironolactone 10mg,spironolactone-10mg-syrup,,Spironolactone,,,syrup,10mg,,,POM,,,draft,0,,,true,100,20,B12549,2028-12-30,Bulk import: inventory_3000
Atorvastatin 10mg,atorvastatin-10mg-syrup,,Atorvastatin,,,syrup,10mg,,,POM,,,draft,0,,,true,100,20,B12550,2028-12-30,Bulk import: inventory_3000
Simvastatin 10mg,simvastatin-10mg-syrup,,Simvastatin,,,syrup,10mg,,,POM,,,draft,0,,,true,100,20,B12551,2028-12-30,Bulk import: inventory_3000
Salbutamol 10mg,salbutamol-10mg-syrup,,Salbutamol,,,syrup,10mg,,,POM,,,draft,0,,,true,200,20,B12552,2028-12-30,Bulk import: inventory_3000
Aminophylline 10mg,aminophylline-10mg-syrup,,Aminophylline,,,syrup,10mg,,,POM,,,draft,0,,,true,100,20,B12554,2028-12-30,Bulk import: inventory_3000
Omeprazole 10mg,omeprazole-10mg-syrup,,Omeprazole,,,syrup,10mg,,,POM,,,draft,0,,,true,100,20,B12555,2028-12-30,Bulk import: inventory_3000
Cimetidine 10mg,cimetidine-10mg-syrup,,Cimetidine,,,syrup,10mg,,,POM,,,draft,0,,,true,100,20,B12556,2028-12-30,Bulk import: inventory_3000
Metoclopramide 10mg,metoclopramide-10mg-syrup,,Metoclopramide,,,syrup,10mg,,,POM,,,draft,0,,,true,100,20,B12557,2028-12-30,Bulk import: inventory_3000
Zinc Sulfate 10mg,zinc-sulfate-10mg-syrup,,Zinc Sulfate,,,syrup,10mg,,,POM,,,draft,0,,,true,100,20,B12558,2028-12-30,Bulk import: inventory_3000
Bisacodyl 10mg,bisacodyl-10mg-syrup,,Bisacodyl,,,syrup,10mg,,,POM,,,draft,0,,,true,100,20,B12559,2028-12-30,Bulk import: inventory_3000
Metformin 10mg,metformin-10mg-syrup,,Metformin,,,syrup,10mg,,,POM,,,draft,0,,,true,200,20,B12560,2028-12-30,Bulk import: inventory_3000
Glibenclamide 10mg,glibenclamide-10mg-syrup,,Glibenclamide,,,syrup,10mg,,,POM,,,draft,0,,,true,100,20,B12562,2028-12-30,Bulk import: inventory_3000
Glimepiride 10mg,glimepiride-10mg-syrup,,Glimepiride,,,syrup,10mg,,,POM,,,draft,0,,,true,100,20,B12563,2028-12-30,Bulk import: inventory_3000
Levothyroxine 10mg,levothyroxine-10mg-syrup,,Levothyroxine,,,syrup,10mg,,,POM,,,draft,0,,,true,100,20,B12564,2028-12-30,Bulk import: inventory_3000
Carbimazole 10mg,carbimazole-10mg-syrup,,Carbimazole,,,syrup,10mg,,,POM,,,draft,0,,,true,100,20,B12565,2028-12-30,Bulk import: inventory_3000
Folic Acid 10mg,folic-acid-10mg-syrup,,Folic Acid,,,syrup,10mg,,,POM,,,draft,0,,,true,100,20,B12566,2028-12-30,Bulk import: inventory_3000
Oxytocin 10mg,oxytocin-10mg-syrup,,Oxytocin,,,syrup,10mg,,,POM,,,draft,0,,,true,100,20,B12567,2028-12-30,Bulk import: inventory_3000
Misoprostol 10mg,misoprostol-10mg-syrup,,Misoprostol,,,syrup,10mg,,,POM,,,draft,0,,,true,100,20,B12568,2028-12-30,Bulk import: inventory_3000
Magnesium Sulfate 10mg,magnesium-sulfate-10mg-syrup,,Magnesium Sulfate,,,syrup,10mg,,,POM,,,draft,0,,,true,100,20,B12569,2028-12-30,Bulk import: inventory_3000
Amitriptyline 10mg,amitriptyline-10mg-syrup,,Amitriptyline,,,syrup,10mg,,,POM,,,draft,0,,,true,100,20,B12570,2028-12-30,Bulk import: inventory_3000
Fluoxetine 10mg,fluoxetine-10mg-syrup,,Fluoxetine,,,syrup,10mg,,,POM,,,draft,0,,,true,100,20,B12571,2028-12-30,Bulk import: inventory_3000
Haloperidol 10mg,haloperidol-10mg-syrup,,Haloperidol,,,syrup,10mg,,,POM,,,draft,0,,,true,100,20,B12572,2028-12-30,Bulk import: inventory_3000
Chlorpromazine 10mg,chlorpromazine-10mg-syrup,,Chlorpromazine,,,syrup,10mg,,,POM,,,draft,0,,,true,100,20,B12573,2028-12-30,Bulk import: inventory_3000
Halothane 20mg,halothane-20mg-syrup,,Halothane,,,syrup,20mg,,,POM,,,draft,0,,,true,100,20,B12574,2028-12-30,Bulk import: inventory_3000
Ketamine 20mg,ketamine-20mg-syrup,,Ketamine,,,syrup,20mg,,,POM,,,draft,0,,,true,100,20,B12575,2028-12-30,Bulk import: inventory_3000
Nitrous oxide 20mg,nitrous-oxide-20mg-syrup,,Nitrous oxide,,,syrup,20mg,,,POM,,,draft,0,,,true,100,20,B12576,2028-12-30,Bulk import: inventory_3000
Oxygen 20mg,oxygen-20mg-syrup,,Oxygen,,,syrup,20mg,,,POM,,,draft,0,,,true,100,20,B12577,2028-12-30,Bulk import: inventory_3000
Atropine 20mg,atropine-20mg-syrup,,Atropine,,,syrup,20mg,,,POM,,,draft,0,,,true,100,20,B12578,2028-12-30,Bulk import: inventory_3000
Diazepam 20mg,diazepam-20mg-syrup,,Diazepam,,,syrup,20mg,,,POM,,,draft,0,,,true,100,20,B12579,2028-12-30,Bulk import: inventory_3000
Hyoscine N-Butylbromide 20mg,hyoscine-n-butylbromide-20mg-syrup,,Hyoscine N-Butylbromide,,,syrup,20mg,,,POM,,,draft,0,,,true,100,20,B12580,2028-12-30,Bulk import: inventory_3000
Midazolam 20mg,midazolam-20mg-syrup,,Midazolam,,,syrup,20mg,,,POM,,,draft,0,,,true,100,20,B12581,2028-12-30,Bulk import: inventory_3000
Morphine 20mg,morphine-20mg-syrup,,Morphine,,,syrup,20mg,,,POM,,,draft,0,,,true,100,20,B12582,2028-12-30,Bulk import: inventory_3000
Promethazine 20mg,promethazine-20mg-syrup,,Promethazine,,,syrup,20mg,,,POM,,,draft,0,,,true,200,20,B12583,2028-12-30,Bulk import: inventory_3000
Atracurium 20mg,atracurium-20mg-syrup,,Atracurium,,,syrup,20mg,,,POM,,,draft,0,,,true,100,20,B12585,2028-12-30,Bulk import: inventory_3000
Neostigmine 20mg,neostigmine-20mg-syrup,,Neostigmine,,,syrup,20mg,,,POM,,,draft,0,,,true,100,20,B12586,2028-12-30,Bulk import: inventory_3000
Suxamethonium 20mg,suxamethonium-20mg-syrup,,Suxamethonium,,,syrup,20mg,,,POM,,,draft,0,,,true,100,20,B12587,2028-12-30,Bulk import: inventory_3000
Propofol 20mg,propofol-20mg-syrup,,Propofol,,,syrup,20mg,,,POM,,,draft,0,,,true,100,20,B12588,2028-12-30,Bulk import: inventory_3000
Lidocaine 20mg,lidocaine-20mg-syrup,,Lidocaine,,,syrup,20mg,,,POM,,,draft,0,,,true,100,20,B12589,2028-12-30,Bulk import: inventory_3000
Bupivacaine 20mg,bupivacaine-20mg-syrup,,Bupivacaine,,,syrup,20mg,,,POM,,,draft,0,,,true,100,20,B12590,2028-12-30,Bulk import: inventory_3000
Pentazocine 20mg,pentazocine-20mg-syrup,,Pentazocine,,,syrup,20mg,,,POM,,,draft,0,,,true,100,20,B12591,2028-12-30,Bulk import: inventory_3000
Pethidine 20mg,pethidine-20mg-syrup,,Pethidine,,,syrup,20mg,,,POM,,,draft,0,,,true,100,20,B12592,2028-12-30,Bulk import: inventory_3000
Tramadol 20mg,tramadol-20mg-syrup,,Tramadol,,,syrup,20mg,,,POM,,,draft,0,,,true,100,20,B12593,2028-12-30,Bulk import: inventory_3000
Acetylsalicylic Acid 20mg,acetylsalicylic-acid-20mg-syrup,,Acetylsalicylic Acid,,,syrup,20mg,,,POM,,,draft,0,,,true,100,20,B12594,2028-12-30,Bulk import: inventory_3000
Paracetamol 20mg,paracetamol-20mg-syrup,,Paracetamol,,,syrup,20mg,,,POM,,,draft,0,,,true,300,20,B12595,2028-12-30,Bulk import: inventory_3000
Allopurinol 20mg,allopurinol-20mg-syrup,,Allopurinol,,,syrup,20mg,,,POM,,,draft,0,,,true,100,20,B12598,2028-12-30,Bulk import: inventory_3000
Diclofenac Sodium 20mg,diclofenac-sodium-20mg-syrup,,Diclofenac Sodium,,,syrup,20mg,,,POM,,,draft,0,,,true,200,20,B12599,2028-12-30,Bulk import: inventory_3000
Ibuprofen 20mg,ibuprofen-20mg-syrup,,Ibuprofen,,,syrup,20mg,,,POM,,,draft,0,,,true,200,20,B12601,2028-12-30,Bulk import: inventory_3000
Naproxen 20mg,naproxen-20mg-syrup,,Naproxen,,,syrup,20mg,,,POM,,,draft,0,,,true,100,20,B12603,2028-12-30,Bulk import: inventory_3000
Piroxicam 20mg,piroxicam-20mg-syrup,,Piroxicam,,,syrup,20mg,,,POM,,,draft,0,,,true,100,20,B12604,2028-12-30,Bulk import: inventory_3000
Meloxicam 20mg,meloxicam-20mg-syrup,,Meloxicam,,,syrup,20mg,,,POM,,,draft,0,,,true,100,20,B12605,2028-12-30,Bulk import: inventory_3000
Naloxone 20mg,naloxone-20mg-syrup,,Naloxone,,,syrup,20mg,,,POM,,,draft,0,,,true,100,20,B12606,2028-12-30,Bulk import: inventory_3000
Chlorpheniramine 20mg,chlorpheniramine-20mg-syrup,,Chlorpheniramine,,,syrup,20mg,,,POM,,,draft,0,,,true,100,20,B12607,2028-12-30,Bulk import: inventory_3000
Hydrocortisone 20mg,hydrocortisone-20mg-syrup,,Hydrocortisone,,,syrup,20mg,,,POM,,,draft,0,,,true,100,20,B12608,2028-12-30,Bulk import: inventory_3000
Prednisolone 20mg,prednisolone-20mg-syrup,,Prednisolone,,,syrup,20mg,,,POM,,,draft,0,,,true,100,20,B12609,2028-12-30,Bulk import: inventory_3000
Phenobarbital 20mg,phenobarbital-20mg-syrup,,Phenobarbital,,,syrup,20mg,,,POM,,,draft,0,,,true,100,20,B12610,2028-12-30,Bulk import: inventory_3000
Phenytoin 20mg,phenytoin-20mg-syrup,,Phenytoin,,,syrup,20mg,,,POM,,,draft,0,,,true,100,20,B12611,2028-12-30,Bulk import: inventory_3000
Sodium Valproate 20mg,sodium-valproate-20mg-syrup,,Sodium Valproate,,,syrup,20mg,,,POM,,,draft,0,,,true,100,20,B12612,2028-12-30,Bulk import: inventory_3000
Carbamazepine 20mg,carbamazepine-20mg-syrup,,Carbamazepine,,,syrup,20mg,,,POM,,,draft,0,,,true,100,20,B12613,2028-12-30,Bulk import: inventory_3000
Amoxicillin 20mg,amoxicillin-20mg-syrup,,Amoxicillin,,,syrup,20mg,,,POM,,,draft,0,,,true,200,20,B12614,2028-12-30,Bulk import: inventory_3000
Ampicillin 20mg,ampicillin-20mg-syrup,,Ampicillin,,,syrup,20mg,,,POM,,,draft,0,,,true,100,20,B12616,2028-12-30,Bulk import: inventory_3000
Cloxacillin 20mg,cloxacillin-20mg-syrup,,Cloxacillin,,,syrup,20mg,,,POM,,,draft,0,,,true,100,20,B12617,2028-12-30,Bulk import: inventory_3000
Ceftriaxone 20mg,ceftriaxone-20mg-syrup,,Ceftriaxone,,,syrup,20mg,,,POM,,,draft,0,,,true,100,20,B12618,2028-12-30,Bulk import: inventory_3000
Cefuroxime 20mg,cefuroxime-20mg-syrup,,Cefuroxime,,,syrup,20mg,,,POM,,,draft,0,,,true,100,20,B12619,2028-12-30,Bulk import: inventory_3000
Azithromycin 20mg,azithromycin-20mg-syrup,,Azithromycin,,,syrup,20mg,,,POM,,,draft,0,,,true,100,20,B12620,2028-12-30,Bulk import: inventory_3000
Erythromycin 20mg,erythromycin-20mg-syrup,,Erythromycin,,,syrup,20mg,,,POM,,,draft,0,,,true,100,20,B12621,2028-12-30,Bulk import: inventory_3000
Ciprofloxacin 20mg,ciprofloxacin-20mg-syrup,,Ciprofloxacin,,,syrup,20mg,,,POM,,,draft,0,,,true,100,20,B12622,2028-12-30,Bulk import: inventory_3000
Metronidazole 20mg,metronidazole-20mg-syrup,,Metronidazole,,,syrup,20mg,,,POM,,,draft,0,,,true,200,20,B12623,2028-12-30,Bulk import: inventory_3000
Gentamicin 20mg,gentamicin-20mg-syrup,,Gentamicin,,,syrup,20mg,,,POM,,,draft,0,,,true,100,20,B12625,2028-12-30,Bulk import: inventory_3000
Doxycycline 20mg,doxycycline-20mg-syrup,,Doxycycline,,,syrup,20mg,,,POM,,,draft,0,,,true,100,20,B12626,2028-12-30,Bulk import: inventory_3000
Cotrimoxazole 20mg,cotrimoxazole-20mg-syrup,,Cotrimoxazole,,,syrup,20mg,,,POM,,,draft,0,,,true,100,20,B12627,2028-12-30,Bulk import: inventory_3000
Artemether + Lumefantrine 20mg,artemether-lumefantrine-20mg-syrup,,Artemether + Lumefantrine,,,syrup,20mg,,,POM,,,draft,0,,,true,100,20,B12628,2028-12-30,Bulk import: inventory_3000
Artesunate 20mg,artesunate-20mg-syrup,,Artesunate,,,syrup,20mg,,,POM,,,draft,0,,,true,100,20,B12629,2028-12-30,Bulk import: inventory_3000
Amodiaquine 20mg,amodiaquine-20mg-syrup,,Amodiaquine,,,syrup,20mg,,,POM,,,draft,0,,,true,100,20,B12630,2028-12-30,Bulk import: inventory_3000
Quinine 20mg,quinine-20mg-syrup,,Quinine,,,syrup,20mg,,,POM,,,draft,0,,,true,100,20,B12631,2028-12-30,Bulk import: inventory_3000
Fluconazole 20mg,fluconazole-20mg-syrup,,Fluconazole,,,syrup,20mg,,,POM,,,draft,0,,,true,100,20,B12632,2028-12-30,Bulk import: inventory_3000
Nystatin 20mg,nystatin-20mg-syrup,,Nystatin,,,syrup,20mg,,,POM,,,draft,0,,,true,100,20,B12633,2028-12-30,Bulk import: inventory_3000
Amlodipine 20mg,amlodipine-20mg-syrup,,Amlodipine,,,syrup,20mg,,,POM,,,draft,0,,,true,200,20,B12634,2028-12-30,Bulk import: inventory_3000
Lisinopril 20mg,lisinopril-20mg-syrup,,Lisinopril,,,syrup,20mg,,,POM,,,draft,0,,,true,200,20,B12636,2028-12-30,Bulk import: inventory_3000
Atenolol 20mg,atenolol-20mg-syrup,,Atenolol,,,syrup,20mg,,,POM,,,draft,0,,,true,100,20,B12638,2028-12-30,Bulk import: inventory_3000
Propranolol 20mg,propranolol-20mg-syrup,,Propranolol,,,syrup,20mg,,,POM,,,draft,0,,,true,100,20,B12639,2028-12-30,Bulk import: inventory_3000
Methyldopa 20mg,methyldopa-20mg-syrup,,Methyldopa,,,syrup,20mg,,,POM,,,draft,0,,,true,100,20,B12640,2028-12-30,Bulk import: inventory_3000
Hydralazine 20mg,hydralazine-20mg-syrup,,Hydralazine,,,syrup,20mg,,,POM,,,draft,0,,,true,100,20,B12641,2028-12-30,Bulk import: inventory_3000
Glyceryl Trinitrate 20mg,glyceryl-trinitrate-20mg-syrup,,Glyceryl Trinitrate,,,syrup,20mg,,,POM,,,draft,0,,,true,100,20,B12642,2028-12-30,Bulk import: inventory_3000
Isosorbide Dinitrate 20mg,isosorbide-dinitrate-20mg-syrup,,Isosorbide Dinitrate,,,syrup,20mg,,,POM,,,draft,0,,,true,100,20,B12643,2028-12-30,Bulk import: inventory_3000
Digoxin 20mg,digoxin-20mg-syrup,,Digoxin,,,syrup,20mg,,,POM,,,draft,0,,,true,100,20,B12644,2028-12-30,Bulk import: inventory_3000
Furosemide 20mg,furosemide-20mg-syrup,,Furosemide,,,syrup,20mg,,,POM,,,draft,0,,,true,200,20,B12645,2028-12-30,Bulk import: inventory_3000
Hydrochlorothiazide 20mg,hydrochlorothiazide-20mg-syrup,,Hydrochlorothiazide,,,syrup,20mg,,,POM,,,draft,0,,,true,100,20,B12647,2028-12-30,Bulk import: inventory_3000
Spironolactone 20mg,spironolactone-20mg-syrup,,Spironolactone,,,syrup,20mg,,,POM,,,draft,0,,,true,100,20,B12648,2028-12-30,Bulk import: inventory_3000
Atorvastatin 20mg,atorvastatin-20mg-syrup,,Atorvastatin,,,syrup,20mg,,,POM,,,draft,0,,,true,100,20,B12649,2028-12-30,Bulk import: inventory_3000
Simvastatin 20mg,simvastatin-20mg-syrup,,Simvastatin,,,syrup,20mg,,,POM,,,draft,0,,,true,100,20,B12650,2028-12-30,Bulk import: inventory_3000
Salbutamol 20mg,salbutamol-20mg-syrup,,Salbutamol,,,syrup,20mg,,,POM,,,draft,0,,,true,200,20,B12651,2028-12-30,Bulk import: inventory_3000
Aminophylline 20mg,aminophylline-20mg-syrup,,Aminophylline,,,syrup,20mg,,,POM,,,draft,0,,,true,100,20,B12653,2028-12-30,Bulk import: inventory_3000
Omeprazole 20mg,omeprazole-20mg-syrup,,Omeprazole,,,syrup,20mg,,,POM,,,draft,0,,,true,100,20,B12654,2028-12-30,Bulk import: inventory_3000
Cimetidine 20mg,cimetidine-20mg-syrup,,Cimetidine,,,syrup,20mg,,,POM,,,draft,0,,,true,100,20,B12655,2028-12-30,Bulk import: inventory_3000
Metoclopramide 20mg,metoclopramide-20mg-syrup,,Metoclopramide,,,syrup,20mg,,,POM,,,draft,0,,,true,100,20,B12656,2028-12-30,Bulk import: inventory_3000
Zinc Sulfate 20mg,zinc-sulfate-20mg-syrup,,Zinc Sulfate,,,syrup,20mg,,,POM,,,draft,0,,,true,100,20,B12657,2028-12-30,Bulk import: inventory_3000
Bisacodyl 20mg,bisacodyl-20mg-syrup,,Bisacodyl,,,syrup,20mg,,,POM,,,draft,0,,,true,100,20,B12658,2028-12-30,Bulk import: inventory_3000
Metformin 20mg,metformin-20mg-syrup,,Metformin,,,syrup,20mg,,,POM,,,draft,0,,,true,200,20,B12659,2028-12-30,Bulk import: inventory_3000
Glibenclamide 20mg,glibenclamide-20mg-syrup,,Glibenclamide,,,syrup,20mg,,,POM,,,draft,0,,,true,100,20,B12661,2028-12-30,Bulk import: inventory_3000
Glimepiride 20mg,glimepiride-20mg-syrup,,Glimepiride,,,syrup,20mg,,,POM,,,draft,0,,,true,100,20,B12662,2028-12-30,Bulk import: inventory_3000
Levothyroxine 20mg,levothyroxine-20mg-syrup,,Levothyroxine,,,syrup,20mg,,,POM,,,draft,0,,,true,100,20,B12663,2028-12-30,Bulk import: inventory_3000
Carbimazole 20mg,carbimazole-20mg-syrup,,Carbimazole,,,syrup,20mg,,,POM,,,draft,0,,,true,100,20,B12664,2028-12-30,Bulk import: inventory_3000
Folic Acid 20mg,folic-acid-20mg-syrup,,Folic Acid,,,syrup,20mg,,,POM,,,draft,0,,,true,100,20,B12665,2028-12-30,Bulk import: inventory_3000
Oxytocin 20mg,oxytocin-20mg-syrup,,Oxytocin,,,syrup,20mg,,,POM,,,draft,0,,,true,100,20,B12666,2028-12-30,Bulk import: inventory_3000
Misoprostol 20mg,misoprostol-20mg-syrup,,Misoprostol,,,syrup,20mg,,,POM,,,draft,0,,,true,100,20,B12667,2028-12-30,Bulk import: inventory_3000
Magnesium Sulfate 20mg,magnesium-sulfate-20mg-syrup,,Magnesium Sulfate,,,syrup,20mg,,,POM,,,draft,0,,,true,100,20,B12668,2028-12-30,Bulk import: inventory_3000
Amitriptyline 20mg,amitriptyline-20mg-syrup,,Amitriptyline,,,syrup,20mg,,,POM,,,draft,0,,,true,100,20,B12669,2028-12-30,Bulk import: inventory_3000
Fluoxetine 20mg,fluoxetine-20mg-syrup,,Fluoxetine,,,syrup,20mg,,,POM,,,draft,0,,,true,100,20,B12670,2028-12-30,Bulk import: inventory_3000
Haloperidol 20mg,haloperidol-20mg-syrup,,Haloperidol,,,syrup,20mg,,,POM,,,draft,0,,,true,100,20,B12671,2028-12-30,Bulk import: inventory_3000
Chlorpromazine 20mg,chlorpromazine-20mg-syrup,,Chlorpromazine,,,syrup,20mg,,,POM,,,draft,0,,,true,100,20,B12672,2028-12-30,Bulk import: inventory_3000
Halothane 50mg,halothane-50mg-syrup,,Halothane,,,syrup,50mg,,,POM,,,draft,0,,,true,100,20,B12673,2028-12-30,Bulk import: inventory_3000
Ketamine 50mg,ketamine-50mg-syrup,,Ketamine,,,syrup,50mg,,,POM,,,draft,0,,,true,100,20,B12674,2028-12-30,Bulk import: inventory_3000
Nitrous oxide 50mg,nitrous-oxide-50mg-syrup,,Nitrous oxide,,,syrup,50mg,,,POM,,,draft,0,,,true,100,20,B12675,2028-12-30,Bulk import: inventory_3000
Oxygen 50mg,oxygen-50mg-syrup,,Oxygen,,,syrup,50mg,,,POM,,,draft,0,,,true,100,20,B12676,2028-12-30,Bulk import: inventory_3000
Atropine 50mg,atropine-50mg-syrup,,Atropine,,,syrup,50mg,,,POM,,,draft,0,,,true,100,20,B12677,2028-12-30,Bulk import: inventory_3000
Diazepam 50mg,diazepam-50mg-syrup,,Diazepam,,,syrup,50mg,,,POM,,,draft,0,,,true,100,20,B12678,2028-12-30,Bulk import: inventory_3000
Hyoscine N-Butylbromide 50mg,hyoscine-n-butylbromide-50mg-syrup,,Hyoscine N-Butylbromide,,,syrup,50mg,,,POM,,,draft,0,,,true,100,20,B12679,2028-12-30,Bulk import: inventory_3000
Midazolam 50mg,midazolam-50mg-syrup,,Midazolam,,,syrup,50mg,,,POM,,,draft,0,,,true,100,20,B12680,2028-12-30,Bulk import: inventory_3000
Morphine 50mg,morphine-50mg-syrup,,Morphine,,,syrup,50mg,,,POM,,,draft,0,,,true,100,20,B12681,2028-12-30,Bulk import: inventory_3000
Promethazine 50mg,promethazine-50mg-syrup,,Promethazine,,,syrup,50mg,,,POM,,,draft,0,,,true,200,20,B12682,2028-12-30,Bulk import: inventory_3000
Atracurium 50mg,atracurium-50mg-syrup,,Atracurium,,,syrup,50mg,,,POM,,,draft,0,,,true,100,20,B12684,2028-12-30,Bulk import: inventory_3000
Neostigmine 50mg,neostigmine-50mg-syrup,,Neostigmine,,,syrup,50mg,,,POM,,,draft,0,,,true,100,20,B12685,2028-12-30,Bulk import: inventory_3000
Suxamethonium 50mg,suxamethonium-50mg-syrup,,Suxamethonium,,,syrup,50mg,,,POM,,,draft,0,,,true,100,20,B12686,2028-12-30,Bulk import: inventory_3000
Propofol 50mg,propofol-50mg-syrup,,Propofol,,,syrup,50mg,,,POM,,,draft,0,,,true,100,20,B12687,2028-12-30,Bulk import: inventory_3000
Lidocaine 50mg,lidocaine-50mg-syrup,,Lidocaine,,,syrup,50mg,,,POM,,,draft,0,,,true,100,20,B12688,2028-12-30,Bulk import: inventory_3000
Bupivacaine 50mg,bupivacaine-50mg-syrup,,Bupivacaine,,,syrup,50mg,,,POM,,,draft,0,,,true,100,20,B12689,2028-12-30,Bulk import: inventory_3000
Pentazocine 50mg,pentazocine-50mg-syrup,,Pentazocine,,,syrup,50mg,,,POM,,,draft,0,,,true,100,20,B12690,2028-12-30,Bulk import: inventory_3000
Pethidine 50mg,pethidine-50mg-syrup,,Pethidine,,,syrup,50mg,,,POM,,,draft,0,,,true,100,20,B12691,2028-12-30,Bulk import: inventory_3000
Tramadol 50mg,tramadol-50mg-syrup,,Tramadol,,,syrup,50mg,,,POM,,,draft,0,,,true,100,20,B12692,2028-12-30,Bulk import: inventory_3000
Acetylsalicylic Acid 50mg,acetylsalicylic-acid-50mg-syrup,,Acetylsalicylic Acid,,,syrup,50mg,,,POM,,,draft,0,,,true,100,20,B12693,2028-12-30,Bulk import: inventory_3000
Paracetamol 50mg,paracetamol-50mg-syrup,,Paracetamol,,,syrup,50mg,,,POM,,,draft,0,,,true,300,20,B12694,2028-12-30,Bulk import: inventory_3000
Allopurinol 50mg,allopurinol-50mg-syrup,,Allopurinol,,,syrup,50mg,,,POM,,,draft,0,,,true,100,20,B12697,2028-12-30,Bulk import: inventory_3000
Diclofenac Sodium 50mg,diclofenac-sodium-50mg-syrup,,Diclofenac Sodium,,,syrup,50mg,,,POM,,,draft,0,,,true,200,20,B12698,2028-12-30,Bulk import: inventory_3000
Ibuprofen 50mg,ibuprofen-50mg-syrup,,Ibuprofen,,,syrup,50mg,,,POM,,,draft,0,,,true,200,20,B12700,2028-12-30,Bulk import: inventory_3000
Naproxen 50mg,naproxen-50mg-syrup,,Naproxen,,,syrup,50mg,,,POM,,,draft,0,,,true,100,20,B12702,2028-12-30,Bulk import: inventory_3000
Piroxicam 50mg,piroxicam-50mg-syrup,,Piroxicam,,,syrup,50mg,,,POM,,,draft,0,,,true,100,20,B12703,2028-12-30,Bulk import: inventory_3000
Meloxicam 50mg,meloxicam-50mg-syrup,,Meloxicam,,,syrup,50mg,,,POM,,,draft,0,,,true,100,20,B12704,2028-12-30,Bulk import: inventory_3000
Naloxone 50mg,naloxone-50mg-syrup,,Naloxone,,,syrup,50mg,,,POM,,,draft,0,,,true,100,20,B12705,2028-12-30,Bulk import: inventory_3000
Chlorpheniramine 50mg,chlorpheniramine-50mg-syrup,,Chlorpheniramine,,,syrup,50mg,,,POM,,,draft,0,,,true,100,20,B12706,2028-12-30,Bulk import: inventory_3000
Hydrocortisone 50mg,hydrocortisone-50mg-syrup,,Hydrocortisone,,,syrup,50mg,,,POM,,,draft,0,,,true,100,20,B12707,2028-12-30,Bulk import: inventory_3000
Prednisolone 50mg,prednisolone-50mg-syrup,,Prednisolone,,,syrup,50mg,,,POM,,,draft,0,,,true,100,20,B12708,2028-12-30,Bulk import: inventory_3000
Phenobarbital 50mg,phenobarbital-50mg-syrup,,Phenobarbital,,,syrup,50mg,,,POM,,,draft,0,,,true,100,20,B12709,2028-12-30,Bulk import: inventory_3000
Phenytoin 50mg,phenytoin-50mg-syrup,,Phenytoin,,,syrup,50mg,,,POM,,,draft,0,,,true,100,20,B12710,2028-12-30,Bulk import: inventory_3000
Sodium Valproate 50mg,sodium-valproate-50mg-syrup,,Sodium Valproate,,,syrup,50mg,,,POM,,,draft,0,,,true,100,20,B12711,2028-12-30,Bulk import: inventory_3000
Carbamazepine 50mg,carbamazepine-50mg-syrup,,Carbamazepine,,,syrup,50mg,,,POM,,,draft,0,,,true,100,20,B12712,2028-12-30,Bulk import: inventory_3000
Amoxicillin 50mg,amoxicillin-50mg-syrup,,Amoxicillin,,,syrup,50mg,,,POM,,,draft,0,,,true,200,20,B12713,2028-12-30,Bulk import: inventory_3000
Ampicillin 50mg,ampicillin-50mg-syrup,,Ampicillin,,,syrup,50mg,,,POM,,,draft,0,,,true,100,20,B12715,2028-12-30,Bulk import: inventory_3000
Cloxacillin 50mg,cloxacillin-50mg-syrup,,Cloxacillin,,,syrup,50mg,,,POM,,,draft,0,,,true,100,20,B12716,2028-12-30,Bulk import: inventory_3000
Ceftriaxone 50mg,ceftriaxone-50mg-syrup,,Ceftriaxone,,,syrup,50mg,,,POM,,,draft,0,,,true,100,20,B12717,2028-12-30,Bulk import: inventory_3000
Cefuroxime 50mg,cefuroxime-50mg-syrup,,Cefuroxime,,,syrup,50mg,,,POM,,,draft,0,,,true,100,20,B12718,2028-12-30,Bulk import: inventory_3000
Azithromycin 50mg,azithromycin-50mg-syrup,,Azithromycin,,,syrup,50mg,,,POM,,,draft,0,,,true,100,20,B12719,2028-12-30,Bulk import: inventory_3000
Erythromycin 50mg,erythromycin-50mg-syrup,,Erythromycin,,,syrup,50mg,,,POM,,,draft,0,,,true,100,20,B12720,2028-12-30,Bulk import: inventory_3000
Ciprofloxacin 50mg,ciprofloxacin-50mg-syrup,,Ciprofloxacin,,,syrup,50mg,,,POM,,,draft,0,,,true,100,20,B12721,2028-12-30,Bulk import: inventory_3000
Metronidazole 50mg,metronidazole-50mg-syrup,,Metronidazole,,,syrup,50mg,,,POM,,,draft,0,,,true,200,20,B12722,2028-12-30,Bulk import: inventory_3000
Gentamicin 50mg,gentamicin-50mg-syrup,,Gentamicin,,,syrup,50mg,,,POM,,,draft,0,,,true,100,20,B12724,2028-12-30,Bulk import: inventory_3000
Doxycycline 50mg,doxycycline-50mg-syrup,,Doxycycline,,,syrup,50mg,,,POM,,,draft,0,,,true,100,20,B12725,2028-12-30,Bulk import: inventory_3000
Cotrimoxazole 50mg,cotrimoxazole-50mg-syrup,,Cotrimoxazole,,,syrup,50mg,,,POM,,,draft,0,,,true,100,20,B12726,2028-12-30,Bulk import: inventory_3000
Artemether + Lumefantrine 50mg,artemether-lumefantrine-50mg-syrup,,Artemether + Lumefantrine,,,syrup,50mg,,,POM,,,draft,0,,,true,100,20,B12727,2028-12-30,Bulk import: inventory_3000
Artesunate 50mg,artesunate-50mg-syrup,,Artesunate,,,syrup,50mg,,,POM,,,draft,0,,,true,100,20,B12728,2028-12-30,Bulk import: inventory_3000
Amodiaquine 50mg,amodiaquine-50mg-syrup,,Amodiaquine,,,syrup,50mg,,,POM,,,draft,0,,,true,100,20,B12729,2028-12-30,Bulk import: inventory_3000
Quinine 50mg,quinine-50mg-syrup,,Quinine,,,syrup,50mg,,,POM,,,draft,0,,,true,100,20,B12730,2028-12-30,Bulk import: inventory_3000
Fluconazole 50mg,fluconazole-50mg-syrup,,Fluconazole,,,syrup,50mg,,,POM,,,draft,0,,,true,100,20,B12731,2028-12-30,Bulk import: inventory_3000
Nystatin 50mg,nystatin-50mg-syrup,,Nystatin,,,syrup,50mg,,,POM,,,draft,0,,,true,100,20,B12732,2028-12-30,Bulk import: inventory_3000
Amlodipine 50mg,amlodipine-50mg-syrup,,Amlodipine,,,syrup,50mg,,,POM,,,draft,0,,,true,200,20,B12733,2028-12-30,Bulk import: inventory_3000
Lisinopril 50mg,lisinopril-50mg-syrup,,Lisinopril,,,syrup,50mg,,,POM,,,draft,0,,,true,200,20,B12735,2028-12-30,Bulk import: inventory_3000
Atenolol 50mg,atenolol-50mg-syrup,,Atenolol,,,syrup,50mg,,,POM,,,draft,0,,,true,100,20,B12737,2028-12-30,Bulk import: inventory_3000
Propranolol 50mg,propranolol-50mg-syrup,,Propranolol,,,syrup,50mg,,,POM,,,draft,0,,,true,100,20,B12738,2028-12-30,Bulk import: inventory_3000
Methyldopa 50mg,methyldopa-50mg-syrup,,Methyldopa,,,syrup,50mg,,,POM,,,draft,0,,,true,100,20,B12739,2028-12-30,Bulk import: inventory_3000
Hydralazine 50mg,hydralazine-50mg-syrup,,Hydralazine,,,syrup,50mg,,,POM,,,draft,0,,,true,100,20,B12740,2028-12-30,Bulk import: inventory_3000
Glyceryl Trinitrate 50mg,glyceryl-trinitrate-50mg-syrup,,Glyceryl Trinitrate,,,syrup,50mg,,,POM,,,draft,0,,,true,100,20,B12741,2028-12-30,Bulk import: inventory_3000
Isosorbide Dinitrate 50mg,isosorbide-dinitrate-50mg-syrup,,Isosorbide Dinitrate,,,syrup,50mg,,,POM,,,draft,0,,,true,100,20,B12742,2028-12-30,Bulk import: inventory_3000
Digoxin 50mg,digoxin-50mg-syrup,,Digoxin,,,syrup,50mg,,,POM,,,draft,0,,,true,100,20,B12743,2028-12-30,Bulk import: inventory_3000
Furosemide 50mg,furosemide-50mg-syrup,,Furosemide,,,syrup,50mg,,,POM,,,draft,0,,,true,200,20,B12744,2028-12-30,Bulk import: inventory_3000
Hydrochlorothiazide 50mg,hydrochlorothiazide-50mg-syrup,,Hydrochlorothiazide,,,syrup,50mg,,,POM,,,draft,0,,,true,100,20,B12746,2028-12-30,Bulk import: inventory_3000
Spironolactone 50mg,spironolactone-50mg-syrup,,Spironolactone,,,syrup,50mg,,,POM,,,draft,0,,,true,100,20,B12747,2028-12-30,Bulk import: inventory_3000
Atorvastatin 50mg,atorvastatin-50mg-syrup,,Atorvastatin,,,syrup,50mg,,,POM,,,draft,0,,,true,100,20,B12748,2028-12-30,Bulk import: inventory_3000
Simvastatin 50mg,simvastatin-50mg-syrup,,Simvastatin,,,syrup,50mg,,,POM,,,draft,0,,,true,100,20,B12749,2028-12-30,Bulk import: inventory_3000
Salbutamol 50mg,salbutamol-50mg-syrup,,Salbutamol,,,syrup,50mg,,,POM,,,draft,0,,,true,200,20,B12750,2028-12-30,Bulk import: inventory_3000
Aminophylline 50mg,aminophylline-50mg-syrup,,Aminophylline,,,syrup,50mg,,,POM,,,draft,0,,,true,100,20,B12752,2028-12-30,Bulk import: inventory_3000
Omeprazole 50mg,omeprazole-50mg-syrup,,Omeprazole,,,syrup,50mg,,,POM,,,draft,0,,,true,100,20,B12753,2028-12-30,Bulk import: inventory_3000
Cimetidine 50mg,cimetidine-50mg-syrup,,Cimetidine,,,syrup,50mg,,,POM,,,draft,0,,,true,100,20,B12754,2028-12-30,Bulk import: inventory_3000
Metoclopramide 50mg,metoclopramide-50mg-syrup,,Metoclopramide,,,syrup,50mg,,,POM,,,draft,0,,,true,100,20,B12755,2028-12-30,Bulk import: inventory_3000
Zinc Sulfate 50mg,zinc-sulfate-50mg-syrup,,Zinc Sulfate,,,syrup,50mg,,,POM,,,draft,0,,,true,100,20,B12756,2028-12-30,Bulk import: inventory_3000
Bisacodyl 50mg,bisacodyl-50mg-syrup,,Bisacodyl,,,syrup,50mg,,,POM,,,draft,0,,,true,100,20,B12757,2028-12-30,Bulk import: inventory_3000
Metformin 50mg,metformin-50mg-syrup,,Metformin,,,syrup,50mg,,,POM,,,draft,0,,,true,200,20,B12758,2028-12-30,Bulk import: inventory_3000
Glibenclamide 50mg,glibenclamide-50mg-syrup,,Glibenclamide,,,syrup,50mg,,,POM,,,draft,0,,,true,100,20,B12760,2028-12-30,Bulk import: inventory_3000
Glimepiride 50mg,glimepiride-50mg-syrup,,Glimepiride,,,syrup,50mg,,,POM,,,draft,0,,,true,100,20,B12761,2028-12-30,Bulk import: inventory_3000
Levothyroxine 50mg,levothyroxine-50mg-syrup,,Levothyroxine,,,syrup,50mg,,,POM,,,draft,0,,,true,100,20,B12762,2028-12-30,Bulk import: inventory_3000
Carbimazole 50mg,carbimazole-50mg-syrup,,Carbimazole,,,syrup,50mg,,,POM,,,draft,0,,,true,100,20,B12763,2028-12-30,Bulk import: inventory_3000
Folic Acid 50mg,folic-acid-50mg-syrup,,Folic Acid,,,syrup,50mg,,,POM,,,draft,0,,,true,100,20,B12764,2028-12-30,Bulk import: inventory_3000
Oxytocin 50mg,oxytocin-50mg-syrup,,Oxytocin,,,syrup,50mg,,,POM,,,draft,0,,,true,100,20,B12765,2028-12-30,Bulk import: inventory_3000
Misoprostol 50mg,misoprostol-50mg-syrup,,Misoprostol,,,syrup,50mg,,,POM,,,draft,0,,,true,100,20,B12766,2028-12-30,Bulk import: inventory_3000
Magnesium Sulfate 50mg,magnesium-sulfate-50mg-syrup,,Magnesium Sulfate,,,syrup,50mg,,,POM,,,draft,0,,,true,100,20,B12767,2028-12-30,Bulk import: inventory_3000
Amitriptyline 50mg,amitriptyline-50mg-syrup,,Amitriptyline,,,syrup,50mg,,,POM,,,draft,0,,,true,100,20,B12768,2028-12-30,Bulk import: inventory_3000
Fluoxetine 50mg,fluoxetine-50mg-syrup,,Fluoxetine,,,syrup,50mg,,,POM,,,draft,0,,,true,100,20,B12769,2028-12-30,Bulk import: inventory_3000
Haloperidol 50mg,haloperidol-50mg-syrup,,Haloperidol,,,syrup,50mg,,,POM,,,draft,0,,,true,100,20,B12770,2028-12-30,Bulk import: inventory_3000
Chlorpromazine 50mg,chlorpromazine-50mg-syrup,,Chlorpromazine,,,syrup,50mg,,,POM,,,draft,0,,,true,100,20,B12771,2028-12-30,Bulk import: inventory_3000
Halothane 100mg,halothane-100mg-syrup,,Halothane,,,syrup,100mg,,,POM,,,draft,0,,,true,100,20,B12772,2028-12-30,Bulk import: inventory_3000
Ketamine 100mg,ketamine-100mg-syrup,,Ketamine,,,syrup,100mg,,,POM,,,draft,0,,,true,100,20,B12773,2028-12-30,Bulk import: inventory_3000
Nitrous oxide 100mg,nitrous-oxide-100mg-syrup,,Nitrous oxide,,,syrup,100mg,,,POM,,,draft,0,,,true,100,20,B12774,2028-12-30,Bulk import: inventory_3000
Oxygen 100mg,oxygen-100mg-syrup,,Oxygen,,,syrup,100mg,,,POM,,,draft,0,,,true,100,20,B12775,2028-12-30,Bulk import: inventory_3000
Atropine 100mg,atropine-100mg-syrup,,Atropine,,,syrup,100mg,,,POM,,,draft,0,,,true,100,20,B12776,2028-12-30,Bulk import: inventory_3000
Diazepam 100mg,diazepam-100mg-syrup,,Diazepam,,,syrup,100mg,,,POM,,,draft,0,,,true,100,20,B12777,2028-12-30,Bulk import: inventory_3000
Hyoscine N-Butylbromide 100mg,hyoscine-n-butylbromide-100mg-syrup,,Hyoscine N-Butylbromide,,,syrup,100mg,,,POM,,,draft,0,,,true,100,20,B12778,2028-12-30,Bulk import: inventory_3000
Midazolam 100mg,midazolam-100mg-syrup,,Midazolam,,,syrup,100mg,,,POM,,,draft,0,,,true,100,20,B12779,2028-12-30,Bulk import: inventory_3000
Morphine 100mg,morphine-100mg-syrup,,Morphine,,,syrup,100mg,,,POM,,,draft,0,,,true,100,20,B12780,2028-12-30,Bulk import: inventory_3000
Promethazine 100mg,promethazine-100mg-syrup,,Promethazine,,,syrup,100mg,,,POM,,,draft,0,,,true,200,20,B12781,2028-12-30,Bulk import: inventory_3000
Atracurium 100mg,atracurium-100mg-syrup,,Atracurium,,,syrup,100mg,,,POM,,,draft,0,,,true,100,20,B12783,2028-12-30,Bulk import: inventory_3000
Neostigmine 100mg,neostigmine-100mg-syrup,,Neostigmine,,,syrup,100mg,,,POM,,,draft,0,,,true,100,20,B12784,2028-12-30,Bulk import: inventory_3000
Suxamethonium 100mg,suxamethonium-100mg-syrup,,Suxamethonium,,,syrup,100mg,,,POM,,,draft,0,,,true,100,20,B12785,2028-12-30,Bulk import: inventory_3000
Propofol 100mg,propofol-100mg-syrup,,Propofol,,,syrup,100mg,,,POM,,,draft,0,,,true,100,20,B12786,2028-12-30,Bulk import: inventory_3000
Lidocaine 100mg,lidocaine-100mg-syrup,,Lidocaine,,,syrup,100mg,,,POM,,,draft,0,,,true,100,20,B12787,2028-12-30,Bulk import: inventory_3000
Bupivacaine 100mg,bupivacaine-100mg-syrup,,Bupivacaine,,,syrup,100mg,,,POM,,,draft,0,,,true,100,20,B12788,2028-12-30,Bulk import: inventory_3000
Pentazocine 100mg,pentazocine-100mg-syrup,,Pentazocine,,,syrup,100mg,,,POM,,,draft,0,,,true,100,20,B12789,2028-12-30,Bulk import: inventory_3000
Pethidine 100mg,pethidine-100mg-syrup,,Pethidine,,,syrup,100mg,,,POM,,,draft,0,,,true,100,20,B12790,2028-12-30,Bulk import: inventory_3000
Tramadol 100mg,tramadol-100mg-syrup,,Tramadol,,,syrup,100mg,,,POM,,,draft,0,,,true,100,20,B12791,2028-12-30,Bulk import: inventory_3000
Acetylsalicylic Acid 100mg,acetylsalicylic-acid-100mg-syrup,,Acetylsalicylic Acid,,,syrup,100mg,,,POM,,,draft,0,,,true,100,20,B12792,2028-12-30,Bulk import: inventory_3000
Paracetamol 100mg,paracetamol-100mg-syrup,,Paracetamol,,,syrup,100mg,,,POM,,,draft,0,,,true,300,20,B12793,2028-12-30,Bulk import: inventory_3000
Allopurinol 100mg,allopurinol-100mg-syrup,,Allopurinol,,,syrup,100mg,,,POM,,,draft,0,,,true,100,20,B12796,2028-12-30,Bulk import: inventory_3000
Diclofenac Sodium 100mg,diclofenac-sodium-100mg-syrup,,Diclofenac Sodium,,,syrup,100mg,,,POM,,,draft,0,,,true,200,20,B12797,2028-12-30,Bulk import: inventory_3000
Ibuprofen 100mg,ibuprofen-100mg-syrup,,Ibuprofen,,,syrup,100mg,,,POM,,,draft,0,,,true,200,20,B12799,2028-12-30,Bulk import: inventory_3000
Naproxen 100mg,naproxen-100mg-syrup,,Naproxen,,,syrup,100mg,,,POM,,,draft,0,,,true,100,20,B12801,2028-12-30,Bulk import: inventory_3000
Piroxicam 100mg,piroxicam-100mg-syrup,,Piroxicam,,,syrup,100mg,,,POM,,,draft,0,,,true,100,20,B12802,2028-12-30,Bulk import: inventory_3000
Meloxicam 100mg,meloxicam-100mg-syrup,,Meloxicam,,,syrup,100mg,,,POM,,,draft,0,,,true,100,20,B12803,2028-12-30,Bulk import: inventory_3000
Naloxone 100mg,naloxone-100mg-syrup,,Naloxone,,,syrup,100mg,,,POM,,,draft,0,,,true,100,20,B12804,2028-12-30,Bulk import: inventory_3000
Chlorpheniramine 100mg,chlorpheniramine-100mg-syrup,,Chlorpheniramine,,,syrup,100mg,,,POM,,,draft,0,,,true,100,20,B12805,2028-12-30,Bulk import: inventory_3000
Hydrocortisone 100mg,hydrocortisone-100mg-syrup,,Hydrocortisone,,,syrup,100mg,,,POM,,,draft,0,,,true,100,20,B12806,2028-12-30,Bulk import: inventory_3000
Prednisolone 100mg,prednisolone-100mg-syrup,,Prednisolone,,,syrup,100mg,,,POM,,,draft,0,,,true,100,20,B12807,2028-12-30,Bulk import: inventory_3000
Phenobarbital 100mg,phenobarbital-100mg-syrup,,Phenobarbital,,,syrup,100mg,,,POM,,,draft,0,,,true,100,20,B12808,2028-12-30,Bulk import: inventory_3000
Phenytoin 100mg,phenytoin-100mg-syrup,,Phenytoin,,,syrup,100mg,,,POM,,,draft,0,,,true,100,20,B12809,2028-12-30,Bulk import: inventory_3000
Sodium Valproate 100mg,sodium-valproate-100mg-syrup,,Sodium Valproate,,,syrup,100mg,,,POM,,,draft,0,,,true,100,20,B12810,2028-12-30,Bulk import: inventory_3000
Carbamazepine 100mg,carbamazepine-100mg-syrup,,Carbamazepine,,,syrup,100mg,,,POM,,,draft,0,,,true,100,20,B12811,2028-12-30,Bulk import: inventory_3000
Amoxicillin 100mg,amoxicillin-100mg-syrup,,Amoxicillin,,,syrup,100mg,,,POM,,,draft,0,,,true,200,20,B12812,2028-12-30,Bulk import: inventory_3000
Ampicillin 100mg,ampicillin-100mg-syrup,,Ampicillin,,,syrup,100mg,,,POM,,,draft,0,,,true,100,20,B12814,2028-12-30,Bulk import: inventory_3000
Cloxacillin 100mg,cloxacillin-100mg-syrup,,Cloxacillin,,,syrup,100mg,,,POM,,,draft,0,,,true,100,20,B12815,2028-12-30,Bulk import: inventory_3000
Ceftriaxone 100mg,ceftriaxone-100mg-syrup,,Ceftriaxone,,,syrup,100mg,,,POM,,,draft,0,,,true,100,20,B12816,2028-12-30,Bulk import: inventory_3000
Cefuroxime 100mg,cefuroxime-100mg-syrup,,Cefuroxime,,,syrup,100mg,,,POM,,,draft,0,,,true,100,20,B12817,2028-12-30,Bulk import: inventory_3000
Azithromycin 100mg,azithromycin-100mg-syrup,,Azithromycin,,,syrup,100mg,,,POM,,,draft,0,,,true,100,20,B12818,2028-12-30,Bulk import: inventory_3000
Erythromycin 100mg,erythromycin-100mg-syrup,,Erythromycin,,,syrup,100mg,,,POM,,,draft,0,,,true,100,20,B12819,2028-12-30,Bulk import: inventory_3000
Ciprofloxacin 100mg,ciprofloxacin-100mg-syrup,,Ciprofloxacin,,,syrup,100mg,,,POM,,,draft,0,,,true,100,20,B12820,2028-12-30,Bulk import: inventory_3000
Metronidazole 100mg,metronidazole-100mg-syrup,,Metronidazole,,,syrup,100mg,,,POM,,,draft,0,,,true,200,20,B12821,2028-12-30,Bulk import: inventory_3000
Gentamicin 100mg,gentamicin-100mg-syrup,,Gentamicin,,,syrup,100mg,,,POM,,,draft,0,,,true,100,20,B12823,2028-12-30,Bulk import: inventory_3000
Doxycycline 100mg,doxycycline-100mg-syrup,,Doxycycline,,,syrup,100mg,,,POM,,,draft,0,,,true,100,20,B12824,2028-12-30,Bulk import: inventory_3000
Cotrimoxazole 100mg,cotrimoxazole-100mg-syrup,,Cotrimoxazole,,,syrup,100mg,,,POM,,,draft,0,,,true,100,20,B12825,2028-12-30,Bulk import: inventory_3000
Artemether + Lumefantrine 100mg,artemether-lumefantrine-100mg-syrup,,Artemether + Lumefantrine,,,syrup,100mg,,,POM,,,draft,0,,,true,100,20,B12826,2028-12-30,Bulk import: inventory_3000
Artesunate 100mg,artesunate-100mg-syrup,,Artesunate,,,syrup,100mg,,,POM,,,draft,0,,,true,100,20,B12827,2028-12-30,Bulk import: inventory_3000
Amodiaquine 100mg,amodiaquine-100mg-syrup,,Amodiaquine,,,syrup,100mg,,,POM,,,draft,0,,,true,100,20,B12828,2028-12-30,Bulk import: inventory_3000
Quinine 100mg,quinine-100mg-syrup,,Quinine,,,syrup,100mg,,,POM,,,draft,0,,,true,100,20,B12829,2028-12-30,Bulk import: inventory_3000
Fluconazole 100mg,fluconazole-100mg-syrup,,Fluconazole,,,syrup,100mg,,,POM,,,draft,0,,,true,100,20,B12830,2028-12-30,Bulk import: inventory_3000
Nystatin 100mg,nystatin-100mg-syrup,,Nystatin,,,syrup,100mg,,,POM,,,draft,0,,,true,100,20,B12831,2028-12-30,Bulk import: inventory_3000
Amlodipine 100mg,amlodipine-100mg-syrup,,Amlodipine,,,syrup,100mg,,,POM,,,draft,0,,,true,200,20,B12832,2028-12-30,Bulk import: inventory_3000
Lisinopril 100mg,lisinopril-100mg-syrup,,Lisinopril,,,syrup,100mg,,,POM,,,draft,0,,,true,200,20,B12834,2028-12-30,Bulk import: inventory_3000
Atenolol 100mg,atenolol-100mg-syrup,,Atenolol,,,syrup,100mg,,,POM,,,draft,0,,,true,100,20,B12836,2028-12-30,Bulk import: inventory_3000
Propranolol 100mg,propranolol-100mg-syrup,,Propranolol,,,syrup,100mg,,,POM,,,draft,0,,,true,100,20,B12837,2028-12-30,Bulk import: inventory_3000
Methyldopa 100mg,methyldopa-100mg-syrup,,Methyldopa,,,syrup,100mg,,,POM,,,draft,0,,,true,100,20,B12838,2028-12-30,Bulk import: inventory_3000
Hydralazine 100mg,hydralazine-100mg-syrup,,Hydralazine,,,syrup,100mg,,,POM,,,draft,0,,,true,100,20,B12839,2028-12-30,Bulk import: inventory_3000
Glyceryl Trinitrate 100mg,glyceryl-trinitrate-100mg-syrup,,Glyceryl Trinitrate,,,syrup,100mg,,,POM,,,draft,0,,,true,100,20,B12840,2028-12-30,Bulk import: inventory_3000
Isosorbide Dinitrate 100mg,isosorbide-dinitrate-100mg-syrup,,Isosorbide Dinitrate,,,syrup,100mg,,,POM,,,draft,0,,,true,100,20,B12841,2028-12-30,Bulk import: inventory_3000
Digoxin 100mg,digoxin-100mg-syrup,,Digoxin,,,syrup,100mg,,,POM,,,draft,0,,,true,100,20,B12842,2028-12-30,Bulk import: inventory_3000
Furosemide 100mg,furosemide-100mg-syrup,,Furosemide,,,syrup,100mg,,,POM,,,draft,0,,,true,200,20,B12843,2028-12-30,Bulk import: inventory_3000
Hydrochlorothiazide 100mg,hydrochlorothiazide-100mg-syrup,,Hydrochlorothiazide,,,syrup,100mg,,,POM,,,draft,0,,,true,100,20,B12845,2028-12-30,Bulk import: inventory_3000
Spironolactone 100mg,spironolactone-100mg-syrup,,Spironolactone,,,syrup,100mg,,,POM,,,draft,0,,,true,100,20,B12846,2028-12-30,Bulk import: inventory_3000
Atorvastatin 100mg,atorvastatin-100mg-syrup,,Atorvastatin,,,syrup,100mg,,,POM,,,draft,0,,,true,100,20,B12847,2028-12-30,Bulk import: inventory_3000
Simvastatin 100mg,simvastatin-100mg-syrup,,Simvastatin,,,syrup,100mg,,,POM,,,draft,0,,,true,100,20,B12848,2028-12-30,Bulk import: inventory_3000
Salbutamol 100mg,salbutamol-100mg-syrup,,Salbutamol,,,syrup,100mg,,,POM,,,draft,0,,,true,200,20,B12849,2028-12-30,Bulk import: inventory_3000
Aminophylline 100mg,aminophylline-100mg-syrup,,Aminophylline,,,syrup,100mg,,,POM,,,draft,0,,,true,100,20,B12851,2028-12-30,Bulk import: inventory_3000
Omeprazole 100mg,omeprazole-100mg-syrup,,Omeprazole,,,syrup,100mg,,,POM,,,draft,0,,,true,100,20,B12852,2028-12-30,Bulk import: inventory_3000
Cimetidine 100mg,cimetidine-100mg-syrup,,Cimetidine,,,syrup,100mg,,,POM,,,draft,0,,,true,100,20,B12853,2028-12-30,Bulk import: inventory_3000
Metoclopramide 100mg,metoclopramide-100mg-syrup,,Metoclopramide,,,syrup,100mg,,,POM,,,draft,0,,,true,100,20,B12854,2028-12-30,Bulk import: inventory_3000
Zinc Sulfate 100mg,zinc-sulfate-100mg-syrup,,Zinc Sulfate,,,syrup,100mg,,,POM,,,draft,0,,,true,100,20,B12855,2028-12-30,Bulk import: inventory_3000
Bisacodyl 100mg,bisacodyl-100mg-syrup,,Bisacodyl,,,syrup,100mg,,,POM,,,draft,0,,,true,100,20,B12856,2028-12-30,Bulk import: inventory_3000
Metformin 100mg,metformin-100mg-syrup,,Metformin,,,syrup,100mg,,,POM,,,draft,0,,,true,200,20,B12857,2028-12-30,Bulk import: inventory_3000
Glibenclamide 100mg,glibenclamide-100mg-syrup,,Glibenclamide,,,syrup,100mg,,,POM,,,draft,0,,,true,100,20,B12859,2028-12-30,Bulk import: inventory_3000
Glimepiride 100mg,glimepiride-100mg-syrup,,Glimepiride,,,syrup,100mg,,,POM,,,draft,0,,,true,100,20,B12860,2028-12-30,Bulk import: inventory_3000
Levothyroxine 100mg,levothyroxine-100mg-syrup,,Levothyroxine,,,syrup,100mg,,,POM,,,draft,0,,,true,100,20,B12861,2028-12-30,Bulk import: inventory_3000
Carbimazole 100mg,carbimazole-100mg-syrup,,Carbimazole,,,syrup,100mg,,,POM,,,draft,0,,,true,100,20,B12862,2028-12-30,Bulk import: inventory_3000
Folic Acid 100mg,folic-acid-100mg-syrup,,Folic Acid,,,syrup,100mg,,,POM,,,draft,0,,,true,100,20,B12863,2028-12-30,Bulk import: inventory_3000
Oxytocin 100mg,oxytocin-100mg-syrup,,Oxytocin,,,syrup,100mg,,,POM,,,draft,0,,,true,100,20,B12864,2028-12-30,Bulk import: inventory_3000
Misoprostol 100mg,misoprostol-100mg-syrup,,Misoprostol,,,syrup,100mg,,,POM,,,draft,0,,,true,100,20,B12865,2028-12-30,Bulk import: inventory_3000
Magnesium Sulfate 100mg,magnesium-sulfate-100mg-syrup,,Magnesium Sulfate,,,syrup,100mg,,,POM,,,draft,0,,,true,100,20,B12866,2028-12-30,Bulk import: inventory_3000
Amitriptyline 100mg,amitriptyline-100mg-syrup,,Amitriptyline,,,syrup,100mg,,,POM,,,draft,0,,,true,100,20,B12867,2028-12-30,Bulk import: inventory_3000
Fluoxetine 100mg,fluoxetine-100mg-syrup,,Fluoxetine,,,syrup,100mg,,,POM,,,draft,0,,,true,100,20,B12868,2028-12-30,Bulk import: inventory_3000
Haloperidol 100mg,haloperidol-100mg-syrup,,Haloperidol,,,syrup,100mg,,,POM,,,draft,0,,,true,100,20,B12869,2028-12-30,Bulk import: inventory_3000
Chlorpromazine 100mg,chlorpromazine-100mg-syrup,,Chlorpromazine,,,syrup,100mg,,,POM,,,draft,0,,,true,100,20,B12870,2028-12-30,Bulk import: inventory_3000
Halothane 250mg,halothane-250mg-syrup,,Halothane,,,syrup,250mg,,,POM,,,draft,0,,,true,100,20,B12871,2028-12-30,Bulk import: inventory_3000
Ketamine 250mg,ketamine-250mg-syrup,,Ketamine,,,syrup,250mg,,,POM,,,draft,0,,,true,100,20,B12872,2028-12-30,Bulk import: inventory_3000
Nitrous oxide 250mg,nitrous-oxide-250mg-syrup,,Nitrous oxide,,,syrup,250mg,,,POM,,,draft,0,,,true,100,20,B12873,2028-12-30,Bulk import: inventory_3000
Oxygen 250mg,oxygen-250mg-syrup,,Oxygen,,,syrup,250mg,,,POM,,,draft,0,,,true,100,20,B12874,2028-12-30,Bulk import: inventory_3000
Atropine 250mg,atropine-250mg-syrup,,Atropine,,,syrup,250mg,,,POM,,,draft,0,,,true,100,20,B12875,2028-12-30,Bulk import: inventory_3000
Diazepam 250mg,diazepam-250mg-syrup,,Diazepam,,,syrup,250mg,,,POM,,,draft,0,,,true,100,20,B12876,2028-12-30,Bulk import: inventory_3000
Hyoscine N-Butylbromide 250mg,hyoscine-n-butylbromide-250mg-syrup,,Hyoscine N-Butylbromide,,,syrup,250mg,,,POM,,,draft,0,,,true,100,20,B12877,2028-12-30,Bulk import: inventory_3000
Midazolam 250mg,midazolam-250mg-syrup,,Midazolam,,,syrup,250mg,,,POM,,,draft,0,,,true,100,20,B12878,2028-12-30,Bulk import: inventory_3000
Morphine 250mg,morphine-250mg-syrup,,Morphine,,,syrup,250mg,,,POM,,,draft,0,,,true,100,20,B12879,2028-12-30,Bulk import: inventory_3000
Promethazine 250mg,promethazine-250mg-syrup,,Promethazine,,,syrup,250mg,,,POM,,,draft,0,,,true,200,20,B12880,2028-12-30,Bulk import: inventory_3000
Atracurium 250mg,atracurium-250mg-syrup,,Atracurium,,,syrup,250mg,,,POM,,,draft,0,,,true,100,20,B12882,2028-12-30,Bulk import: inventory_3000
Neostigmine 250mg,neostigmine-250mg-syrup,,Neostigmine,,,syrup,250mg,,,POM,,,draft,0,,,true,100,20,B12883,2028-12-30,Bulk import: inventory_3000
Suxamethonium 250mg,suxamethonium-250mg-syrup,,Suxamethonium,,,syrup,250mg,,,POM,,,draft,0,,,true,100,20,B12884,2028-12-30,Bulk import: inventory_3000
Propofol 250mg,propofol-250mg-syrup,,Propofol,,,syrup,250mg,,,POM,,,draft,0,,,true,100,20,B12885,2028-12-30,Bulk import: inventory_3000
Lidocaine 250mg,lidocaine-250mg-syrup,,Lidocaine,,,syrup,250mg,,,POM,,,draft,0,,,true,100,20,B12886,2028-12-30,Bulk import: inventory_3000
Bupivacaine 250mg,bupivacaine-250mg-syrup,,Bupivacaine,,,syrup,250mg,,,POM,,,draft,0,,,true,100,20,B12887,2028-12-30,Bulk import: inventory_3000
Pentazocine 250mg,pentazocine-250mg-syrup,,Pentazocine,,,syrup,250mg,,,POM,,,draft,0,,,true,100,20,B12888,2028-12-30,Bulk import: inventory_3000
Pethidine 250mg,pethidine-250mg-syrup,,Pethidine,,,syrup,250mg,,,POM,,,draft,0,,,true,100,20,B12889,2028-12-30,Bulk import: inventory_3000
Tramadol 250mg,tramadol-250mg-syrup,,Tramadol,,,syrup,250mg,,,POM,,,draft,0,,,true,100,20,B12890,2028-12-30,Bulk import: inventory_3000
Acetylsalicylic Acid 250mg,acetylsalicylic-acid-250mg-syrup,,Acetylsalicylic Acid,,,syrup,250mg,,,POM,,,draft,0,,,true,100,20,B12891,2028-12-30,Bulk import: inventory_3000
Paracetamol 250mg,paracetamol-250mg-syrup,,Paracetamol,,,syrup,250mg,,,POM,,,draft,0,,,true,300,20,B12892,2028-12-30,Bulk import: inventory_3000
Allopurinol 250mg,allopurinol-250mg-syrup,,Allopurinol,,,syrup,250mg,,,POM,,,draft,0,,,true,100,20,B12895,2028-12-30,Bulk import: inventory_3000
Diclofenac Sodium 250mg,diclofenac-sodium-250mg-syrup,,Diclofenac Sodium,,,syrup,250mg,,,POM,,,draft,0,,,true,200,20,B12896,2028-12-30,Bulk import: inventory_3000
Ibuprofen 250mg,ibuprofen-250mg-syrup,,Ibuprofen,,,syrup,250mg,,,POM,,,draft,0,,,true,200,20,B12898,2028-12-30,Bulk import: inventory_3000
Naproxen 250mg,naproxen-250mg-syrup,,Naproxen,,,syrup,250mg,,,POM,,,draft,0,,,true,100,20,B12900,2028-12-30,Bulk import: inventory_3000
Piroxicam 250mg,piroxicam-250mg-syrup,,Piroxicam,,,syrup,250mg,,,POM,,,draft,0,,,true,100,20,B12901,2028-12-30,Bulk import: inventory_3000
Meloxicam 250mg,meloxicam-250mg-syrup,,Meloxicam,,,syrup,250mg,,,POM,,,draft,0,,,true,100,20,B12902,2028-12-30,Bulk import: inventory_3000
Naloxone 250mg,naloxone-250mg-syrup,,Naloxone,,,syrup,250mg,,,POM,,,draft,0,,,true,100,20,B12903,2028-12-30,Bulk import: inventory_3000
Chlorpheniramine 250mg,chlorpheniramine-250mg-syrup,,Chlorpheniramine,,,syrup,250mg,,,POM,,,draft,0,,,true,100,20,B12904,2028-12-30,Bulk import: inventory_3000
Hydrocortisone 250mg,hydrocortisone-250mg-syrup,,Hydrocortisone,,,syrup,250mg,,,POM,,,draft,0,,,true,100,20,B12905,2028-12-30,Bulk import: inventory_3000
Prednisolone 250mg,prednisolone-250mg-syrup,,Prednisolone,,,syrup,250mg,,,POM,,,draft,0,,,true,100,20,B12906,2028-12-30,Bulk import: inventory_3000
Phenobarbital 250mg,phenobarbital-250mg-syrup,,Phenobarbital,,,syrup,250mg,,,POM,,,draft,0,,,true,100,20,B12907,2028-12-30,Bulk import: inventory_3000
Phenytoin 250mg,phenytoin-250mg-syrup,,Phenytoin,,,syrup,250mg,,,POM,,,draft,0,,,true,100,20,B12908,2028-12-30,Bulk import: inventory_3000
Sodium Valproate 250mg,sodium-valproate-250mg-syrup,,Sodium Valproate,,,syrup,250mg,,,POM,,,draft,0,,,true,100,20,B12909,2028-12-30,Bulk import: inventory_3000
Carbamazepine 250mg,carbamazepine-250mg-syrup,,Carbamazepine,,,syrup,250mg,,,POM,,,draft,0,,,true,100,20,B12910,2028-12-30,Bulk import: inventory_3000
Amoxicillin 250mg,amoxicillin-250mg-syrup,,Amoxicillin,,,syrup,250mg,,,POM,,,draft,0,,,true,200,20,B12911,2028-12-30,Bulk import: inventory_3000
Ampicillin 250mg,ampicillin-250mg-syrup,,Ampicillin,,,syrup,250mg,,,POM,,,draft,0,,,true,100,20,B12913,2028-12-30,Bulk import: inventory_3000
Cloxacillin 250mg,cloxacillin-250mg-syrup,,Cloxacillin,,,syrup,250mg,,,POM,,,draft,0,,,true,100,20,B12914,2028-12-30,Bulk import: inventory_3000
Ceftriaxone 250mg,ceftriaxone-250mg-syrup,,Ceftriaxone,,,syrup,250mg,,,POM,,,draft,0,,,true,100,20,B12915,2028-12-30,Bulk import: inventory_3000
Cefuroxime 250mg,cefuroxime-250mg-syrup,,Cefuroxime,,,syrup,250mg,,,POM,,,draft,0,,,true,100,20,B12916,2028-12-30,Bulk import: inventory_3000
Azithromycin 250mg,azithromycin-250mg-syrup,,Azithromycin,,,syrup,250mg,,,POM,,,draft,0,,,true,100,20,B12917,2028-12-30,Bulk import: inventory_3000
Erythromycin 250mg,erythromycin-250mg-syrup,,Erythromycin,,,syrup,250mg,,,POM,,,draft,0,,,true,100,20,B12918,2028-12-30,Bulk import: inventory_3000
Ciprofloxacin 250mg,ciprofloxacin-250mg-syrup,,Ciprofloxacin,,,syrup,250mg,,,POM,,,draft,0,,,true,100,20,B12919,2028-12-30,Bulk import: inventory_3000
Metronidazole 250mg,metronidazole-250mg-syrup,,Metronidazole,,,syrup,250mg,,,POM,,,draft,0,,,true,200,20,B12920,2028-12-30,Bulk import: inventory_3000
Gentamicin 250mg,gentamicin-250mg-syrup,,Gentamicin,,,syrup,250mg,,,POM,,,draft,0,,,true,100,20,B12922,2028-12-30,Bulk import: inventory_3000
Doxycycline 250mg,doxycycline-250mg-syrup,,Doxycycline,,,syrup,250mg,,,POM,,,draft,0,,,true,100,20,B12923,2028-12-30,Bulk import: inventory_3000
Cotrimoxazole 250mg,cotrimoxazole-250mg-syrup,,Cotrimoxazole,,,syrup,250mg,,,POM,,,draft,0,,,true,100,20,B12924,2028-12-30,Bulk import: inventory_3000
Artemether + Lumefantrine 250mg,artemether-lumefantrine-250mg-syrup,,Artemether + Lumefantrine,,,syrup,250mg,,,POM,,,draft,0,,,true,100,20,B12925,2028-12-30,Bulk import: inventory_3000
Artesunate 250mg,artesunate-250mg-syrup,,Artesunate,,,syrup,250mg,,,POM,,,draft,0,,,true,100,20,B12926,2028-12-30,Bulk import: inventory_3000
Amodiaquine 250mg,amodiaquine-250mg-syrup,,Amodiaquine,,,syrup,250mg,,,POM,,,draft,0,,,true,100,20,B12927,2028-12-30,Bulk import: inventory_3000
Quinine 250mg,quinine-250mg-syrup,,Quinine,,,syrup,250mg,,,POM,,,draft,0,,,true,100,20,B12928,2028-12-30,Bulk import: inventory_3000
Fluconazole 250mg,fluconazole-250mg-syrup,,Fluconazole,,,syrup,250mg,,,POM,,,draft,0,,,true,100,20,B12929,2028-12-30,Bulk import: inventory_3000
Nystatin 250mg,nystatin-250mg-syrup,,Nystatin,,,syrup,250mg,,,POM,,,draft,0,,,true,100,20,B12930,2028-12-30,Bulk import: inventory_3000
Amlodipine 250mg,amlodipine-250mg-syrup,,Amlodipine,,,syrup,250mg,,,POM,,,draft,0,,,true,200,20,B12931,2028-12-30,Bulk import: inventory_3000
Lisinopril 250mg,lisinopril-250mg-syrup,,Lisinopril,,,syrup,250mg,,,POM,,,draft,0,,,true,200,20,B12933,2028-12-30,Bulk import: inventory_3000
Atenolol 250mg,atenolol-250mg-syrup,,Atenolol,,,syrup,250mg,,,POM,,,draft,0,,,true,100,20,B12935,2028-12-30,Bulk import: inventory_3000
Propranolol 250mg,propranolol-250mg-syrup,,Propranolol,,,syrup,250mg,,,POM,,,draft,0,,,true,100,20,B12936,2028-12-30,Bulk import: inventory_3000
Methyldopa 250mg,methyldopa-250mg-syrup,,Methyldopa,,,syrup,250mg,,,POM,,,draft,0,,,true,100,20,B12937,2028-12-30,Bulk import: inventory_3000
Hydralazine 250mg,hydralazine-250mg-syrup,,Hydralazine,,,syrup,250mg,,,POM,,,draft,0,,,true,100,20,B12938,2028-12-30,Bulk import: inventory_3000
Glyceryl Trinitrate 250mg,glyceryl-trinitrate-250mg-syrup,,Glyceryl Trinitrate,,,syrup,250mg,,,POM,,,draft,0,,,true,100,20,B12939,2028-12-30,Bulk import: inventory_3000
Isosorbide Dinitrate 250mg,isosorbide-dinitrate-250mg-syrup,,Isosorbide Dinitrate,,,syrup,250mg,,,POM,,,draft,0,,,true,100,20,B12940,2028-12-30,Bulk import: inventory_3000
Digoxin 250mg,digoxin-250mg-syrup,,Digoxin,,,syrup,250mg,,,POM,,,draft,0,,,true,100,20,B12941,2028-12-30,Bulk import: inventory_3000
Furosemide 250mg,furosemide-250mg-syrup,,Furosemide,,,syrup,250mg,,,POM,,,draft,0,,,true,200,20,B12942,2028-12-30,Bulk import: inventory_3000
Hydrochlorothiazide 250mg,hydrochlorothiazide-250mg-syrup,,Hydrochlorothiazide,,,syrup,250mg,,,POM,,,draft,0,,,true,100,20,B12944,2028-12-30,Bulk import: inventory_3000
Spironolactone 250mg,spironolactone-250mg-syrup,,Spironolactone,,,syrup,250mg,,,POM,,,draft,0,,,true,100,20,B12945,2028-12-30,Bulk import: inventory_3000
Atorvastatin 250mg,atorvastatin-250mg-syrup,,Atorvastatin,,,syrup,250mg,,,POM,,,draft,0,,,true,100,20,B12946,2028-12-30,Bulk import: inventory_3000
Simvastatin 250mg,simvastatin-250mg-syrup,,Simvastatin,,,syrup,250mg,,,POM,,,draft,0,,,true,100,20,B12947,2028-12-30,Bulk import: inventory_3000
Salbutamol 250mg,salbutamol-250mg-syrup,,Salbutamol,,,syrup,250mg,,,POM,,,draft,0,,,true,200,20,B12948,2028-12-30,Bulk import: inventory_3000
Aminophylline 250mg,aminophylline-250mg-syrup,,Aminophylline,,,syrup,250mg,,,POM,,,draft,0,,,true,100,20,B12950,2028-12-30,Bulk import: inventory_3000
Omeprazole 250mg,omeprazole-250mg-syrup,,Omeprazole,,,syrup,250mg,,,POM,,,draft,0,,,true,100,20,B12951,2028-12-30,Bulk import: inventory_3000
Cimetidine 250mg,cimetidine-250mg-syrup,,Cimetidine,,,syrup,250mg,,,POM,,,draft,0,,,true,100,20,B12952,2028-12-30,Bulk import: inventory_3000
Metoclopramide 250mg,metoclopramide-250mg-syrup,,Metoclopramide,,,syrup,250mg,,,POM,,,draft,0,,,true,100,20,B12953,2028-12-30,Bulk import: inventory_3000
Zinc Sulfate 250mg,zinc-sulfate-250mg-syrup,,Zinc Sulfate,,,syrup,250mg,,,POM,,,draft,0,,,true,100,20,B12954,2028-12-30,Bulk import: inventory_3000
Bisacodyl 250mg,bisacodyl-250mg-syrup,,Bisacodyl,,,syrup,250mg,,,POM,,,draft,0,,,true,100,20,B12955,2028-12-30,Bulk import: inventory_3000
Metformin 250mg,metformin-250mg-syrup,,Metformin,,,syrup,250mg,,,POM,,,draft,0,,,true,200,20,B12956,2028-12-30,Bulk import: inventory_3000
Glibenclamide 250mg,glibenclamide-250mg-syrup,,Glibenclamide,,,syrup,250mg,,,POM,,,draft,0,,,true,100,20,B12958,2028-12-30,Bulk import: inventory_3000
Glimepiride 250mg,glimepiride-250mg-syrup,,Glimepiride,,,syrup,250mg,,,POM,,,draft,0,,,true,100,20,B12959,2028-12-30,Bulk import: inventory_3000
Levothyroxine 250mg,levothyroxine-250mg-syrup,,Levothyroxine,,,syrup,250mg,,,POM,,,draft,0,,,true,100,20,B12960,2028-12-30,Bulk import: inventory_3000
Carbimazole 250mg,carbimazole-250mg-syrup,,Carbimazole,,,syrup,250mg,,,POM,,,draft,0,,,true,100,20,B12961,2028-12-30,Bulk import: inventory_3000
Folic Acid 250mg,folic-acid-250mg-syrup,,Folic Acid,,,syrup,250mg,,,POM,,,draft,0,,,true,100,20,B12962,2028-12-30,Bulk import: inventory_3000
Oxytocin 250mg,oxytocin-250mg-syrup,,Oxytocin,,,syrup,250mg,,,POM,,,draft,0,,,true,100,20,B12963,2028-12-30,Bulk import: inventory_3000
Misoprostol 250mg,misoprostol-250mg-syrup,,Misoprostol,,,syrup,250mg,,,POM,,,draft,0,,,true,100,20,B12964,2028-12-30,Bulk import: inventory_3000
Magnesium Sulfate 250mg,magnesium-sulfate-250mg-syrup,,Magnesium Sulfate,,,syrup,250mg,,,POM,,,draft,0,,,true,100,20,B12965,2028-12-30,Bulk import: inventory_3000
Amitriptyline 250mg,amitriptyline-250mg-syrup,,Amitriptyline,,,syrup,250mg,,,POM,,,draft,0,,,true,100,20,B12966,2028-12-30,Bulk import: inventory_3000
Fluoxetine 250mg,fluoxetine-250mg-syrup,,Fluoxetine,,,syrup,250mg,,,POM,,,draft,0,,,true,100,20,B12967,2028-12-30,Bulk import: inventory_3000
Haloperidol 250mg,haloperidol-250mg-syrup,,Haloperidol,,,syrup,250mg,,,POM,,,draft,0,,,true,100,20,B12968,2028-12-30,Bulk import: inventory_3000
Chlorpromazine 250mg,chlorpromazine-250mg-syrup,,Chlorpromazine,,,syrup,250mg,,,POM,,,draft,0,,,true,100,20,B12969,2028-12-30,Bulk import: inventory_3000
Halothane 500mg,halothane-500mg-syrup,,Halothane,,,syrup,500mg,,,POM,,,draft,0,,,true,100,20,B12970,2028-12-30,Bulk import: inventory_3000
Ketamine 500mg,ketamine-500mg-syrup,,Ketamine,,,syrup,500mg,,,POM,,,draft,0,,,true,100,20,B12971,2028-12-30,Bulk import: inventory_3000
Nitrous oxide 500mg,nitrous-oxide-500mg-syrup,,Nitrous oxide,,,syrup,500mg,,,POM,,,draft,0,,,true,100,20,B12972,2028-12-30,Bulk import: inventory_3000
Oxygen 500mg,oxygen-500mg-syrup,,Oxygen,,,syrup,500mg,,,POM,,,draft,0,,,true,100,20,B12973,2028-12-30,Bulk import: inventory_3000
Atropine 500mg,atropine-500mg-syrup,,Atropine,,,syrup,500mg,,,POM,,,draft,0,,,true,100,20,B12974,2028-12-30,Bulk import: inventory_3000
Diazepam 500mg,diazepam-500mg-syrup,,Diazepam,,,syrup,500mg,,,POM,,,draft,0,,,true,100,20,B12975,2028-12-30,Bulk import: inventory_3000
Hyoscine N-Butylbromide 500mg,hyoscine-n-butylbromide-500mg-syrup,,Hyoscine N-Butylbromide,,,syrup,500mg,,,POM,,,draft,0,,,true,100,20,B12976,2028-12-30,Bulk import: inventory_3000
Midazolam 500mg,midazolam-500mg-syrup,,Midazolam,,,syrup,500mg,,,POM,,,draft,0,,,true,100,20,B12977,2028-12-30,Bulk import: inventory_3000
Morphine 500mg,morphine-500mg-syrup,,Morphine,,,syrup,500mg,,,POM,,,draft,0,,,true,100,20,B12978,2028-12-30,Bulk import: inventory_3000
Promethazine 500mg,promethazine-500mg-syrup,,Promethazine,,,syrup,500mg,,,POM,,,draft,0,,,true,200,20,B12979,2028-12-30,Bulk import: inventory_3000
Atracurium 500mg,atracurium-500mg-syrup,,Atracurium,,,syrup,500mg,,,POM,,,draft,0,,,true,100,20,B12981,2028-12-30,Bulk import: inventory_3000
Neostigmine 500mg,neostigmine-500mg-syrup,,Neostigmine,,,syrup,500mg,,,POM,,,draft,0,,,true,100,20,B12982,2028-12-30,Bulk import: inventory_3000
Suxamethonium 500mg,suxamethonium-500mg-syrup,,Suxamethonium,,,syrup,500mg,,,POM,,,draft,0,,,true,100,20,B12983,2028-12-30,Bulk import: inventory_3000
Propofol 500mg,propofol-500mg-syrup,,Propofol,,,syrup,500mg,,,POM,,,draft,0,,,true,100,20,B12984,2028-12-30,Bulk import: inventory_3000
Lidocaine 500mg,lidocaine-500mg-syrup,,Lidocaine,,,syrup,500mg,,,POM,,,draft,0,,,true,100,20,B12985,2028-12-30,Bulk import: inventory_3000
Bupivacaine 500mg,bupivacaine-500mg-syrup,,Bupivacaine,,,syrup,500mg,,,POM,,,draft,0,,,true,100,20,B12986,2028-12-30,Bulk import: inventory_3000
Pentazocine 500mg,pentazocine-500mg-syrup,,Pentazocine,,,syrup,500mg,,,POM,,,draft,0,,,true,100,20,B12987,2028-12-30,Bulk import: inventory_3000
Pethidine 500mg,pethidine-500mg-syrup,,Pethidine,,,syrup,500mg,,,POM,,,draft,0,,,true,100,20,B12988,2028-12-30,Bulk import: inventory_3000
Tramadol 500mg,tramadol-500mg-syrup,,Tramadol,,,syrup,500mg,,,POM,,,draft,0,,,true,100,20,B12989,2028-12-30,Bulk import: inventory_3000
Acetylsalicylic Acid 500mg,acetylsalicylic-acid-500mg-syrup,,Acetylsalicylic Acid,,,syrup,500mg,,,POM,,,draft,0,,,true,100,20,B12990,2028-12-30,Bulk import: inventory_3000
Paracetamol 500mg,paracetamol-500mg-syrup,,Paracetamol,,,syrup,500mg,,,POM,,,draft,0,,,true,300,20,B12991,2028-12-30,Bulk import: inventory_3000
Allopurinol 500mg,allopurinol-500mg-syrup,,Allopurinol,,,syrup,500mg,,,POM,,,draft,0,,,true,100,20,B12994,2028-12-30,Bulk import: inventory_3000
Diclofenac Sodium 500mg,diclofenac-sodium-500mg-syrup,,Diclofenac Sodium,,,syrup,500mg,,,POM,,,draft,0,,,true,200,20,B12995,2028-12-30,Bulk import: inventory_3000
Ibuprofen 500mg,ibuprofen-500mg-syrup,,Ibuprofen,,,syrup,500mg,,,POM,,,draft,0,,,true,200,20,B12997,2028-12-30,Bulk import: inventory_3000
Naproxen 500mg,naproxen-500mg-syrup,,Naproxen,,,syrup,500mg,,,POM,,,draft,0,,,true,100,20,B12999,2028-12-30,Bulk import: inventory_3000
